2026-07-16 22:00:19 [com.xxl.job.core.thread.JobThread#run]-[130]-[Thread-93] <br>----------- xxl-job job execute start -----------<br>----------- Param:
2026-07-16 22:00:51 [com.xxl.job.core.thread.JobThread#run]-[201]-[Thread-93] <br>----------- JobThread Exception:java.lang.reflect.InvocationTargetException
	at sun.reflect.NativeMethodAccessorImpl.invoke0(Native Method)
	at sun.reflect.NativeMethodAccessorImpl.invoke(NativeMethodAccessorImpl.java:62)
	at sun.reflect.DelegatingMethodAccessorImpl.invoke(DelegatingMethodAccessorImpl.java:43)
	at java.lang.reflect.Method.invoke(Method.java:498)
	at com.xxl.job.core.handler.impl.MethodJobHandler.execute(MethodJobHandler.java:31)
	at com.xxl.job.core.thread.JobThread.run(JobThread.java:163)
Caused by: java.lang.RuntimeException: org.springframework.jdbc.BadSqlGrammarException: 
### Error querying database.  Cause: java.sql.SQLSyntaxErrorException: Unknown column 'update_time' in 'field list'
### The error may exist in com/example/scproduct/mapper/ProductMapper.java (best guess)
### The error may involve defaultParameterMap
### The error occurred while setting parameters
### SQL: SELECT  p_id,p_name,price,stock,production_date,shelf_life,origin,is_expired,manufacturer,pro_desc,update_time,like_count  FROM t_product           ORDER BY p_id DESC LIMIT 100
### Cause: java.sql.SQLSyntaxErrorException: Unknown column 'update_time' in 'field list'
; bad SQL grammar []; nested exception is java.sql.SQLSyntaxErrorException: Unknown column 'update_time' in 'field list'
	at com.example.scproduct.job.HandleProDescJob.execute(HandleProDescJob.java:119)
	... 6 more
Caused by: org.springframework.jdbc.BadSqlGrammarException: 
### Error querying database.  Cause: java.sql.SQLSyntaxErrorException: Unknown column 'update_time' in 'field list'
### The error may exist in com/example/scproduct/mapper/ProductMapper.java (best guess)
### The error may involve defaultParameterMap
### The error occurred while setting parameters
### SQL: SELECT  p_id,p_name,price,stock,production_date,shelf_life,origin,is_expired,manufacturer,pro_desc,update_time,like_count  FROM t_product           ORDER BY p_id DESC LIMIT 100
### Cause: java.sql.SQLSyntaxErrorException: Unknown column 'update_time' in 'field list'
; bad SQL grammar []; nested exception is java.sql.SQLSyntaxErrorException: Unknown column 'update_time' in 'field list'
	at org.springframework.jdbc.support.SQLErrorCodeSQLExceptionTranslator.doTranslate(SQLErrorCodeSQLExceptionTranslator.java:239)
	at org.springframework.jdbc.support.AbstractFallbackSQLExceptionTranslator.translate(AbstractFallbackSQLExceptionTranslator.java:70)
	at org.mybatis.spring.MyBatisExceptionTranslator.translateExceptionIfPossible(MyBatisExceptionTranslator.java:91)
	at org.mybatis.spring.SqlSessionTemplate$SqlSessionInterceptor.invoke(SqlSessionTemplate.java:441)
	at com.sun.proxy.$Proxy118.selectList(Unknown Source)
	at org.mybatis.spring.SqlSessionTemplate.selectList(SqlSessionTemplate.java:224)
	at com.baomidou.mybatisplus.core.override.MybatisMapperMethod.executeForMany(MybatisMapperMethod.java:166)
	at com.baomidou.mybatisplus.core.override.MybatisMapperMethod.execute(MybatisMapperMethod.java:77)
	at com.baomidou.mybatisplus.core.override.MybatisMapperProxy$PlainMethodInvoker.invoke(MybatisMapperProxy.java:148)
	at com.baomidou.mybatisplus.core.override.MybatisMapperProxy.invoke(MybatisMapperProxy.java:89)
	at com.sun.proxy.$Proxy124.selectList(Unknown Source)
	at com.example.scproduct.job.HandleProDescJob.execute(HandleProDescJob.java:75)
	... 6 more
Caused by: java.sql.SQLSyntaxErrorException: Unknown column 'update_time' in 'field list'
	at com.mysql.cj.jdbc.exceptions.SQLError.createSQLException(SQLError.java:120)
	at com.mysql.cj.jdbc.exceptions.SQLExceptionsMapping.translateException(SQLExceptionsMapping.java:122)
	at com.mysql.cj.jdbc.ClientPreparedStatement.executeInternal(ClientPreparedStatement.java:953)
	at com.mysql.cj.jdbc.ClientPreparedStatement.execute(ClientPreparedStatement.java:371)
	at com.zaxxer.hikari.pool.ProxyPreparedStatement.execute(ProxyPreparedStatement.java:44)
	at com.zaxxer.hikari.pool.HikariProxyPreparedStatement.execute(HikariProxyPreparedStatement.java)
	at io.seata.rm.datasource.PreparedStatementProxy.lambda$execute$0(PreparedStatementProxy.java:55)
	at io.seata.rm.datasource.exec.ExecuteTemplate.execute(ExecuteTemplate.java:73)
	at io.seata.rm.datasource.exec.ExecuteTemplate.execute(ExecuteTemplate.java:51)
	at io.seata.rm.datasource.PreparedStatementProxy.execute(PreparedStatementProxy.java:55)
	at org.apache.ibatis.executor.statement.PreparedStatementHandler.query(PreparedStatementHandler.java:64)
	at org.apache.ibatis.executor.statement.RoutingStatementHandler.query(RoutingStatementHandler.java:79)
	at sun.reflect.NativeMethodAccessorImpl.invoke0(Native Method)
	at sun.reflect.NativeMethodAccessorImpl.invoke(NativeMethodAccessorImpl.java:62)
	at sun.reflect.DelegatingMethodAccessorImpl.invoke(DelegatingMethodAccessorImpl.java:43)
	at java.lang.reflect.Method.invoke(Method.java:498)
	at org.apache.ibatis.plugin.Plugin.invoke(Plugin.java:64)
	at com.sun.proxy.$Proxy184.query(Unknown Source)
	at org.apache.ibatis.executor.SimpleExecutor.doQuery(SimpleExecutor.java:63)
	at org.apache.ibatis.executor.BaseExecutor.queryFromDatabase(BaseExecutor.java:325)
	at org.apache.ibatis.executor.BaseExecutor.query(BaseExecutor.java:156)
	at org.apache.ibatis.executor.CachingExecutor.query(CachingExecutor.java:109)
	at com.baomidou.mybatisplus.extension.plugins.MybatisPlusInterceptor.intercept(MybatisPlusInterceptor.java:81)
	at org.apache.ibatis.plugin.Plugin.invoke(Plugin.java:62)
	at com.sun.proxy.$Proxy183.query(Unknown Source)
	at org.apache.ibatis.session.defaults.DefaultSqlSession.selectList(DefaultSqlSession.java:151)
	at org.apache.ibatis.session.defaults.DefaultSqlSession.selectList(DefaultSqlSession.java:145)
	at org.apache.ibatis.session.defaults.DefaultSqlSession.selectList(DefaultSqlSession.java:140)
	at sun.reflect.NativeMethodAccessorImpl.invoke0(Native Method)
	at sun.reflect.NativeMethodAccessorImpl.invoke(NativeMethodAccessorImpl.java:62)
	at sun.reflect.DelegatingMethodAccessorImpl.invoke(DelegatingMethodAccessorImpl.java:43)
	at java.lang.reflect.Method.invoke(Method.java:498)
	at org.mybatis.spring.SqlSessionTemplate$SqlSessionInterceptor.invoke(SqlSessionTemplate.java:427)
	... 14 more
<br>----------- xxl-job job execute end(error) -----------
2026-07-16 22:00:51 [com.xxl.job.core.thread.TriggerCallbackThread#callbackLog]-[197]-[xxl-job, executor TriggerCallbackThread] <br>----------- xxl-job job callback fail, callbackResult:ReturnT [code=500, msg=xxl-rpc remoting fail, StatusCode(404) invalid. for url : http://localhost:8080/xxl-job-admin/api/callback, content=null]
2026-07-16 22:01:21 [com.xxl.job.core.thread.TriggerCallbackThread#callbackLog]-[197]-[Thread-76] <br>----------- xxl-job job callback fail, callbackResult:ReturnT [code=500, msg=xxl-rpc remoting fail, StatusCode(404) invalid. for url : http://localhost:8080/xxl-job-admin/api/callback, content=null]
2026-07-16 22:01:51 [com.xxl.job.core.thread.TriggerCallbackThread#callbackLog]-[197]-[Thread-76] <br>----------- xxl-job job callback fail, callbackResult:ReturnT [code=500, msg=xxl-rpc remoting fail, StatusCode(404) invalid. for url : http://localhost:8080/xxl-job-admin/api/callback, content=null]
2026-07-16 22:02:21 [com.xxl.job.core.thread.TriggerCallbackThread#callbackLog]-[197]-[Thread-76] <br>----------- xxl-job job callback fail, callbackResult:ReturnT [code=500, msg=xxl-rpc remoting fail, StatusCode(404) invalid. for url : http://localhost:8080/xxl-job-admin/api/callback, content=null]
2026-07-16 22:02:51 [com.xxl.job.core.thread.TriggerCallbackThread#callbackLog]-[197]-[Thread-76] <br>----------- xxl-job job callback fail, callbackResult:ReturnT [code=500, msg=xxl-rpc remoting fail, StatusCode(404) invalid. for url : http://localhost:8080/xxl-job-admin/api/callback, content=null]
2026-07-16 22:03:21 [com.xxl.job.core.thread.TriggerCallbackThread#callbackLog]-[197]-[Thread-76] <br>----------- xxl-job job callback fail, callbackResult:ReturnT [code=500, msg=xxl-rpc remoting fail, StatusCode(404) invalid. for url : http://localhost:8080/xxl-job-admin/api/callback, content=null]
2026-07-16 22:03:51 [com.xxl.job.core.thread.TriggerCallbackThread#callbackLog]-[197]-[Thread-76] <br>----------- xxl-job job callback fail, callbackResult:ReturnT [code=500, msg=xxl-rpc remoting fail, StatusCode(404) invalid. for url : http://localhost:8080/xxl-job-admin/api/callback, content=null]
2026-07-16 22:04:21 [com.xxl.job.core.thread.TriggerCallbackThread#callbackLog]-[197]-[Thread-76] <br>----------- xxl-job job callback fail, callbackResult:ReturnT [code=500, msg=xxl-rpc remoting fail, StatusCode(404) invalid. for url : http://localhost:8080/xxl-job-admin/api/callback, content=null]
2026-07-16 22:04:51 [com.xxl.job.core.thread.TriggerCallbackThread#callbackLog]-[197]-[Thread-76] <br>----------- xxl-job job callback fail, callbackResult:ReturnT [code=500, msg=xxl-rpc remoting fail, StatusCode(404) invalid. for url : http://localhost:8080/xxl-job-admin/api/callback, content=null]
2026-07-16 22:05:21 [com.xxl.job.core.thread.TriggerCallbackThread#callbackLog]-[197]-[Thread-76] <br>----------- xxl-job job callback fail, callbackResult:ReturnT [code=500, msg=xxl-rpc remoting fail, StatusCode(404) invalid. for url : http://localhost:8080/xxl-job-admin/api/callback, content=null]
2026-07-16 22:05:51 [com.xxl.job.core.thread.TriggerCallbackThread#callbackLog]-[197]-[Thread-76] <br>----------- xxl-job job callback fail, callbackResult:ReturnT [code=500, msg=xxl-rpc remoting fail, StatusCode(404) invalid. for url : http://localhost:8080/xxl-job-admin/api/callback, content=null]
2026-07-16 22:06:21 [com.xxl.job.core.thread.TriggerCallbackThread#callbackLog]-[197]-[Thread-76] <br>----------- xxl-job job callback fail, callbackResult:ReturnT [code=500, msg=xxl-rpc remoting fail, StatusCode(404) invalid. for url : http://localhost:8080/xxl-job-admin/api/callback, content=null]
2026-07-16 22:06:51 [com.xxl.job.core.thread.TriggerCallbackThread#callbackLog]-[197]-[Thread-76] <br>----------- xxl-job job callback fail, callbackResult:ReturnT [code=500, msg=xxl-rpc remoting fail, StatusCode(404) invalid. for url : http://localhost:8080/xxl-job-admin/api/callback, content=null]
2026-07-16 22:07:21 [com.xxl.job.core.thread.TriggerCallbackThread#callbackLog]-[197]-[Thread-76] <br>----------- xxl-job job callback fail, callbackResult:ReturnT [code=500, msg=xxl-rpc remoting fail, StatusCode(404) invalid. for url : http://localhost:8080/xxl-job-admin/api/callback, content=null]
2026-07-16 22:07:51 [com.xxl.job.core.thread.TriggerCallbackThread#callbackLog]-[197]-[Thread-76] <br>----------- xxl-job job callback fail, callbackResult:ReturnT [code=500, msg=xxl-rpc remoting fail, StatusCode(404) invalid. for url : http://localhost:8080/xxl-job-admin/api/callback, content=null]
2026-07-16 22:08:21 [com.xxl.job.core.thread.TriggerCallbackThread#callbackLog]-[197]-[Thread-76] <br>----------- xxl-job job callback fail, callbackResult:ReturnT [code=500, msg=xxl-rpc remoting fail, StatusCode(404) invalid. for url : http://localhost:8080/xxl-job-admin/api/callback, content=null]
2026-07-16 22:08:52 [com.xxl.job.core.thread.TriggerCallbackThread#callbackLog]-[197]-[Thread-76] <br>----------- xxl-job job callback fail, callbackResult:ReturnT [code=500, msg=xxl-rpc remoting fail, StatusCode(404) invalid. for url : http://localhost:8080/xxl-job-admin/api/callback, content=null]
2026-07-16 22:09:22 [com.xxl.job.core.thread.TriggerCallbackThread#callbackLog]-[197]-[Thread-76] <br>----------- xxl-job job callback fail, callbackResult:ReturnT [code=500, msg=xxl-rpc remoting fail, StatusCode(404) invalid. for url : http://localhost:8080/xxl-job-admin/api/callback, content=null]
2026-07-16 22:09:52 [com.xxl.job.core.thread.TriggerCallbackThread#callbackLog]-[197]-[Thread-76] <br>----------- xxl-job job callback fail, callbackResult:ReturnT [code=500, msg=xxl-rpc remoting fail, StatusCode(404) invalid. for url : http://localhost:8080/xxl-job-admin/api/callback, content=null]
2026-07-16 22:10:22 [com.xxl.job.core.thread.TriggerCallbackThread#callbackLog]-[197]-[Thread-76] <br>----------- xxl-job job callback fail, callbackResult:ReturnT [code=500, msg=xxl-rpc remoting fail, StatusCode(404) invalid. for url : http://localhost:8080/xxl-job-admin/api/callback, content=null]
2026-07-16 22:10:52 [com.xxl.job.core.thread.TriggerCallbackThread#callbackLog]-[197]-[Thread-76] <br>----------- xxl-job job callback fail, callbackResult:ReturnT [code=500, msg=xxl-rpc remoting fail, StatusCode(404) invalid. for url : http://localhost:8080/xxl-job-admin/api/callback, content=null]
2026-07-16 22:11:22 [com.xxl.job.core.thread.TriggerCallbackThread#callbackLog]-[197]-[Thread-76] <br>----------- xxl-job job callback fail, callbackResult:ReturnT [code=500, msg=xxl-rpc remoting fail, StatusCode(404) invalid. for url : http://localhost:8080/xxl-job-admin/api/callback, content=null]
2026-07-16 22:11:52 [com.xxl.job.core.thread.TriggerCallbackThread#callbackLog]-[197]-[Thread-76] <br>----------- xxl-job job callback fail, callbackResult:ReturnT [code=500, msg=xxl-rpc remoting fail, StatusCode(404) invalid. for url : http://localhost:8080/xxl-job-admin/api/callback, content=null]
2026-07-16 22:12:22 [com.xxl.job.core.thread.TriggerCallbackThread#callbackLog]-[197]-[Thread-76] <br>----------- xxl-job job callback fail, callbackResult:ReturnT [code=500, msg=xxl-rpc remoting fail, StatusCode(404) invalid. for url : http://localhost:8080/xxl-job-admin/api/callback, content=null]
2026-07-16 22:12:52 [com.xxl.job.core.thread.TriggerCallbackThread#callbackLog]-[197]-[Thread-76] <br>----------- xxl-job job callback fail, callbackResult:ReturnT [code=500, msg=xxl-rpc remoting fail, StatusCode(404) invalid. for url : http://localhost:8080/xxl-job-admin/api/callback, content=null]
2026-07-16 22:13:22 [com.xxl.job.core.thread.TriggerCallbackThread#callbackLog]-[197]-[Thread-76] <br>----------- xxl-job job callback fail, callbackResult:ReturnT [code=500, msg=xxl-rpc remoting fail, StatusCode(404) invalid. for url : http://localhost:8080/xxl-job-admin/api/callback, content=null]
2026-07-16 22:13:52 [com.xxl.job.core.thread.TriggerCallbackThread#callbackLog]-[197]-[Thread-76] <br>----------- xxl-job job callback fail, callbackResult:ReturnT [code=500, msg=xxl-rpc remoting fail, StatusCode(404) invalid. for url : http://localhost:8080/xxl-job-admin/api/callback, content=null]
2026-07-16 22:14:40 [com.xxl.job.core.thread.TriggerCallbackThread#callbackLog]-[197]-[Thread-75] <br>----------- xxl-job job callback fail, callbackResult:ReturnT [code=500, msg=xxl-rpc remoting fail, StatusCode(404) invalid. for url : http://localhost:8080/xxl-job-admin/api/callback, content=null]
2026-07-16 22:15:10 [com.xxl.job.core.thread.TriggerCallbackThread#callbackLog]-[197]-[Thread-75] <br>----------- xxl-job job callback fail, callbackResult:ReturnT [code=500, msg=xxl-rpc remoting fail, StatusCode(404) invalid. for url : http://localhost:8080/xxl-job-admin/api/callback, content=null]
2026-07-16 22:15:40 [com.xxl.job.core.thread.TriggerCallbackThread#callbackLog]-[197]-[Thread-75] <br>----------- xxl-job job callback fail, callbackResult:ReturnT [code=500, msg=xxl-rpc remoting fail, StatusCode(404) invalid. for url : http://localhost:8080/xxl-job-admin/api/callback, content=null]
2026-07-16 22:16:10 [com.xxl.job.core.thread.TriggerCallbackThread#callbackLog]-[197]-[Thread-75] <br>----------- xxl-job job callback fail, callbackResult:ReturnT [code=500, msg=xxl-rpc remoting fail, StatusCode(404) invalid. for url : http://localhost:8080/xxl-job-admin/api/callback, content=null]
2026-07-16 22:16:40 [com.xxl.job.core.thread.TriggerCallbackThread#callbackLog]-[197]-[Thread-75] <br>----------- xxl-job job callback fail, callbackResult:ReturnT [code=500, msg=xxl-rpc remoting fail, StatusCode(404) invalid. for url : http://localhost:8080/xxl-job-admin/api/callback, content=null]
2026-07-16 22:17:10 [com.xxl.job.core.thread.TriggerCallbackThread#callbackLog]-[197]-[Thread-75] <br>----------- xxl-job job callback fail, callbackResult:ReturnT [code=500, msg=xxl-rpc remoting fail, StatusCode(404) invalid. for url : http://localhost:8080/xxl-job-admin/api/callback, content=null]
2026-07-16 22:17:40 [com.xxl.job.core.thread.TriggerCallbackThread#callbackLog]-[197]-[Thread-75] <br>----------- xxl-job job callback fail, callbackResult:ReturnT [code=500, msg=xxl-rpc remoting fail, StatusCode(404) invalid. for url : http://localhost:8080/xxl-job-admin/api/callback, content=null]
2026-07-16 22:18:10 [com.xxl.job.core.thread.TriggerCallbackThread#callbackLog]-[197]-[Thread-75] <br>----------- xxl-job job callback fail, callbackResult:ReturnT [code=500, msg=xxl-rpc remoting fail, StatusCode(404) invalid. for url : http://localhost:8080/xxl-job-admin/api/callback, content=null]
2026-07-16 22:18:40 [com.xxl.job.core.thread.TriggerCallbackThread#callbackLog]-[197]-[Thread-75] <br>----------- xxl-job job callback fail, callbackResult:ReturnT [code=500, msg=xxl-rpc remoting fail, StatusCode(404) invalid. for url : http://localhost:8080/xxl-job-admin/api/callback, content=null]
2026-07-16 22:19:10 [com.xxl.job.core.thread.TriggerCallbackThread#callbackLog]-[197]-[Thread-75] <br>----------- xxl-job job callback fail, callbackResult:ReturnT [code=500, msg=xxl-rpc remoting fail, StatusCode(404) invalid. for url : http://localhost:8080/xxl-job-admin/api/callback, content=null]
2026-07-16 22:19:40 [com.xxl.job.core.thread.TriggerCallbackThread#callbackLog]-[197]-[Thread-75] <br>----------- xxl-job job callback fail, callbackResult:ReturnT [code=500, msg=xxl-rpc remoting fail, StatusCode(404) invalid. for url : http://localhost:8080/xxl-job-admin/api/callback, content=null]
2026-07-16 22:20:10 [com.xxl.job.core.thread.TriggerCallbackThread#callbackLog]-[197]-[Thread-75] <br>----------- xxl-job job callback fail, callbackResult:ReturnT [code=500, msg=xxl-rpc remoting fail, StatusCode(404) invalid. for url : http://localhost:8080/xxl-job-admin/api/callback, content=null]
2026-07-16 22:20:40 [com.xxl.job.core.thread.TriggerCallbackThread#callbackLog]-[197]-[Thread-75] <br>----------- xxl-job job callback fail, callbackResult:ReturnT [code=500, msg=xxl-rpc remoting fail, StatusCode(404) invalid. for url : http://localhost:8080/xxl-job-admin/api/callback, content=null]
2026-07-16 22:21:10 [com.xxl.job.core.thread.TriggerCallbackThread#callbackLog]-[197]-[Thread-75] <br>----------- xxl-job job callback fail, callbackResult:ReturnT [code=500, msg=xxl-rpc remoting fail, StatusCode(404) invalid. for url : http://localhost:8080/xxl-job-admin/api/callback, content=null]
2026-07-16 22:21:40 [com.xxl.job.core.thread.TriggerCallbackThread#callbackLog]-[197]-[Thread-75] <br>----------- xxl-job job callback fail, callbackResult:ReturnT [code=500, msg=xxl-rpc remoting fail, StatusCode(404) invalid. for url : http://localhost:8080/xxl-job-admin/api/callback, content=null]
2026-07-16 22:22:10 [com.xxl.job.core.thread.TriggerCallbackThread#callbackLog]-[197]-[Thread-75] <br>----------- xxl-job job callback fail, callbackResult:ReturnT [code=500, msg=xxl-rpc remoting fail, StatusCode(404) invalid. for url : http://localhost:8080/xxl-job-admin/api/callback, content=null]
2026-07-16 22:23:25 [com.xxl.job.core.thread.TriggerCallbackThread#callbackLog]-[197]-[Thread-116] <br>----------- xxl-job job callback fail, callbackResult:ReturnT [code=500, msg=xxl-rpc remoting fail, StatusCode(404) invalid. for url : http://localhost:8080/xxl-job-admin/api/callback, content=null]
2026-07-16 22:23:55 [com.xxl.job.core.thread.TriggerCallbackThread#callbackLog]-[197]-[Thread-116] <br>----------- xxl-job job callback fail, callbackResult:ReturnT [code=500, msg=xxl-rpc remoting fail, StatusCode(404) invalid. for url : http://localhost:8080/xxl-job-admin/api/callback, content=null]
2026-07-16 22:24:25 [com.xxl.job.core.thread.TriggerCallbackThread#callbackLog]-[197]-[Thread-116] <br>----------- xxl-job job callback fail, callbackResult:ReturnT [code=500, msg=xxl-rpc remoting fail, StatusCode(404) invalid. for url : http://localhost:8080/xxl-job-admin/api/callback, content=null]
2026-07-16 22:24:55 [com.xxl.job.core.thread.TriggerCallbackThread#callbackLog]-[197]-[Thread-116] <br>----------- xxl-job job callback fail, callbackResult:ReturnT [code=500, msg=xxl-rpc remoting fail, StatusCode(404) invalid. for url : http://localhost:8080/xxl-job-admin/api/callback, content=null]
2026-07-16 22:25:26 [com.xxl.job.core.thread.TriggerCallbackThread#callbackLog]-[197]-[Thread-116] <br>----------- xxl-job job callback fail, callbackResult:ReturnT [code=500, msg=xxl-rpc remoting fail, StatusCode(404) invalid. for url : http://localhost:8080/xxl-job-admin/api/callback, content=null]
2026-07-16 22:25:56 [com.xxl.job.core.thread.TriggerCallbackThread#callbackLog]-[197]-[Thread-116] <br>----------- xxl-job job callback fail, callbackResult:ReturnT [code=500, msg=xxl-rpc remoting fail, StatusCode(404) invalid. for url : http://localhost:8080/xxl-job-admin/api/callback, content=null]
2026-07-16 22:26:26 [com.xxl.job.core.thread.TriggerCallbackThread#callbackLog]-[197]-[Thread-116] <br>----------- xxl-job job callback fail, callbackResult:ReturnT [code=500, msg=xxl-rpc remoting fail, StatusCode(404) invalid. for url : http://localhost:8080/xxl-job-admin/api/callback, content=null]
2026-07-16 22:26:56 [com.xxl.job.core.thread.TriggerCallbackThread#callbackLog]-[197]-[Thread-116] <br>----------- xxl-job job callback fail, callbackResult:ReturnT [code=500, msg=xxl-rpc remoting fail, StatusCode(404) invalid. for url : http://localhost:8080/xxl-job-admin/api/callback, content=null]
2026-07-16 22:27:26 [com.xxl.job.core.thread.TriggerCallbackThread#callbackLog]-[197]-[Thread-116] <br>----------- xxl-job job callback fail, callbackResult:ReturnT [code=500, msg=xxl-rpc remoting fail, StatusCode(404) invalid. for url : http://localhost:8080/xxl-job-admin/api/callback, content=null]
2026-07-16 22:28:16 [com.xxl.job.core.thread.TriggerCallbackThread#callbackLog]-[197]-[Thread-74] <br>----------- xxl-job job callback fail, callbackResult:ReturnT [code=500, msg=xxl-rpc remoting fail, StatusCode(404) invalid. for url : http://localhost:8080/xxl-job-admin/api/callback, content=null]
2026-07-16 22:28:46 [com.xxl.job.core.thread.TriggerCallbackThread#callbackLog]-[197]-[Thread-74] <br>----------- xxl-job job callback fail, callbackResult:ReturnT [code=500, msg=xxl-rpc remoting fail, StatusCode(404) invalid. for url : http://localhost:8080/xxl-job-admin/api/callback, content=null]
2026-07-16 22:29:16 [com.xxl.job.core.thread.TriggerCallbackThread#callbackLog]-[197]-[Thread-74] <br>----------- xxl-job job callback fail, callbackResult:ReturnT [code=500, msg=xxl-rpc remoting fail, StatusCode(404) invalid. for url : http://localhost:8080/xxl-job-admin/api/callback, content=null]
2026-07-16 22:29:46 [com.xxl.job.core.thread.TriggerCallbackThread#callbackLog]-[197]-[Thread-74] <br>----------- xxl-job job callback fail, callbackResult:ReturnT [code=500, msg=xxl-rpc remoting fail, StatusCode(404) invalid. for url : http://localhost:8080/xxl-job-admin/api/callback, content=null]
2026-07-16 22:30:16 [com.xxl.job.core.thread.TriggerCallbackThread#callbackLog]-[197]-[Thread-74] <br>----------- xxl-job job callback fail, callbackResult:ReturnT [code=500, msg=xxl-rpc remoting fail, StatusCode(404) invalid. for url : http://localhost:8080/xxl-job-admin/api/callback, content=null]
2026-07-16 22:30:46 [com.xxl.job.core.thread.TriggerCallbackThread#callbackLog]-[197]-[Thread-74] <br>----------- xxl-job job callback fail, callbackResult:ReturnT [code=500, msg=xxl-rpc remoting fail, StatusCode(404) invalid. for url : http://localhost:8080/xxl-job-admin/api/callback, content=null]
2026-07-16 22:31:16 [com.xxl.job.core.thread.TriggerCallbackThread#callbackLog]-[197]-[Thread-74] <br>----------- xxl-job job callback fail, callbackResult:ReturnT [code=500, msg=xxl-rpc remoting fail, StatusCode(404) invalid. for url : http://localhost:8080/xxl-job-admin/api/callback, content=null]
2026-07-16 22:31:46 [com.xxl.job.core.thread.TriggerCallbackThread#callbackLog]-[197]-[Thread-74] <br>----------- xxl-job job callback fail, callbackResult:ReturnT [code=500, msg=xxl-rpc remoting fail, StatusCode(404) invalid. for url : http://localhost:8080/xxl-job-admin/api/callback, content=null]
2026-07-16 22:32:16 [com.xxl.job.core.thread.TriggerCallbackThread#callbackLog]-[197]-[Thread-74] <br>----------- xxl-job job callback fail, callbackResult:ReturnT [code=500, msg=xxl-rpc remoting fail, StatusCode(404) invalid. for url : http://localhost:8080/xxl-job-admin/api/callback, content=null]
2026-07-16 22:32:46 [com.xxl.job.core.thread.TriggerCallbackThread#callbackLog]-[197]-[Thread-74] <br>----------- xxl-job job callback fail, callbackResult:ReturnT [code=500, msg=xxl-rpc remoting fail, StatusCode(404) invalid. for url : http://localhost:8080/xxl-job-admin/api/callback, content=null]
2026-07-16 22:33:48 [com.xxl.job.core.thread.TriggerCallbackThread#callbackLog]-[197]-[Thread-80] <br>----------- xxl-job job callback fail, callbackResult:ReturnT [code=500, msg=xxl-rpc remoting fail, StatusCode(404) invalid. for url : http://localhost:8080/xxl-job-admin/api/callback, content=null]
2026-07-16 22:34:18 [com.xxl.job.core.thread.TriggerCallbackThread#callbackLog]-[197]-[Thread-80] <br>----------- xxl-job job callback fail, callbackResult:ReturnT [code=500, msg=xxl-rpc remoting fail, StatusCode(404) invalid. for url : http://localhost:8080/xxl-job-admin/api/callback, content=null]
2026-07-16 22:34:48 [com.xxl.job.core.thread.TriggerCallbackThread#callbackLog]-[197]-[Thread-80] <br>----------- xxl-job job callback fail, callbackResult:ReturnT [code=500, msg=xxl-rpc remoting fail, StatusCode(404) invalid. for url : http://localhost:8080/xxl-job-admin/api/callback, content=null]
2026-07-16 22:35:18 [com.xxl.job.core.thread.TriggerCallbackThread#callbackLog]-[197]-[Thread-80] <br>----------- xxl-job job callback fail, callbackResult:ReturnT [code=500, msg=xxl-rpc remoting fail, StatusCode(404) invalid. for url : http://localhost:8080/xxl-job-admin/api/callback, content=null]
2026-07-16 22:35:48 [com.xxl.job.core.thread.TriggerCallbackThread#callbackLog]-[197]-[Thread-80] <br>----------- xxl-job job callback fail, callbackResult:ReturnT [code=500, msg=xxl-rpc remoting fail, StatusCode(404) invalid. for url : http://localhost:8080/xxl-job-admin/api/callback, content=null]
2026-07-16 22:36:18 [com.xxl.job.core.thread.TriggerCallbackThread#callbackLog]-[197]-[Thread-80] <br>----------- xxl-job job callback fail, callbackResult:ReturnT [code=500, msg=xxl-rpc remoting fail, StatusCode(404) invalid. for url : http://localhost:8080/xxl-job-admin/api/callback, content=null]
2026-07-16 22:36:48 [com.xxl.job.core.thread.TriggerCallbackThread#callbackLog]-[197]-[Thread-80] <br>----------- xxl-job job callback fail, callbackResult:ReturnT [code=500, msg=xxl-rpc remoting fail, StatusCode(404) invalid. for url : http://localhost:8080/xxl-job-admin/api/callback, content=null]
2026-07-16 22:37:18 [com.xxl.job.core.thread.TriggerCallbackThread#callbackLog]-[197]-[Thread-80] <br>----------- xxl-job job callback fail, callbackResult:ReturnT [code=500, msg=xxl-rpc remoting fail, StatusCode(404) invalid. for url : http://localhost:8080/xxl-job-admin/api/callback, content=null]
2026-07-16 22:37:49 [com.xxl.job.core.thread.TriggerCallbackThread#callbackLog]-[197]-[Thread-80] <br>----------- xxl-job job callback fail, callbackResult:ReturnT [code=500, msg=xxl-rpc remoting fail, StatusCode(404) invalid. for url : http://localhost:8080/xxl-job-admin/api/callback, content=null]
2026-07-16 22:38:19 [com.xxl.job.core.thread.TriggerCallbackThread#callbackLog]-[197]-[Thread-80] <br>----------- xxl-job job callback fail, callbackResult:ReturnT [code=500, msg=xxl-rpc remoting fail, StatusCode(404) invalid. for url : http://localhost:8080/xxl-job-admin/api/callback, content=null]
2026-07-16 22:38:49 [com.xxl.job.core.thread.TriggerCallbackThread#callbackLog]-[197]-[Thread-80] <br>----------- xxl-job job callback fail, callbackResult:ReturnT [code=500, msg=xxl-rpc remoting fail, StatusCode(404) invalid. for url : http://localhost:8080/xxl-job-admin/api/callback, content=null]
2026-07-16 22:39:19 [com.xxl.job.core.thread.TriggerCallbackThread#callbackLog]-[197]-[Thread-80] <br>----------- xxl-job job callback fail, callbackResult:ReturnT [code=500, msg=xxl-rpc remoting fail, StatusCode(404) invalid. for url : http://localhost:8080/xxl-job-admin/api/callback, content=null]
2026-07-16 22:39:49 [com.xxl.job.core.thread.TriggerCallbackThread#callbackLog]-[197]-[Thread-80] <br>----------- xxl-job job callback fail, callbackResult:ReturnT [code=500, msg=xxl-rpc remoting fail, StatusCode(404) invalid. for url : http://localhost:8080/xxl-job-admin/api/callback, content=null]
2026-07-16 22:40:19 [com.xxl.job.core.thread.TriggerCallbackThread#callbackLog]-[197]-[Thread-80] <br>----------- xxl-job job callback fail, callbackResult:ReturnT [code=500, msg=xxl-rpc remoting fail, StatusCode(404) invalid. for url : http://localhost:8080/xxl-job-admin/api/callback, content=null]
2026-07-16 22:40:49 [com.xxl.job.core.thread.TriggerCallbackThread#callbackLog]-[197]-[Thread-80] <br>----------- xxl-job job callback fail, callbackResult:ReturnT [code=500, msg=xxl-rpc remoting fail, StatusCode(404) invalid. for url : http://localhost:8080/xxl-job-admin/api/callback, content=null]
2026-07-16 22:41:19 [com.xxl.job.core.thread.TriggerCallbackThread#callbackLog]-[197]-[Thread-80] <br>----------- xxl-job job callback fail, callbackResult:ReturnT [code=500, msg=xxl-rpc remoting fail, StatusCode(404) invalid. for url : http://localhost:8080/xxl-job-admin/api/callback, content=null]
2026-07-16 22:41:49 [com.xxl.job.core.thread.TriggerCallbackThread#callbackLog]-[197]-[Thread-80] <br>----------- xxl-job job callback fail, callbackResult:ReturnT [code=500, msg=xxl-rpc remoting fail, StatusCode(404) invalid. for url : http://localhost:8080/xxl-job-admin/api/callback, content=null]
2026-07-16 22:42:19 [com.xxl.job.core.thread.TriggerCallbackThread#callbackLog]-[197]-[Thread-80] <br>----------- xxl-job job callback fail, callbackResult:ReturnT [code=500, msg=xxl-rpc remoting fail, StatusCode(404) invalid. for url : http://localhost:8080/xxl-job-admin/api/callback, content=null]
2026-07-16 22:42:49 [com.xxl.job.core.thread.TriggerCallbackThread#callbackLog]-[197]-[Thread-80] <br>----------- xxl-job job callback fail, callbackResult:ReturnT [code=500, msg=xxl-rpc remoting fail, StatusCode(404) invalid. for url : http://localhost:8080/xxl-job-admin/api/callback, content=null]
2026-07-16 22:43:19 [com.xxl.job.core.thread.TriggerCallbackThread#callbackLog]-[197]-[Thread-80] <br>----------- xxl-job job callback fail, callbackResult:ReturnT [code=500, msg=xxl-rpc remoting fail, StatusCode(404) invalid. for url : http://localhost:8080/xxl-job-admin/api/callback, content=null]
2026-07-16 22:43:50 [com.xxl.job.core.thread.TriggerCallbackThread#callbackLog]-[197]-[Thread-80] <br>----------- xxl-job job callback fail, callbackResult:ReturnT [code=500, msg=xxl-rpc remoting fail, StatusCode(404) invalid. for url : http://localhost:8080/xxl-job-admin/api/callback, content=null]
2026-07-16 22:44:20 [com.xxl.job.core.thread.TriggerCallbackThread#callbackLog]-[197]-[Thread-80] <br>----------- xxl-job job callback fail, callbackResult:ReturnT [code=500, msg=xxl-rpc remoting fail, StatusCode(404) invalid. for url : http://localhost:8080/xxl-job-admin/api/callback, content=null]
2026-07-16 22:44:50 [com.xxl.job.core.thread.TriggerCallbackThread#callbackLog]-[197]-[Thread-80] <br>----------- xxl-job job callback fail, callbackResult:ReturnT [code=500, msg=xxl-rpc remoting fail, StatusCode(404) invalid. for url : http://localhost:8080/xxl-job-admin/api/callback, content=null]
2026-07-16 22:45:20 [com.xxl.job.core.thread.TriggerCallbackThread#callbackLog]-[197]-[Thread-80] <br>----------- xxl-job job callback fail, callbackResult:ReturnT [code=500, msg=xxl-rpc remoting fail, StatusCode(404) invalid. for url : http://localhost:8080/xxl-job-admin/api/callback, content=null]
2026-07-16 22:45:50 [com.xxl.job.core.thread.TriggerCallbackThread#callbackLog]-[197]-[Thread-80] <br>----------- xxl-job job callback fail, callbackResult:ReturnT [code=500, msg=xxl-rpc remoting fail, StatusCode(404) invalid. for url : http://localhost:8080/xxl-job-admin/api/callback, content=null]
2026-07-16 22:46:20 [com.xxl.job.core.thread.TriggerCallbackThread#callbackLog]-[197]-[Thread-80] <br>----------- xxl-job job callback fail, callbackResult:ReturnT [code=500, msg=xxl-rpc remoting fail, StatusCode(404) invalid. for url : http://localhost:8080/xxl-job-admin/api/callback, content=null]
2026-07-16 22:46:50 [com.xxl.job.core.thread.TriggerCallbackThread#callbackLog]-[197]-[Thread-80] <br>----------- xxl-job job callback fail, callbackResult:ReturnT [code=500, msg=xxl-rpc remoting fail, StatusCode(404) invalid. for url : http://localhost:8080/xxl-job-admin/api/callback, content=null]
2026-07-16 22:47:20 [com.xxl.job.core.thread.TriggerCallbackThread#callbackLog]-[197]-[Thread-80] <br>----------- xxl-job job callback fail, callbackResult:ReturnT [code=500, msg=xxl-rpc remoting fail, StatusCode(404) invalid. for url : http://localhost:8080/xxl-job-admin/api/callback, content=null]
2026-07-16 22:47:50 [com.xxl.job.core.thread.TriggerCallbackThread#callbackLog]-[197]-[Thread-80] <br>----------- xxl-job job callback fail, callbackResult:ReturnT [code=500, msg=xxl-rpc remoting fail, StatusCode(404) invalid. for url : http://localhost:8080/xxl-job-admin/api/callback, content=null]
2026-07-16 22:48:20 [com.xxl.job.core.thread.TriggerCallbackThread#callbackLog]-[197]-[Thread-80] <br>----------- xxl-job job callback fail, callbackResult:ReturnT [code=500, msg=xxl-rpc remoting fail, StatusCode(404) invalid. for url : http://localhost:8080/xxl-job-admin/api/callback, content=null]
2026-07-16 22:48:51 [com.xxl.job.core.thread.TriggerCallbackThread#callbackLog]-[197]-[Thread-80] <br>----------- xxl-job job callback fail, callbackResult:ReturnT [code=500, msg=xxl-rpc remoting fail, StatusCode(404) invalid. for url : http://localhost:8080/xxl-job-admin/api/callback, content=null]
2026-07-16 22:49:21 [com.xxl.job.core.thread.TriggerCallbackThread#callbackLog]-[197]-[Thread-80] <br>----------- xxl-job job callback fail, callbackResult:ReturnT [code=500, msg=xxl-rpc remoting fail, StatusCode(404) invalid. for url : http://localhost:8080/xxl-job-admin/api/callback, content=null]
2026-07-16 22:49:51 [com.xxl.job.core.thread.TriggerCallbackThread#callbackLog]-[197]-[Thread-80] <br>----------- xxl-job job callback fail, callbackResult:ReturnT [code=500, msg=xxl-rpc remoting fail, StatusCode(404) invalid. for url : http://localhost:8080/xxl-job-admin/api/callback, content=null]
2026-07-16 22:50:21 [com.xxl.job.core.thread.TriggerCallbackThread#callbackLog]-[197]-[Thread-80] <br>----------- xxl-job job callback fail, callbackResult:ReturnT [code=500, msg=xxl-rpc remoting fail, StatusCode(404) invalid. for url : http://localhost:8080/xxl-job-admin/api/callback, content=null]
2026-07-16 22:50:51 [com.xxl.job.core.thread.TriggerCallbackThread#callbackLog]-[197]-[Thread-80] <br>----------- xxl-job job callback fail, callbackResult:ReturnT [code=500, msg=xxl-rpc remoting fail, StatusCode(404) invalid. for url : http://localhost:8080/xxl-job-admin/api/callback, content=null]
2026-07-16 22:51:21 [com.xxl.job.core.thread.TriggerCallbackThread#callbackLog]-[197]-[Thread-80] <br>----------- xxl-job job callback fail, callbackResult:ReturnT [code=500, msg=xxl-rpc remoting fail, StatusCode(404) invalid. for url : http://localhost:8080/xxl-job-admin/api/callback, content=null]
2026-07-16 22:51:51 [com.xxl.job.core.thread.TriggerCallbackThread#callbackLog]-[197]-[Thread-80] <br>----------- xxl-job job callback fail, callbackResult:ReturnT [code=500, msg=xxl-rpc remoting fail, StatusCode(404) invalid. for url : http://localhost:8080/xxl-job-admin/api/callback, content=null]
2026-07-16 22:52:21 [com.xxl.job.core.thread.TriggerCallbackThread#callbackLog]-[197]-[Thread-80] <br>----------- xxl-job job callback fail, callbackResult:ReturnT [code=500, msg=xxl-rpc remoting fail, StatusCode(404) invalid. for url : http://localhost:8080/xxl-job-admin/api/callback, content=null]
2026-07-16 22:52:51 [com.xxl.job.core.thread.TriggerCallbackThread#callbackLog]-[197]-[Thread-80] <br>----------- xxl-job job callback fail, callbackResult:ReturnT [code=500, msg=xxl-rpc remoting fail, StatusCode(404) invalid. for url : http://localhost:8080/xxl-job-admin/api/callback, content=null]
2026-07-16 22:53:21 [com.xxl.job.core.thread.TriggerCallbackThread#callbackLog]-[197]-[Thread-80] <br>----------- xxl-job job callback fail, callbackResult:ReturnT [code=500, msg=xxl-rpc remoting fail, StatusCode(404) invalid. for url : http://localhost:8080/xxl-job-admin/api/callback, content=null]
2026-07-16 22:53:51 [com.xxl.job.core.thread.TriggerCallbackThread#callbackLog]-[197]-[Thread-80] <br>----------- xxl-job job callback fail, callbackResult:ReturnT [code=500, msg=xxl-rpc remoting fail, StatusCode(404) invalid. for url : http://localhost:8080/xxl-job-admin/api/callback, content=null]
2026-07-16 22:54:21 [com.xxl.job.core.thread.TriggerCallbackThread#callbackLog]-[197]-[Thread-80] <br>----------- xxl-job job callback fail, callbackResult:ReturnT [code=500, msg=xxl-rpc remoting fail, StatusCode(404) invalid. for url : http://localhost:8080/xxl-job-admin/api/callback, content=null]
2026-07-16 22:54:52 [com.xxl.job.core.thread.TriggerCallbackThread#callbackLog]-[197]-[Thread-80] <br>----------- xxl-job job callback fail, callbackResult:ReturnT [code=500, msg=xxl-rpc remoting fail, StatusCode(404) invalid. for url : http://localhost:8080/xxl-job-admin/api/callback, content=null]
2026-07-16 22:55:22 [com.xxl.job.core.thread.TriggerCallbackThread#callbackLog]-[197]-[Thread-80] <br>----------- xxl-job job callback fail, callbackResult:ReturnT [code=500, msg=xxl-rpc remoting fail, StatusCode(404) invalid. for url : http://localhost:8080/xxl-job-admin/api/callback, content=null]
2026-07-16 22:55:52 [com.xxl.job.core.thread.TriggerCallbackThread#callbackLog]-[197]-[Thread-80] <br>----------- xxl-job job callback fail, callbackResult:ReturnT [code=500, msg=xxl-rpc remoting fail, StatusCode(404) invalid. for url : http://localhost:8080/xxl-job-admin/api/callback, content=null]
2026-07-16 22:56:22 [com.xxl.job.core.thread.TriggerCallbackThread#callbackLog]-[197]-[Thread-80] <br>----------- xxl-job job callback fail, callbackResult:ReturnT [code=500, msg=xxl-rpc remoting fail, StatusCode(404) invalid. for url : http://localhost:8080/xxl-job-admin/api/callback, content=null]
2026-07-16 22:56:52 [com.xxl.job.core.thread.TriggerCallbackThread#callbackLog]-[197]-[Thread-80] <br>----------- xxl-job job callback fail, callbackResult:ReturnT [code=500, msg=xxl-rpc remoting fail, StatusCode(404) invalid. for url : http://localhost:8080/xxl-job-admin/api/callback, content=null]
2026-07-16 22:57:22 [com.xxl.job.core.thread.TriggerCallbackThread#callbackLog]-[197]-[Thread-80] <br>----------- xxl-job job callback fail, callbackResult:ReturnT [code=500, msg=xxl-rpc remoting fail, StatusCode(404) invalid. for url : http://localhost:8080/xxl-job-admin/api/callback, content=null]
2026-07-16 22:57:52 [com.xxl.job.core.thread.TriggerCallbackThread#callbackLog]-[197]-[Thread-80] <br>----------- xxl-job job callback fail, callbackResult:ReturnT [code=500, msg=xxl-rpc remoting fail, StatusCode(404) invalid. for url : http://localhost:8080/xxl-job-admin/api/callback, content=null]
2026-07-16 22:58:22 [com.xxl.job.core.thread.TriggerCallbackThread#callbackLog]-[197]-[Thread-80] <br>----------- xxl-job job callback fail, callbackResult:ReturnT [code=500, msg=xxl-rpc remoting fail, StatusCode(404) invalid. for url : http://localhost:8080/xxl-job-admin/api/callback, content=null]
2026-07-16 22:58:52 [com.xxl.job.core.thread.TriggerCallbackThread#callbackLog]-[197]-[Thread-80] <br>----------- xxl-job job callback fail, callbackResult:ReturnT [code=500, msg=xxl-rpc remoting fail, StatusCode(404) invalid. for url : http://localhost:8080/xxl-job-admin/api/callback, content=null]
2026-07-16 22:59:22 [com.xxl.job.core.thread.TriggerCallbackThread#callbackLog]-[197]-[Thread-80] <br>----------- xxl-job job callback fail, callbackResult:ReturnT [code=500, msg=xxl-rpc remoting fail, StatusCode(404) invalid. for url : http://localhost:8080/xxl-job-admin/api/callback, content=null]
2026-07-16 22:59:52 [com.xxl.job.core.thread.TriggerCallbackThread#callbackLog]-[197]-[Thread-80] <br>----------- xxl-job job callback fail, callbackResult:ReturnT [code=500, msg=xxl-rpc remoting fail, StatusCode(404) invalid. for url : http://localhost:8080/xxl-job-admin/api/callback, content=null]
2026-07-16 23:00:22 [com.xxl.job.core.thread.TriggerCallbackThread#callbackLog]-[197]-[Thread-80] <br>----------- xxl-job job callback fail, callbackResult:ReturnT [code=500, msg=xxl-rpc remoting fail, StatusCode(404) invalid. for url : http://localhost:8080/xxl-job-admin/api/callback, content=null]
2026-07-16 23:00:52 [com.xxl.job.core.thread.TriggerCallbackThread#callbackLog]-[197]-[Thread-80] <br>----------- xxl-job job callback fail, callbackResult:ReturnT [code=500, msg=xxl-rpc remoting fail, StatusCode(404) invalid. for url : http://localhost:8080/xxl-job-admin/api/callback, content=null]
2026-07-16 23:01:22 [com.xxl.job.core.thread.TriggerCallbackThread#callbackLog]-[197]-[Thread-80] <br>----------- xxl-job job callback fail, callbackResult:ReturnT [code=500, msg=xxl-rpc remoting fail, StatusCode(404) invalid. for url : http://localhost:8080/xxl-job-admin/api/callback, content=null]
2026-07-16 23:01:52 [com.xxl.job.core.thread.TriggerCallbackThread#callbackLog]-[197]-[Thread-80] <br>----------- xxl-job job callback fail, callbackResult:ReturnT [code=500, msg=xxl-rpc remoting fail, StatusCode(404) invalid. for url : http://localhost:8080/xxl-job-admin/api/callback, content=null]
2026-07-16 23:02:22 [com.xxl.job.core.thread.TriggerCallbackThread#callbackLog]-[197]-[Thread-80] <br>----------- xxl-job job callback fail, callbackResult:ReturnT [code=500, msg=xxl-rpc remoting fail, StatusCode(404) invalid. for url : http://localhost:8080/xxl-job-admin/api/callback, content=null]
2026-07-16 23:02:52 [com.xxl.job.core.thread.TriggerCallbackThread#callbackLog]-[197]-[Thread-80] <br>----------- xxl-job job callback fail, callbackResult:ReturnT [code=500, msg=xxl-rpc remoting fail, StatusCode(404) invalid. for url : http://localhost:8080/xxl-job-admin/api/callback, content=null]
2026-07-16 23:03:22 [com.xxl.job.core.thread.TriggerCallbackThread#callbackLog]-[197]-[Thread-80] <br>----------- xxl-job job callback fail, callbackResult:ReturnT [code=500, msg=xxl-rpc remoting fail, StatusCode(404) invalid. for url : http://localhost:8080/xxl-job-admin/api/callback, content=null]
2026-07-16 23:03:52 [com.xxl.job.core.thread.TriggerCallbackThread#callbackLog]-[197]-[Thread-80] <br>----------- xxl-job job callback fail, callbackResult:ReturnT [code=500, msg=xxl-rpc remoting fail, StatusCode(404) invalid. for url : http://localhost:8080/xxl-job-admin/api/callback, content=null]
2026-07-16 23:04:22 [com.xxl.job.core.thread.TriggerCallbackThread#callbackLog]-[197]-[Thread-80] <br>----------- xxl-job job callback fail, callbackResult:ReturnT [code=500, msg=xxl-rpc remoting fail, StatusCode(404) invalid. for url : http://localhost:8080/xxl-job-admin/api/callback, content=null]
2026-07-16 23:04:52 [com.xxl.job.core.thread.TriggerCallbackThread#callbackLog]-[197]-[Thread-80] <br>----------- xxl-job job callback fail, callbackResult:ReturnT [code=500, msg=xxl-rpc remoting fail, StatusCode(404) invalid. for url : http://localhost:8080/xxl-job-admin/api/callback, content=null]
2026-07-16 23:05:23 [com.xxl.job.core.thread.TriggerCallbackThread#callbackLog]-[197]-[Thread-80] <br>----------- xxl-job job callback fail, callbackResult:ReturnT [code=500, msg=xxl-rpc remoting fail, StatusCode(404) invalid. for url : http://localhost:8080/xxl-job-admin/api/callback, content=null]
2026-07-16 23:05:53 [com.xxl.job.core.thread.TriggerCallbackThread#callbackLog]-[197]-[Thread-80] <br>----------- xxl-job job callback fail, callbackResult:ReturnT [code=500, msg=xxl-rpc remoting fail, StatusCode(404) invalid. for url : http://localhost:8080/xxl-job-admin/api/callback, content=null]
2026-07-16 23:06:23 [com.xxl.job.core.thread.TriggerCallbackThread#callbackLog]-[197]-[Thread-80] <br>----------- xxl-job job callback fail, callbackResult:ReturnT [code=500, msg=xxl-rpc remoting fail, StatusCode(404) invalid. for url : http://localhost:8080/xxl-job-admin/api/callback, content=null]
2026-07-16 23:06:53 [com.xxl.job.core.thread.TriggerCallbackThread#callbackLog]-[197]-[Thread-80] <br>----------- xxl-job job callback fail, callbackResult:ReturnT [code=500, msg=xxl-rpc remoting fail, StatusCode(404) invalid. for url : http://localhost:8080/xxl-job-admin/api/callback, content=null]
2026-07-16 23:07:23 [com.xxl.job.core.thread.TriggerCallbackThread#callbackLog]-[197]-[Thread-80] <br>----------- xxl-job job callback fail, callbackResult:ReturnT [code=500, msg=xxl-rpc remoting fail, StatusCode(404) invalid. for url : http://localhost:8080/xxl-job-admin/api/callback, content=null]
2026-07-16 23:07:53 [com.xxl.job.core.thread.TriggerCallbackThread#callbackLog]-[197]-[Thread-80] <br>----------- xxl-job job callback fail, callbackResult:ReturnT [code=500, msg=xxl-rpc remoting fail, StatusCode(404) invalid. for url : http://localhost:8080/xxl-job-admin/api/callback, content=null]
2026-07-16 23:08:23 [com.xxl.job.core.thread.TriggerCallbackThread#callbackLog]-[197]-[Thread-80] <br>----------- xxl-job job callback fail, callbackResult:ReturnT [code=500, msg=xxl-rpc remoting fail, StatusCode(404) invalid. for url : http://localhost:8080/xxl-job-admin/api/callback, content=null]
2026-07-16 23:08:53 [com.xxl.job.core.thread.TriggerCallbackThread#callbackLog]-[197]-[Thread-80] <br>----------- xxl-job job callback fail, callbackResult:ReturnT [code=500, msg=xxl-rpc remoting fail, StatusCode(404) invalid. for url : http://localhost:8080/xxl-job-admin/api/callback, content=null]
2026-07-16 23:09:23 [com.xxl.job.core.thread.TriggerCallbackThread#callbackLog]-[197]-[Thread-80] <br>----------- xxl-job job callback fail, callbackResult:ReturnT [code=500, msg=xxl-rpc remoting fail, StatusCode(404) invalid. for url : http://localhost:8080/xxl-job-admin/api/callback, content=null]
2026-07-16 23:09:53 [com.xxl.job.core.thread.TriggerCallbackThread#callbackLog]-[197]-[Thread-80] <br>----------- xxl-job job callback fail, callbackResult:ReturnT [code=500, msg=xxl-rpc remoting fail, StatusCode(404) invalid. for url : http://localhost:8080/xxl-job-admin/api/callback, content=null]
2026-07-16 23:10:23 [com.xxl.job.core.thread.TriggerCallbackThread#callbackLog]-[197]-[Thread-80] <br>----------- xxl-job job callback fail, callbackResult:ReturnT [code=500, msg=xxl-rpc remoting fail, StatusCode(404) invalid. for url : http://localhost:8080/xxl-job-admin/api/callback, content=null]
2026-07-16 23:10:53 [com.xxl.job.core.thread.TriggerCallbackThread#callbackLog]-[197]-[Thread-80] <br>----------- xxl-job job callback fail, callbackResult:ReturnT [code=500, msg=xxl-rpc remoting fail, StatusCode(404) invalid. for url : http://localhost:8080/xxl-job-admin/api/callback, content=null]
2026-07-16 23:11:23 [com.xxl.job.core.thread.TriggerCallbackThread#callbackLog]-[197]-[Thread-80] <br>----------- xxl-job job callback fail, callbackResult:ReturnT [code=500, msg=xxl-rpc remoting fail, StatusCode(404) invalid. for url : http://localhost:8080/xxl-job-admin/api/callback, content=null]
2026-07-16 23:11:53 [com.xxl.job.core.thread.TriggerCallbackThread#callbackLog]-[197]-[Thread-80] <br>----------- xxl-job job callback fail, callbackResult:ReturnT [code=500, msg=xxl-rpc remoting fail, StatusCode(404) invalid. for url : http://localhost:8080/xxl-job-admin/api/callback, content=null]
2026-07-16 23:12:26 [com.xxl.job.core.thread.TriggerCallbackThread#callbackLog]-[197]-[Thread-80] <br>----------- xxl-job job callback fail, callbackResult:ReturnT [code=500, msg=xxl-rpc remoting fail, StatusCode(404) invalid. for url : http://localhost:8080/xxl-job-admin/api/callback, content=null]
2026-07-16 23:12:59 [com.xxl.job.core.thread.TriggerCallbackThread#callbackLog]-[197]-[Thread-80] <br>----------- xxl-job job callback fail, callbackResult:ReturnT [code=500, msg=xxl-rpc remoting fail, StatusCode(404) invalid. for url : http://localhost:8080/xxl-job-admin/api/callback, content=null]
2026-07-16 23:13:29 [com.xxl.job.core.thread.TriggerCallbackThread#callbackLog]-[197]-[Thread-80] <br>----------- xxl-job job callback fail, callbackResult:ReturnT [code=500, msg=xxl-rpc remoting fail, StatusCode(404) invalid. for url : http://localhost:8080/xxl-job-admin/api/callback, content=null]
2026-07-16 23:13:59 [com.xxl.job.core.thread.TriggerCallbackThread#callbackLog]-[197]-[Thread-80] <br>----------- xxl-job job callback fail, callbackResult:ReturnT [code=500, msg=xxl-rpc remoting fail, StatusCode(404) invalid. for url : http://localhost:8080/xxl-job-admin/api/callback, content=null]
2026-07-16 23:14:29 [com.xxl.job.core.thread.TriggerCallbackThread#callbackLog]-[197]-[Thread-80] <br>----------- xxl-job job callback fail, callbackResult:ReturnT [code=500, msg=xxl-rpc remoting fail, StatusCode(404) invalid. for url : http://localhost:8080/xxl-job-admin/api/callback, content=null]
2026-07-16 23:14:59 [com.xxl.job.core.thread.TriggerCallbackThread#callbackLog]-[197]-[Thread-80] <br>----------- xxl-job job callback fail, callbackResult:ReturnT [code=500, msg=xxl-rpc remoting fail, StatusCode(404) invalid. for url : http://localhost:8080/xxl-job-admin/api/callback, content=null]
2026-07-16 23:15:29 [com.xxl.job.core.thread.TriggerCallbackThread#callbackLog]-[197]-[Thread-80] <br>----------- xxl-job job callback fail, callbackResult:ReturnT [code=500, msg=xxl-rpc remoting fail, StatusCode(404) invalid. for url : http://localhost:8080/xxl-job-admin/api/callback, content=null]
2026-07-16 23:15:59 [com.xxl.job.core.thread.TriggerCallbackThread#callbackLog]-[197]-[Thread-80] <br>----------- xxl-job job callback fail, callbackResult:ReturnT [code=500, msg=xxl-rpc remoting fail, StatusCode(404) invalid. for url : http://localhost:8080/xxl-job-admin/api/callback, content=null]
2026-07-16 23:16:29 [com.xxl.job.core.thread.TriggerCallbackThread#callbackLog]-[197]-[Thread-80] <br>----------- xxl-job job callback fail, callbackResult:ReturnT [code=500, msg=xxl-rpc remoting fail, StatusCode(404) invalid. for url : http://localhost:8080/xxl-job-admin/api/callback, content=null]
2026-07-16 23:16:59 [com.xxl.job.core.thread.TriggerCallbackThread#callbackLog]-[197]-[Thread-80] <br>----------- xxl-job job callback fail, callbackResult:ReturnT [code=500, msg=xxl-rpc remoting fail, StatusCode(404) invalid. for url : http://localhost:8080/xxl-job-admin/api/callback, content=null]
2026-07-16 23:17:29 [com.xxl.job.core.thread.TriggerCallbackThread#callbackLog]-[197]-[Thread-80] <br>----------- xxl-job job callback fail, callbackResult:ReturnT [code=500, msg=xxl-rpc remoting fail, StatusCode(404) invalid. for url : http://localhost:8080/xxl-job-admin/api/callback, content=null]
2026-07-16 23:17:59 [com.xxl.job.core.thread.TriggerCallbackThread#callbackLog]-[197]-[Thread-80] <br>----------- xxl-job job callback fail, callbackResult:ReturnT [code=500, msg=xxl-rpc remoting fail, StatusCode(404) invalid. for url : http://localhost:8080/xxl-job-admin/api/callback, content=null]
2026-07-16 23:18:29 [com.xxl.job.core.thread.TriggerCallbackThread#callbackLog]-[197]-[Thread-80] <br>----------- xxl-job job callback fail, callbackResult:ReturnT [code=500, msg=xxl-rpc remoting fail, StatusCode(404) invalid. for url : http://localhost:8080/xxl-job-admin/api/callback, content=null]
2026-07-16 23:18:59 [com.xxl.job.core.thread.TriggerCallbackThread#callbackLog]-[197]-[Thread-80] <br>----------- xxl-job job callback fail, callbackResult:ReturnT [code=500, msg=xxl-rpc remoting fail, StatusCode(404) invalid. for url : http://localhost:8080/xxl-job-admin/api/callback, content=null]
2026-07-16 23:19:33 [com.xxl.job.core.thread.TriggerCallbackThread#callbackLog]-[197]-[Thread-80] <br>----------- xxl-job job callback fail, callbackResult:ReturnT [code=500, msg=xxl-rpc remoting fail, StatusCode(404) invalid. for url : http://localhost:8080/xxl-job-admin/api/callback, content=null]
2026-07-16 23:20:03 [com.xxl.job.core.thread.TriggerCallbackThread#callbackLog]-[197]-[Thread-80] <br>----------- xxl-job job callback fail, callbackResult:ReturnT [code=500, msg=xxl-rpc remoting fail, StatusCode(404) invalid. for url : http://localhost:8080/xxl-job-admin/api/callback, content=null]
2026-07-16 23:20:33 [com.xxl.job.core.thread.TriggerCallbackThread#callbackLog]-[197]-[Thread-80] <br>----------- xxl-job job callback fail, callbackResult:ReturnT [code=500, msg=xxl-rpc remoting fail, StatusCode(404) invalid. for url : http://localhost:8080/xxl-job-admin/api/callback, content=null]
2026-07-16 23:21:03 [com.xxl.job.core.thread.TriggerCallbackThread#callbackLog]-[197]-[Thread-80] <br>----------- xxl-job job callback fail, callbackResult:ReturnT [code=500, msg=xxl-rpc remoting fail, StatusCode(404) invalid. for url : http://localhost:8080/xxl-job-admin/api/callback, content=null]
2026-07-16 23:21:33 [com.xxl.job.core.thread.TriggerCallbackThread#callbackLog]-[197]-[Thread-80] <br>----------- xxl-job job callback fail, callbackResult:ReturnT [code=500, msg=xxl-rpc remoting fail, StatusCode(404) invalid. for url : http://localhost:8080/xxl-job-admin/api/callback, content=null]
2026-07-16 23:22:03 [com.xxl.job.core.thread.TriggerCallbackThread#callbackLog]-[197]-[Thread-80] <br>----------- xxl-job job callback fail, callbackResult:ReturnT [code=500, msg=xxl-rpc remoting fail, StatusCode(404) invalid. for url : http://localhost:8080/xxl-job-admin/api/callback, content=null]
2026-07-16 23:22:33 [com.xxl.job.core.thread.TriggerCallbackThread#callbackLog]-[197]-[Thread-80] <br>----------- xxl-job job callback fail, callbackResult:ReturnT [code=500, msg=xxl-rpc remoting fail, StatusCode(404) invalid. for url : http://localhost:8080/xxl-job-admin/api/callback, content=null]
2026-07-16 23:23:05 [com.xxl.job.core.thread.TriggerCallbackThread#callbackLog]-[197]-[Thread-80] <br>----------- xxl-job job callback fail, callbackResult:ReturnT [code=500, msg=xxl-rpc remoting fail, StatusCode(404) invalid. for url : http://localhost:8080/xxl-job-admin/api/callback, content=null]
2026-07-16 23:23:40 [com.xxl.job.core.thread.TriggerCallbackThread#callbackLog]-[197]-[Thread-80] <br>----------- xxl-job job callback fail, callbackResult:ReturnT [code=500, msg=xxl-rpc remoting fail, StatusCode(404) invalid. for url : http://localhost:8080/xxl-job-admin/api/callback, content=null]
2026-07-16 23:24:10 [com.xxl.job.core.thread.TriggerCallbackThread#callbackLog]-[197]-[Thread-80] <br>----------- xxl-job job callback fail, callbackResult:ReturnT [code=500, msg=xxl-rpc remoting fail, StatusCode(404) invalid. for url : http://localhost:8080/xxl-job-admin/api/callback, content=null]
2026-07-16 23:24:40 [com.xxl.job.core.thread.TriggerCallbackThread#callbackLog]-[197]-[Thread-80] <br>----------- xxl-job job callback fail, callbackResult:ReturnT [code=500, msg=xxl-rpc remoting fail, StatusCode(404) invalid. for url : http://localhost:8080/xxl-job-admin/api/callback, content=null]
2026-07-16 23:25:10 [com.xxl.job.core.thread.TriggerCallbackThread#callbackLog]-[197]-[Thread-80] <br>----------- xxl-job job callback fail, callbackResult:ReturnT [code=500, msg=xxl-rpc remoting fail, StatusCode(404) invalid. for url : http://localhost:8080/xxl-job-admin/api/callback, content=null]
2026-07-16 23:25:40 [com.xxl.job.core.thread.TriggerCallbackThread#callbackLog]-[197]-[Thread-80] <br>----------- xxl-job job callback fail, callbackResult:ReturnT [code=500, msg=xxl-rpc remoting fail, StatusCode(404) invalid. for url : http://localhost:8080/xxl-job-admin/api/callback, content=null]
2026-07-16 23:26:10 [com.xxl.job.core.thread.TriggerCallbackThread#callbackLog]-[197]-[Thread-80] <br>----------- xxl-job job callback fail, callbackResult:ReturnT [code=500, msg=xxl-rpc remoting fail, StatusCode(404) invalid. for url : http://localhost:8080/xxl-job-admin/api/callback, content=null]
2026-07-16 23:26:40 [com.xxl.job.core.thread.TriggerCallbackThread#callbackLog]-[197]-[Thread-80] <br>----------- xxl-job job callback fail, callbackResult:ReturnT [code=500, msg=xxl-rpc remoting fail, StatusCode(404) invalid. for url : http://localhost:8080/xxl-job-admin/api/callback, content=null]
2026-07-16 23:27:10 [com.xxl.job.core.thread.TriggerCallbackThread#callbackLog]-[197]-[Thread-80] <br>----------- xxl-job job callback fail, callbackResult:ReturnT [code=500, msg=xxl-rpc remoting fail, StatusCode(404) invalid. for url : http://localhost:8080/xxl-job-admin/api/callback, content=null]
2026-07-16 23:27:40 [com.xxl.job.core.thread.TriggerCallbackThread#callbackLog]-[197]-[Thread-80] <br>----------- xxl-job job callback fail, callbackResult:ReturnT [code=500, msg=xxl-rpc remoting fail, StatusCode(404) invalid. for url : http://localhost:8080/xxl-job-admin/api/callback, content=null]
2026-07-16 23:28:10 [com.xxl.job.core.thread.TriggerCallbackThread#callbackLog]-[197]-[Thread-80] <br>----------- xxl-job job callback fail, callbackResult:ReturnT [code=500, msg=xxl-rpc remoting fail, StatusCode(404) invalid. for url : http://localhost:8080/xxl-job-admin/api/callback, content=null]
2026-07-16 23:28:40 [com.xxl.job.core.thread.TriggerCallbackThread#callbackLog]-[197]-[Thread-80] <br>----------- xxl-job job callback fail, callbackResult:ReturnT [code=500, msg=xxl-rpc remoting fail, StatusCode(404) invalid. for url : http://localhost:8080/xxl-job-admin/api/callback, content=null]
2026-07-16 23:29:10 [com.xxl.job.core.thread.TriggerCallbackThread#callbackLog]-[197]-[Thread-80] <br>----------- xxl-job job callback fail, callbackResult:ReturnT [code=500, msg=xxl-rpc remoting fail, StatusCode(404) invalid. for url : http://localhost:8080/xxl-job-admin/api/callback, content=null]
2026-07-16 23:29:40 [com.xxl.job.core.thread.TriggerCallbackThread#callbackLog]-[197]-[Thread-80] <br>----------- xxl-job job callback fail, callbackResult:ReturnT [code=500, msg=xxl-rpc remoting fail, StatusCode(404) invalid. for url : http://localhost:8080/xxl-job-admin/api/callback, content=null]
2026-07-16 23:30:10 [com.xxl.job.core.thread.TriggerCallbackThread#callbackLog]-[197]-[Thread-80] <br>----------- xxl-job job callback fail, callbackResult:ReturnT [code=500, msg=xxl-rpc remoting fail, StatusCode(404) invalid. for url : http://localhost:8080/xxl-job-admin/api/callback, content=null]
2026-07-16 23:30:40 [com.xxl.job.core.thread.TriggerCallbackThread#callbackLog]-[197]-[Thread-80] <br>----------- xxl-job job callback fail, callbackResult:ReturnT [code=500, msg=xxl-rpc remoting fail, StatusCode(404) invalid. for url : http://localhost:8080/xxl-job-admin/api/callback, content=null]
2026-07-16 23:31:10 [com.xxl.job.core.thread.TriggerCallbackThread#callbackLog]-[197]-[Thread-80] <br>----------- xxl-job job callback fail, callbackResult:ReturnT [code=500, msg=xxl-rpc remoting fail, StatusCode(404) invalid. for url : http://localhost:8080/xxl-job-admin/api/callback, content=null]
2026-07-16 23:31:40 [com.xxl.job.core.thread.TriggerCallbackThread#callbackLog]-[197]-[Thread-80] <br>----------- xxl-job job callback fail, callbackResult:ReturnT [code=500, msg=xxl-rpc remoting fail, StatusCode(404) invalid. for url : http://localhost:8080/xxl-job-admin/api/callback, content=null]
2026-07-16 23:36:04 [com.xxl.job.core.thread.TriggerCallbackThread#callbackLog]-[197]-[Thread-82] <br>----------- xxl-job job callback fail, callbackResult:ReturnT [code=500, msg=xxl-rpc remoting fail, StatusCode(404) invalid. for url : http://localhost:8080/xxl-job-admin/api/callback, content=null]
2026-07-16 23:36:34 [com.xxl.job.core.thread.TriggerCallbackThread#callbackLog]-[197]-[Thread-82] <br>----------- xxl-job job callback fail, callbackResult:ReturnT [code=500, msg=xxl-rpc remoting fail, StatusCode(404) invalid. for url : http://localhost:8080/xxl-job-admin/api/callback, content=null]
2026-07-16 23:37:09 [com.xxl.job.core.thread.TriggerCallbackThread#callbackLog]-[197]-[Thread-82] <br>----------- xxl-job job callback fail, callbackResult:ReturnT [code=500, msg=xxl-rpc remoting fail, StatusCode(404) invalid. for url : http://localhost:8080/xxl-job-admin/api/callback, content=null]
2026-07-16 23:37:42 [com.xxl.job.core.thread.TriggerCallbackThread#callbackLog]-[197]-[Thread-82] <br>----------- xxl-job job callback fail, callbackResult:ReturnT [code=500, msg=xxl-rpc remoting fail, StatusCode(404) invalid. for url : http://localhost:8080/xxl-job-admin/api/callback, content=null]
2026-07-16 23:38:12 [com.xxl.job.core.thread.TriggerCallbackThread#callbackLog]-[197]-[Thread-82] <br>----------- xxl-job job callback fail, callbackResult:ReturnT [code=500, msg=xxl-rpc remoting fail, StatusCode(404) invalid. for url : http://localhost:8080/xxl-job-admin/api/callback, content=null]
2026-07-16 23:39:06 [com.xxl.job.core.thread.TriggerCallbackThread#callbackLog]-[197]-[Thread-82] <br>----------- xxl-job job callback fail, callbackResult:ReturnT [code=500, msg=xxl-rpc remoting fail, StatusCode(404) invalid. for url : http://localhost:8080/xxl-job-admin/api/callback, content=null]
2026-07-16 23:39:40 [com.xxl.job.core.thread.TriggerCallbackThread#callbackLog]-[197]-[Thread-82] <br>----------- xxl-job job callback fail, callbackResult:ReturnT [code=500, msg=xxl-rpc remoting fail, StatusCode(404) invalid. for url : http://localhost:8080/xxl-job-admin/api/callback, content=null]
2026-07-16 23:40:10 [com.xxl.job.core.thread.TriggerCallbackThread#callbackLog]-[197]-[Thread-82] <br>----------- xxl-job job callback fail, callbackResult:ReturnT [code=500, msg=xxl-rpc remoting fail, StatusCode(404) invalid. for url : http://localhost:8080/xxl-job-admin/api/callback, content=null]
2026-07-16 23:40:40 [com.xxl.job.core.thread.TriggerCallbackThread#callbackLog]-[197]-[Thread-82] <br>----------- xxl-job job callback fail, callbackResult:ReturnT [code=500, msg=xxl-rpc remoting fail, StatusCode(404) invalid. for url : http://localhost:8080/xxl-job-admin/api/callback, content=null]
2026-07-16 23:41:10 [com.xxl.job.core.thread.TriggerCallbackThread#callbackLog]-[197]-[Thread-82] <br>----------- xxl-job job callback fail, callbackResult:ReturnT [code=500, msg=xxl-rpc remoting fail, StatusCode(404) invalid. for url : http://localhost:8080/xxl-job-admin/api/callback, content=null]
2026-07-16 23:41:40 [com.xxl.job.core.thread.TriggerCallbackThread#callbackLog]-[197]-[Thread-82] <br>----------- xxl-job job callback fail, callbackResult:ReturnT [code=500, msg=xxl-rpc remoting fail, StatusCode(404) invalid. for url : http://localhost:8080/xxl-job-admin/api/callback, content=null]
2026-07-16 23:42:10 [com.xxl.job.core.thread.TriggerCallbackThread#callbackLog]-[197]-[Thread-82] <br>----------- xxl-job job callback fail, callbackResult:ReturnT [code=500, msg=xxl-rpc remoting fail, StatusCode(404) invalid. for url : http://localhost:8080/xxl-job-admin/api/callback, content=null]
2026-07-16 23:42:41 [com.xxl.job.core.thread.TriggerCallbackThread#callbackLog]-[197]-[Thread-82] <br>----------- xxl-job job callback fail, callbackResult:ReturnT [code=500, msg=xxl-rpc remoting fail, StatusCode(404) invalid. for url : http://localhost:8080/xxl-job-admin/api/callback, content=null]
2026-07-16 23:43:11 [com.xxl.job.core.thread.TriggerCallbackThread#callbackLog]-[197]-[Thread-82] <br>----------- xxl-job job callback fail, callbackResult:ReturnT [code=500, msg=xxl-rpc remoting fail, StatusCode(404) invalid. for url : http://localhost:8080/xxl-job-admin/api/callback, content=null]
2026-07-16 23:43:41 [com.xxl.job.core.thread.TriggerCallbackThread#callbackLog]-[197]-[Thread-82] <br>----------- xxl-job job callback fail, callbackResult:ReturnT [code=500, msg=xxl-rpc remoting fail, StatusCode(404) invalid. for url : http://localhost:8080/xxl-job-admin/api/callback, content=null]
2026-07-16 23:44:11 [com.xxl.job.core.thread.TriggerCallbackThread#callbackLog]-[197]-[Thread-82] <br>----------- xxl-job job callback fail, callbackResult:ReturnT [code=500, msg=xxl-rpc remoting fail, StatusCode(404) invalid. for url : http://localhost:8080/xxl-job-admin/api/callback, content=null]
2026-07-16 23:44:41 [com.xxl.job.core.thread.TriggerCallbackThread#callbackLog]-[197]-[Thread-82] <br>----------- xxl-job job callback fail, callbackResult:ReturnT [code=500, msg=xxl-rpc remoting fail, StatusCode(404) invalid. for url : http://localhost:8080/xxl-job-admin/api/callback, content=null]
2026-07-16 23:45:11 [com.xxl.job.core.thread.TriggerCallbackThread#callbackLog]-[197]-[Thread-82] <br>----------- xxl-job job callback fail, callbackResult:ReturnT [code=500, msg=xxl-rpc remoting fail, StatusCode(404) invalid. for url : http://localhost:8080/xxl-job-admin/api/callback, content=null]
2026-07-16 23:45:41 [com.xxl.job.core.thread.TriggerCallbackThread#callbackLog]-[197]-[Thread-82] <br>----------- xxl-job job callback fail, callbackResult:ReturnT [code=500, msg=xxl-rpc remoting fail, StatusCode(404) invalid. for url : http://localhost:8080/xxl-job-admin/api/callback, content=null]
2026-07-16 23:46:11 [com.xxl.job.core.thread.TriggerCallbackThread#callbackLog]-[197]-[Thread-82] <br>----------- xxl-job job callback fail, callbackResult:ReturnT [code=500, msg=xxl-rpc remoting fail, StatusCode(404) invalid. for url : http://localhost:8080/xxl-job-admin/api/callback, content=null]
2026-07-16 23:46:41 [com.xxl.job.core.thread.TriggerCallbackThread#callbackLog]-[197]-[Thread-82] <br>----------- xxl-job job callback fail, callbackResult:ReturnT [code=500, msg=xxl-rpc remoting fail, StatusCode(404) invalid. for url : http://localhost:8080/xxl-job-admin/api/callback, content=null]
2026-07-16 23:47:11 [com.xxl.job.core.thread.TriggerCallbackThread#callbackLog]-[197]-[Thread-82] <br>----------- xxl-job job callback fail, callbackResult:ReturnT [code=500, msg=xxl-rpc remoting fail, StatusCode(404) invalid. for url : http://localhost:8080/xxl-job-admin/api/callback, content=null]
2026-07-16 23:47:41 [com.xxl.job.core.thread.TriggerCallbackThread#callbackLog]-[197]-[Thread-82] <br>----------- xxl-job job callback fail, callbackResult:ReturnT [code=500, msg=xxl-rpc remoting fail, StatusCode(404) invalid. for url : http://localhost:8080/xxl-job-admin/api/callback, content=null]
2026-07-16 23:48:11 [com.xxl.job.core.thread.TriggerCallbackThread#callbackLog]-[197]-[Thread-82] <br>----------- xxl-job job callback fail, callbackResult:ReturnT [code=500, msg=xxl-rpc remoting fail, StatusCode(404) invalid. for url : http://localhost:8080/xxl-job-admin/api/callback, content=null]
2026-07-16 23:48:41 [com.xxl.job.core.thread.TriggerCallbackThread#callbackLog]-[197]-[Thread-82] <br>----------- xxl-job job callback fail, callbackResult:ReturnT [code=500, msg=xxl-rpc remoting fail, StatusCode(404) invalid. for url : http://localhost:8080/xxl-job-admin/api/callback, content=null]
2026-07-16 23:49:11 [com.xxl.job.core.thread.TriggerCallbackThread#callbackLog]-[197]-[Thread-82] <br>----------- xxl-job job callback fail, callbackResult:ReturnT [code=500, msg=xxl-rpc remoting fail, StatusCode(404) invalid. for url : http://localhost:8080/xxl-job-admin/api/callback, content=null]
2026-07-16 23:49:41 [com.xxl.job.core.thread.TriggerCallbackThread#callbackLog]-[197]-[Thread-82] <br>----------- xxl-job job callback fail, callbackResult:ReturnT [code=500, msg=xxl-rpc remoting fail, StatusCode(404) invalid. for url : http://localhost:8080/xxl-job-admin/api/callback, content=null]
2026-07-16 23:50:11 [com.xxl.job.core.thread.TriggerCallbackThread#callbackLog]-[197]-[Thread-82] <br>----------- xxl-job job callback fail, callbackResult:ReturnT [code=500, msg=xxl-rpc remoting fail, StatusCode(404) invalid. for url : http://localhost:8080/xxl-job-admin/api/callback, content=null]
2026-07-16 23:50:41 [com.xxl.job.core.thread.TriggerCallbackThread#callbackLog]-[197]-[Thread-82] <br>----------- xxl-job job callback fail, callbackResult:ReturnT [code=500, msg=xxl-rpc remoting fail, StatusCode(404) invalid. for url : http://localhost:8080/xxl-job-admin/api/callback, content=null]
2026-07-16 23:51:11 [com.xxl.job.core.thread.TriggerCallbackThread#callbackLog]-[197]-[Thread-82] <br>----------- xxl-job job callback fail, callbackResult:ReturnT [code=500, msg=xxl-rpc remoting fail, StatusCode(404) invalid. for url : http://localhost:8080/xxl-job-admin/api/callback, content=null]
2026-07-16 23:51:41 [com.xxl.job.core.thread.TriggerCallbackThread#callbackLog]-[197]-[Thread-82] <br>----------- xxl-job job callback fail, callbackResult:ReturnT [code=500, msg=xxl-rpc remoting fail, StatusCode(404) invalid. for url : http://localhost:8080/xxl-job-admin/api/callback, content=null]
2026-07-16 23:52:11 [com.xxl.job.core.thread.TriggerCallbackThread#callbackLog]-[197]-[Thread-82] <br>----------- xxl-job job callback fail, callbackResult:ReturnT [code=500, msg=xxl-rpc remoting fail, StatusCode(404) invalid. for url : http://localhost:8080/xxl-job-admin/api/callback, content=null]
2026-07-16 23:52:41 [com.xxl.job.core.thread.TriggerCallbackThread#callbackLog]-[197]-[Thread-82] <br>----------- xxl-job job callback fail, callbackResult:ReturnT [code=500, msg=xxl-rpc remoting fail, StatusCode(404) invalid. for url : http://localhost:8080/xxl-job-admin/api/callback, content=null]
2026-07-16 23:53:11 [com.xxl.job.core.thread.TriggerCallbackThread#callbackLog]-[197]-[Thread-82] <br>----------- xxl-job job callback fail, callbackResult:ReturnT [code=500, msg=xxl-rpc remoting fail, StatusCode(404) invalid. for url : http://localhost:8080/xxl-job-admin/api/callback, content=null]
2026-07-16 23:53:41 [com.xxl.job.core.thread.TriggerCallbackThread#callbackLog]-[197]-[Thread-82] <br>----------- xxl-job job callback fail, callbackResult:ReturnT [code=500, msg=xxl-rpc remoting fail, StatusCode(404) invalid. for url : http://localhost:8080/xxl-job-admin/api/callback, content=null]
2026-07-16 23:54:11 [com.xxl.job.core.thread.TriggerCallbackThread#callbackLog]-[197]-[Thread-82] <br>----------- xxl-job job callback fail, callbackResult:ReturnT [code=500, msg=xxl-rpc remoting fail, StatusCode(404) invalid. for url : http://localhost:8080/xxl-job-admin/api/callback, content=null]
2026-07-16 23:54:42 [com.xxl.job.core.thread.TriggerCallbackThread#callbackLog]-[197]-[Thread-82] <br>----------- xxl-job job callback fail, callbackResult:ReturnT [code=500, msg=xxl-rpc remoting fail, StatusCode(404) invalid. for url : http://localhost:8080/xxl-job-admin/api/callback, content=null]
2026-07-16 23:55:12 [com.xxl.job.core.thread.TriggerCallbackThread#callbackLog]-[197]-[Thread-82] <br>----------- xxl-job job callback fail, callbackResult:ReturnT [code=500, msg=xxl-rpc remoting fail, StatusCode(404) invalid. for url : http://localhost:8080/xxl-job-admin/api/callback, content=null]
2026-07-16 23:55:42 [com.xxl.job.core.thread.TriggerCallbackThread#callbackLog]-[197]-[Thread-82] <br>----------- xxl-job job callback fail, callbackResult:ReturnT [code=500, msg=xxl-rpc remoting fail, StatusCode(404) invalid. for url : http://localhost:8080/xxl-job-admin/api/callback, content=null]
2026-07-16 23:56:12 [com.xxl.job.core.thread.TriggerCallbackThread#callbackLog]-[197]-[Thread-82] <br>----------- xxl-job job callback fail, callbackResult:ReturnT [code=500, msg=xxl-rpc remoting fail, StatusCode(404) invalid. for url : http://localhost:8080/xxl-job-admin/api/callback, content=null]
2026-07-16 23:56:42 [com.xxl.job.core.thread.TriggerCallbackThread#callbackLog]-[197]-[Thread-82] <br>----------- xxl-job job callback fail, callbackResult:ReturnT [code=500, msg=xxl-rpc remoting fail, StatusCode(404) invalid. for url : http://localhost:8080/xxl-job-admin/api/callback, content=null]
2026-07-16 23:57:18 [com.xxl.job.core.thread.TriggerCallbackThread#callbackLog]-[197]-[Thread-77] <br>----------- xxl-job job callback fail, callbackResult:ReturnT [code=500, msg=xxl-rpc remoting fail, StatusCode(404) invalid. for url : http://localhost:8080/xxl-job-admin/api/callback, content=null]
2026-07-17 11:06:05 [com.xxl.job.core.thread.TriggerCallbackThread#callbackLog]-[197]-[Thread-81] <br>----------- xxl-job job callback fail, callbackResult:ReturnT [code=500, msg=xxl-rpc remoting error(Connection refused: connect), for url : http://localhost:8080/xxl-job-admin/api/callback, content=null]
2026-07-17 11:06:51 [com.xxl.job.core.thread.TriggerCallbackThread#callbackLog]-[197]-[Thread-81] <br>----------- xxl-job job callback fail, callbackResult:ReturnT [code=500, msg=xxl-rpc remoting error(Connection refused: connect), for url : http://localhost:8080/xxl-job-admin/api/callback, content=null]
2026-07-17 11:08:31 [com.xxl.job.core.thread.TriggerCallbackThread#callbackLog]-[197]-[Thread-81] <br>----------- xxl-job job callback fail, callbackResult:ReturnT [code=500, msg=xxl-rpc remoting error(Connection refused: connect), for url : http://localhost:8080/xxl-job-admin/api/callback, content=null]
2026-07-17 11:11:14 [com.xxl.job.core.thread.TriggerCallbackThread#callbackLog]-[197]-[Thread-81] <br>----------- xxl-job job callback fail, callbackResult:ReturnT [code=500, msg=xxl-rpc remoting error(Connection refused: connect), for url : http://localhost:8080/xxl-job-admin/api/callback, content=null]
2026-07-17 11:12:02 [com.xxl.job.core.thread.TriggerCallbackThread#callbackLog]-[197]-[Thread-81] <br>----------- xxl-job job callback fail, callbackResult:ReturnT [code=500, msg=xxl-rpc remoting error(Connection refused: connect), for url : http://localhost:8080/xxl-job-admin/api/callback, content=null]
2026-07-17 11:12:51 [com.xxl.job.core.thread.TriggerCallbackThread#callbackLog]-[197]-[Thread-81] <br>----------- xxl-job job callback fail, callbackResult:ReturnT [code=500, msg=xxl-rpc remoting error(Connection refused: connect), for url : http://localhost:8080/xxl-job-admin/api/callback, content=null]
2026-07-17 11:13:39 [com.xxl.job.core.thread.TriggerCallbackThread#callbackLog]-[197]-[Thread-81] <br>----------- xxl-job job callback fail, callbackResult:ReturnT [code=500, msg=xxl-rpc remoting error(Connection refused: connect), for url : http://localhost:8080/xxl-job-admin/api/callback, content=null]
2026-07-17 11:14:27 [com.xxl.job.core.thread.TriggerCallbackThread#callbackLog]-[197]-[Thread-81] <br>----------- xxl-job job callback fail, callbackResult:ReturnT [code=500, msg=xxl-rpc remoting error(Connection refused: connect), for url : http://localhost:8080/xxl-job-admin/api/callback, content=null]
2026-07-17 11:15:16 [com.xxl.job.core.thread.TriggerCallbackThread#callbackLog]-[197]-[Thread-81] <br>----------- xxl-job job callback fail, callbackResult:ReturnT [code=500, msg=xxl-rpc remoting error(Connection refused: connect), for url : http://localhost:8080/xxl-job-admin/api/callback, content=null]
2026-07-17 11:16:04 [com.xxl.job.core.thread.TriggerCallbackThread#callbackLog]-[197]-[Thread-81] <br>----------- xxl-job job callback fail, callbackResult:ReturnT [code=500, msg=xxl-rpc remoting error(Connection refused: connect), for url : http://localhost:8080/xxl-job-admin/api/callback, content=null]
2026-07-17 11:16:53 [com.xxl.job.core.thread.TriggerCallbackThread#callbackLog]-[197]-[Thread-81] <br>----------- xxl-job job callback fail, callbackResult:ReturnT [code=500, msg=xxl-rpc remoting error(Connection refused: connect), for url : http://localhost:8080/xxl-job-admin/api/callback, content=null]
2026-07-17 11:17:41 [com.xxl.job.core.thread.TriggerCallbackThread#callbackLog]-[197]-[Thread-81] <br>----------- xxl-job job callback fail, callbackResult:ReturnT [code=500, msg=xxl-rpc remoting error(Connection refused: connect), for url : http://localhost:8080/xxl-job-admin/api/callback, content=null]
2026-07-17 11:18:29 [com.xxl.job.core.thread.TriggerCallbackThread#callbackLog]-[197]-[Thread-81] <br>----------- xxl-job job callback fail, callbackResult:ReturnT [code=500, msg=xxl-rpc remoting error(Connection refused: connect), for url : http://localhost:8080/xxl-job-admin/api/callback, content=null]
2026-07-17 11:19:18 [com.xxl.job.core.thread.TriggerCallbackThread#callbackLog]-[197]-[Thread-81] <br>----------- xxl-job job callback fail, callbackResult:ReturnT [code=500, msg=xxl-rpc remoting error(Connection refused: connect), for url : http://localhost:8080/xxl-job-admin/api/callback, content=null]
2026-07-17 11:20:06 [com.xxl.job.core.thread.TriggerCallbackThread#callbackLog]-[197]-[Thread-81] <br>----------- xxl-job job callback fail, callbackResult:ReturnT [code=500, msg=xxl-rpc remoting error(Connection refused: connect), for url : http://localhost:8080/xxl-job-admin/api/callback, content=null]
2026-07-17 11:20:55 [com.xxl.job.core.thread.TriggerCallbackThread#callbackLog]-[197]-[Thread-81] <br>----------- xxl-job job callback fail, callbackResult:ReturnT [code=500, msg=xxl-rpc remoting error(Connection refused: connect), for url : http://localhost:8080/xxl-job-admin/api/callback, content=null]
2026-07-17 11:21:43 [com.xxl.job.core.thread.TriggerCallbackThread#callbackLog]-[197]-[Thread-81] <br>----------- xxl-job job callback fail, callbackResult:ReturnT [code=500, msg=xxl-rpc remoting error(Connection refused: connect), for url : http://localhost:8080/xxl-job-admin/api/callback, content=null]
2026-07-17 11:22:31 [com.xxl.job.core.thread.TriggerCallbackThread#callbackLog]-[197]-[Thread-81] <br>----------- xxl-job job callback fail, callbackResult:ReturnT [code=500, msg=xxl-rpc remoting error(Connection refused: connect), for url : http://localhost:8080/xxl-job-admin/api/callback, content=null]
2026-07-17 11:23:20 [com.xxl.job.core.thread.TriggerCallbackThread#callbackLog]-[197]-[Thread-81] <br>----------- xxl-job job callback fail, callbackResult:ReturnT [code=500, msg=xxl-rpc remoting error(Connection refused: connect), for url : http://localhost:8080/xxl-job-admin/api/callback, content=null]
2026-07-17 11:24:08 [com.xxl.job.core.thread.TriggerCallbackThread#callbackLog]-[197]-[Thread-81] <br>----------- xxl-job job callback fail, callbackResult:ReturnT [code=500, msg=xxl-rpc remoting error(Connection refused: connect), for url : http://localhost:8080/xxl-job-admin/api/callback, content=null]
2026-07-17 11:24:57 [com.xxl.job.core.thread.TriggerCallbackThread#callbackLog]-[197]-[Thread-81] <br>----------- xxl-job job callback fail, callbackResult:ReturnT [code=500, msg=xxl-rpc remoting error(Connection refused: connect), for url : http://localhost:8080/xxl-job-admin/api/callback, content=null]
2026-07-17 11:25:45 [com.xxl.job.core.thread.TriggerCallbackThread#callbackLog]-[197]-[Thread-81] <br>----------- xxl-job job callback fail, callbackResult:ReturnT [code=500, msg=xxl-rpc remoting error(Connection refused: connect), for url : http://localhost:8080/xxl-job-admin/api/callback, content=null]
2026-07-17 11:26:34 [com.xxl.job.core.thread.TriggerCallbackThread#callbackLog]-[197]-[Thread-81] <br>----------- xxl-job job callback fail, callbackResult:ReturnT [code=500, msg=xxl-rpc remoting error(Connection refused: connect), for url : http://localhost:8080/xxl-job-admin/api/callback, content=null]
2026-07-17 11:27:22 [com.xxl.job.core.thread.TriggerCallbackThread#callbackLog]-[197]-[Thread-81] <br>----------- xxl-job job callback fail, callbackResult:ReturnT [code=500, msg=xxl-rpc remoting error(Connection refused: connect), for url : http://localhost:8080/xxl-job-admin/api/callback, content=null]
2026-07-17 11:28:10 [com.xxl.job.core.thread.TriggerCallbackThread#callbackLog]-[197]-[Thread-81] <br>----------- xxl-job job callback fail, callbackResult:ReturnT [code=500, msg=xxl-rpc remoting error(Connection refused: connect), for url : http://localhost:8080/xxl-job-admin/api/callback, content=null]
2026-07-17 11:28:59 [com.xxl.job.core.thread.TriggerCallbackThread#callbackLog]-[197]-[Thread-81] <br>----------- xxl-job job callback fail, callbackResult:ReturnT [code=500, msg=xxl-rpc remoting error(Connection refused: connect), for url : http://localhost:8080/xxl-job-admin/api/callback, content=null]
2026-07-17 11:29:47 [com.xxl.job.core.thread.TriggerCallbackThread#callbackLog]-[197]-[Thread-81] <br>----------- xxl-job job callback fail, callbackResult:ReturnT [code=500, msg=xxl-rpc remoting error(Connection refused: connect), for url : http://localhost:8080/xxl-job-admin/api/callback, content=null]
2026-07-17 11:30:36 [com.xxl.job.core.thread.TriggerCallbackThread#callbackLog]-[197]-[Thread-81] <br>----------- xxl-job job callback fail, callbackResult:ReturnT [code=500, msg=xxl-rpc remoting error(Connection refused: connect), for url : http://localhost:8080/xxl-job-admin/api/callback, content=null]
2026-07-17 11:31:24 [com.xxl.job.core.thread.TriggerCallbackThread#callbackLog]-[197]-[Thread-81] <br>----------- xxl-job job callback fail, callbackResult:ReturnT [code=500, msg=xxl-rpc remoting error(Connection refused: connect), for url : http://localhost:8080/xxl-job-admin/api/callback, content=null]
2026-07-17 11:32:12 [com.xxl.job.core.thread.TriggerCallbackThread#callbackLog]-[197]-[Thread-81] <br>----------- xxl-job job callback fail, callbackResult:ReturnT [code=500, msg=xxl-rpc remoting error(Connection refused: connect), for url : http://localhost:8080/xxl-job-admin/api/callback, content=null]
2026-07-17 11:33:00 [com.xxl.job.core.thread.TriggerCallbackThread#callbackLog]-[197]-[Thread-81] <br>----------- xxl-job job callback fail, callbackResult:ReturnT [code=500, msg=xxl-rpc remoting error(Connection refused: connect), for url : http://localhost:8080/xxl-job-admin/api/callback, content=null]
2026-07-17 11:33:49 [com.xxl.job.core.thread.TriggerCallbackThread#callbackLog]-[197]-[Thread-81] <br>----------- xxl-job job callback fail, callbackResult:ReturnT [code=500, msg=xxl-rpc remoting error(Connection refused: connect), for url : http://localhost:8080/xxl-job-admin/api/callback, content=null]
2026-07-17 11:34:37 [com.xxl.job.core.thread.TriggerCallbackThread#callbackLog]-[197]-[Thread-81] <br>----------- xxl-job job callback fail, callbackResult:ReturnT [code=500, msg=xxl-rpc remoting error(Connection refused: connect), for url : http://localhost:8080/xxl-job-admin/api/callback, content=null]
2026-07-17 11:35:25 [com.xxl.job.core.thread.TriggerCallbackThread#callbackLog]-[197]-[Thread-81] <br>----------- xxl-job job callback fail, callbackResult:ReturnT [code=500, msg=xxl-rpc remoting error(Connection refused: connect), for url : http://localhost:8080/xxl-job-admin/api/callback, content=null]
2026-07-17 11:36:14 [com.xxl.job.core.thread.TriggerCallbackThread#callbackLog]-[197]-[Thread-81] <br>----------- xxl-job job callback fail, callbackResult:ReturnT [code=500, msg=xxl-rpc remoting error(Connection refused: connect), for url : http://localhost:8080/xxl-job-admin/api/callback, content=null]
2026-07-17 11:37:02 [com.xxl.job.core.thread.TriggerCallbackThread#callbackLog]-[197]-[Thread-81] <br>----------- xxl-job job callback fail, callbackResult:ReturnT [code=500, msg=xxl-rpc remoting error(Connection refused: connect), for url : http://localhost:8080/xxl-job-admin/api/callback, content=null]
2026-07-17 13:31:01 [com.xxl.job.core.thread.TriggerCallbackThread#callbackLog]-[197]-[Thread-81] <br>----------- xxl-job job callback fail, callbackResult:ReturnT [code=500, msg=xxl-rpc remoting error(Connection refused: connect), for url : http://localhost:8080/xxl-job-admin/api/callback, content=null]
2026-07-17 13:31:50 [com.xxl.job.core.thread.TriggerCallbackThread#callbackLog]-[197]-[Thread-81] <br>----------- xxl-job job callback fail, callbackResult:ReturnT [code=500, msg=xxl-rpc remoting error(Connection refused: connect), for url : http://localhost:8080/xxl-job-admin/api/callback, content=null]
2026-07-17 13:32:38 [com.xxl.job.core.thread.TriggerCallbackThread#callbackLog]-[197]-[Thread-81] <br>----------- xxl-job job callback fail, callbackResult:ReturnT [code=500, msg=xxl-rpc remoting error(Connection refused: connect), for url : http://localhost:8080/xxl-job-admin/api/callback, content=null]
2026-07-17 13:33:26 [com.xxl.job.core.thread.TriggerCallbackThread#callbackLog]-[197]-[Thread-81] <br>----------- xxl-job job callback fail, callbackResult:ReturnT [code=500, msg=xxl-rpc remoting error(Connection refused: connect), for url : http://localhost:8080/xxl-job-admin/api/callback, content=null]
2026-07-17 13:34:15 [com.xxl.job.core.thread.TriggerCallbackThread#callbackLog]-[197]-[Thread-81] <br>----------- xxl-job job callback fail, callbackResult:ReturnT [code=500, msg=xxl-rpc remoting error(Connection refused: connect), for url : http://localhost:8080/xxl-job-admin/api/callback, content=null]
2026-07-17 13:35:03 [com.xxl.job.core.thread.TriggerCallbackThread#callbackLog]-[197]-[Thread-81] <br>----------- xxl-job job callback fail, callbackResult:ReturnT [code=500, msg=xxl-rpc remoting error(Connection refused: connect), for url : http://localhost:8080/xxl-job-admin/api/callback, content=null]
2026-07-17 13:35:51 [com.xxl.job.core.thread.TriggerCallbackThread#callbackLog]-[197]-[Thread-81] <br>----------- xxl-job job callback fail, callbackResult:ReturnT [code=500, msg=xxl-rpc remoting error(Connection refused: connect), for url : http://localhost:8080/xxl-job-admin/api/callback, content=null]
2026-07-17 13:36:40 [com.xxl.job.core.thread.TriggerCallbackThread#callbackLog]-[197]-[Thread-81] <br>----------- xxl-job job callback fail, callbackResult:ReturnT [code=500, msg=xxl-rpc remoting error(Connection refused: connect), for url : http://localhost:8080/xxl-job-admin/api/callback, content=null]
2026-07-17 13:37:28 [com.xxl.job.core.thread.TriggerCallbackThread#callbackLog]-[197]-[Thread-81] <br>----------- xxl-job job callback fail, callbackResult:ReturnT [code=500, msg=xxl-rpc remoting error(Connection refused: connect), for url : http://localhost:8080/xxl-job-admin/api/callback, content=null]
2026-07-17 13:38:16 [com.xxl.job.core.thread.TriggerCallbackThread#callbackLog]-[197]-[Thread-81] <br>----------- xxl-job job callback fail, callbackResult:ReturnT [code=500, msg=xxl-rpc remoting error(Connection refused: connect), for url : http://localhost:8080/xxl-job-admin/api/callback, content=null]
2026-07-17 13:39:05 [com.xxl.job.core.thread.TriggerCallbackThread#callbackLog]-[197]-[Thread-81] <br>----------- xxl-job job callback fail, callbackResult:ReturnT [code=500, msg=xxl-rpc remoting error(Connection refused: connect), for url : http://localhost:8080/xxl-job-admin/api/callback, content=null]
2026-07-17 13:39:53 [com.xxl.job.core.thread.TriggerCallbackThread#callbackLog]-[197]-[Thread-81] <br>----------- xxl-job job callback fail, callbackResult:ReturnT [code=500, msg=xxl-rpc remoting error(Connection refused: connect), for url : http://localhost:8080/xxl-job-admin/api/callback, content=null]
2026-07-17 13:40:42 [com.xxl.job.core.thread.TriggerCallbackThread#callbackLog]-[197]-[Thread-81] <br>----------- xxl-job job callback fail, callbackResult:ReturnT [code=500, msg=xxl-rpc remoting error(Connection refused: connect), for url : http://localhost:8080/xxl-job-admin/api/callback, content=null]
2026-07-17 13:41:30 [com.xxl.job.core.thread.TriggerCallbackThread#callbackLog]-[197]-[Thread-81] <br>----------- xxl-job job callback fail, callbackResult:ReturnT [code=500, msg=xxl-rpc remoting error(Connection refused: connect), for url : http://localhost:8080/xxl-job-admin/api/callback, content=null]
2026-07-17 13:42:18 [com.xxl.job.core.thread.TriggerCallbackThread#callbackLog]-[197]-[Thread-81] <br>----------- xxl-job job callback fail, callbackResult:ReturnT [code=500, msg=xxl-rpc remoting error(Connection refused: connect), for url : http://localhost:8080/xxl-job-admin/api/callback, content=null]
2026-07-17 13:43:47 [com.xxl.job.core.thread.TriggerCallbackThread#callbackLog]-[197]-[Thread-98] <br>----------- xxl-job job callback fail, callbackResult:ReturnT [code=500, msg=xxl-rpc remoting fail, StatusCode(404) invalid. for url : http://localhost:8080/xxl-job-admin/api/callback, content=null]
2026-07-17 13:44:17 [com.xxl.job.core.thread.TriggerCallbackThread#callbackLog]-[197]-[Thread-98] <br>----------- xxl-job job callback fail, callbackResult:ReturnT [code=500, msg=xxl-rpc remoting fail, StatusCode(404) invalid. for url : http://localhost:8080/xxl-job-admin/api/callback, content=null]
2026-07-17 13:44:47 [com.xxl.job.core.thread.TriggerCallbackThread#callbackLog]-[197]-[Thread-98] <br>----------- xxl-job job callback fail, callbackResult:ReturnT [code=500, msg=xxl-rpc remoting fail, StatusCode(404) invalid. for url : http://localhost:8080/xxl-job-admin/api/callback, content=null]
2026-07-17 13:45:17 [com.xxl.job.core.thread.TriggerCallbackThread#callbackLog]-[197]-[Thread-98] <br>----------- xxl-job job callback fail, callbackResult:ReturnT [code=500, msg=xxl-rpc remoting fail, StatusCode(404) invalid. for url : http://localhost:8080/xxl-job-admin/api/callback, content=null]
2026-07-17 13:45:47 [com.xxl.job.core.thread.TriggerCallbackThread#callbackLog]-[197]-[Thread-98] <br>----------- xxl-job job callback fail, callbackResult:ReturnT [code=500, msg=xxl-rpc remoting fail, StatusCode(404) invalid. for url : http://localhost:8080/xxl-job-admin/api/callback, content=null]
2026-07-17 13:46:17 [com.xxl.job.core.thread.TriggerCallbackThread#callbackLog]-[197]-[Thread-98] <br>----------- xxl-job job callback fail, callbackResult:ReturnT [code=500, msg=xxl-rpc remoting fail, StatusCode(404) invalid. for url : http://localhost:8080/xxl-job-admin/api/callback, content=null]
2026-07-17 13:46:47 [com.xxl.job.core.thread.TriggerCallbackThread#callbackLog]-[197]-[Thread-98] <br>----------- xxl-job job callback fail, callbackResult:ReturnT [code=500, msg=xxl-rpc remoting fail, StatusCode(404) invalid. for url : http://localhost:8080/xxl-job-admin/api/callback, content=null]
2026-07-17 13:47:18 [com.xxl.job.core.thread.TriggerCallbackThread#callbackLog]-[197]-[Thread-98] <br>----------- xxl-job job callback fail, callbackResult:ReturnT [code=500, msg=xxl-rpc remoting fail, StatusCode(404) invalid. for url : http://localhost:8080/xxl-job-admin/api/callback, content=null]
2026-07-17 13:47:48 [com.xxl.job.core.thread.TriggerCallbackThread#callbackLog]-[197]-[Thread-98] <br>----------- xxl-job job callback fail, callbackResult:ReturnT [code=500, msg=xxl-rpc remoting fail, StatusCode(404) invalid. for url : http://localhost:8080/xxl-job-admin/api/callback, content=null]
2026-07-17 13:48:18 [com.xxl.job.core.thread.TriggerCallbackThread#callbackLog]-[197]-[Thread-98] <br>----------- xxl-job job callback fail, callbackResult:ReturnT [code=500, msg=xxl-rpc remoting fail, StatusCode(404) invalid. for url : http://localhost:8080/xxl-job-admin/api/callback, content=null]
2026-07-17 13:48:48 [com.xxl.job.core.thread.TriggerCallbackThread#callbackLog]-[197]-[Thread-98] <br>----------- xxl-job job callback fail, callbackResult:ReturnT [code=500, msg=xxl-rpc remoting fail, StatusCode(404) invalid. for url : http://localhost:8080/xxl-job-admin/api/callback, content=null]
2026-07-17 13:49:18 [com.xxl.job.core.thread.TriggerCallbackThread#callbackLog]-[197]-[Thread-98] <br>----------- xxl-job job callback fail, callbackResult:ReturnT [code=500, msg=xxl-rpc remoting fail, StatusCode(404) invalid. for url : http://localhost:8080/xxl-job-admin/api/callback, content=null]
2026-07-17 13:49:48 [com.xxl.job.core.thread.TriggerCallbackThread#callbackLog]-[197]-[Thread-98] <br>----------- xxl-job job callback fail, callbackResult:ReturnT [code=500, msg=xxl-rpc remoting fail, StatusCode(404) invalid. for url : http://localhost:8080/xxl-job-admin/api/callback, content=null]
2026-07-17 13:50:19 [com.xxl.job.core.thread.TriggerCallbackThread#callbackLog]-[197]-[Thread-98] <br>----------- xxl-job job callback fail, callbackResult:ReturnT [code=500, msg=xxl-rpc remoting fail, StatusCode(404) invalid. for url : http://localhost:8080/xxl-job-admin/api/callback, content=null]
2026-07-17 13:50:49 [com.xxl.job.core.thread.TriggerCallbackThread#callbackLog]-[197]-[Thread-98] <br>----------- xxl-job job callback fail, callbackResult:ReturnT [code=500, msg=xxl-rpc remoting fail, StatusCode(404) invalid. for url : http://localhost:8080/xxl-job-admin/api/callback, content=null]
2026-07-17 13:51:19 [com.xxl.job.core.thread.TriggerCallbackThread#callbackLog]-[197]-[Thread-98] <br>----------- xxl-job job callback fail, callbackResult:ReturnT [code=500, msg=xxl-rpc remoting fail, StatusCode(404) invalid. for url : http://localhost:8080/xxl-job-admin/api/callback, content=null]
2026-07-17 13:51:49 [com.xxl.job.core.thread.TriggerCallbackThread#callbackLog]-[197]-[Thread-98] <br>----------- xxl-job job callback fail, callbackResult:ReturnT [code=500, msg=xxl-rpc remoting fail, StatusCode(404) invalid. for url : http://localhost:8080/xxl-job-admin/api/callback, content=null]
2026-07-17 13:52:19 [com.xxl.job.core.thread.TriggerCallbackThread#callbackLog]-[197]-[Thread-98] <br>----------- xxl-job job callback fail, callbackResult:ReturnT [code=500, msg=xxl-rpc remoting fail, StatusCode(404) invalid. for url : http://localhost:8080/xxl-job-admin/api/callback, content=null]
2026-07-17 13:52:49 [com.xxl.job.core.thread.TriggerCallbackThread#callbackLog]-[197]-[Thread-98] <br>----------- xxl-job job callback fail, callbackResult:ReturnT [code=500, msg=xxl-rpc remoting fail, StatusCode(404) invalid. for url : http://localhost:8080/xxl-job-admin/api/callback, content=null]
2026-07-17 13:53:19 [com.xxl.job.core.thread.TriggerCallbackThread#callbackLog]-[197]-[Thread-98] <br>----------- xxl-job job callback fail, callbackResult:ReturnT [code=500, msg=xxl-rpc remoting fail, StatusCode(404) invalid. for url : http://localhost:8080/xxl-job-admin/api/callback, content=null]
2026-07-17 13:53:49 [com.xxl.job.core.thread.TriggerCallbackThread#callbackLog]-[197]-[Thread-98] <br>----------- xxl-job job callback fail, callbackResult:ReturnT [code=500, msg=xxl-rpc remoting fail, StatusCode(404) invalid. for url : http://localhost:8080/xxl-job-admin/api/callback, content=null]
2026-07-17 13:54:19 [com.xxl.job.core.thread.TriggerCallbackThread#callbackLog]-[197]-[Thread-98] <br>----------- xxl-job job callback fail, callbackResult:ReturnT [code=500, msg=xxl-rpc remoting fail, StatusCode(404) invalid. for url : http://localhost:8080/xxl-job-admin/api/callback, content=null]
2026-07-17 13:54:49 [com.xxl.job.core.thread.TriggerCallbackThread#callbackLog]-[197]-[Thread-98] <br>----------- xxl-job job callback fail, callbackResult:ReturnT [code=500, msg=xxl-rpc remoting fail, StatusCode(404) invalid. for url : http://localhost:8080/xxl-job-admin/api/callback, content=null]
2026-07-17 13:55:19 [com.xxl.job.core.thread.TriggerCallbackThread#callbackLog]-[197]-[Thread-98] <br>----------- xxl-job job callback fail, callbackResult:ReturnT [code=500, msg=xxl-rpc remoting fail, StatusCode(404) invalid. for url : http://localhost:8080/xxl-job-admin/api/callback, content=null]
2026-07-17 13:55:49 [com.xxl.job.core.thread.TriggerCallbackThread#callbackLog]-[197]-[Thread-98] <br>----------- xxl-job job callback fail, callbackResult:ReturnT [code=500, msg=xxl-rpc remoting fail, StatusCode(404) invalid. for url : http://localhost:8080/xxl-job-admin/api/callback, content=null]
2026-07-17 13:56:19 [com.xxl.job.core.thread.TriggerCallbackThread#callbackLog]-[197]-[Thread-98] <br>----------- xxl-job job callback fail, callbackResult:ReturnT [code=500, msg=xxl-rpc remoting fail, StatusCode(404) invalid. for url : http://localhost:8080/xxl-job-admin/api/callback, content=null]
2026-07-17 13:56:49 [com.xxl.job.core.thread.TriggerCallbackThread#callbackLog]-[197]-[Thread-98] <br>----------- xxl-job job callback fail, callbackResult:ReturnT [code=500, msg=xxl-rpc remoting fail, StatusCode(404) invalid. for url : http://localhost:8080/xxl-job-admin/api/callback, content=null]
2026-07-17 13:57:19 [com.xxl.job.core.thread.TriggerCallbackThread#callbackLog]-[197]-[Thread-98] <br>----------- xxl-job job callback fail, callbackResult:ReturnT [code=500, msg=xxl-rpc remoting fail, StatusCode(404) invalid. for url : http://localhost:8080/xxl-job-admin/api/callback, content=null]
2026-07-17 13:57:49 [com.xxl.job.core.thread.TriggerCallbackThread#callbackLog]-[197]-[Thread-98] <br>----------- xxl-job job callback fail, callbackResult:ReturnT [code=500, msg=xxl-rpc remoting fail, StatusCode(404) invalid. for url : http://localhost:8080/xxl-job-admin/api/callback, content=null]
2026-07-17 13:58:19 [com.xxl.job.core.thread.TriggerCallbackThread#callbackLog]-[197]-[Thread-98] <br>----------- xxl-job job callback fail, callbackResult:ReturnT [code=500, msg=xxl-rpc remoting fail, StatusCode(404) invalid. for url : http://localhost:8080/xxl-job-admin/api/callback, content=null]
2026-07-17 13:58:49 [com.xxl.job.core.thread.TriggerCallbackThread#callbackLog]-[197]-[Thread-98] <br>----------- xxl-job job callback fail, callbackResult:ReturnT [code=500, msg=xxl-rpc remoting fail, StatusCode(404) invalid. for url : http://localhost:8080/xxl-job-admin/api/callback, content=null]
2026-07-17 13:59:20 [com.xxl.job.core.thread.TriggerCallbackThread#callbackLog]-[197]-[Thread-98] <br>----------- xxl-job job callback fail, callbackResult:ReturnT [code=500, msg=xxl-rpc remoting fail, StatusCode(404) invalid. for url : http://localhost:8080/xxl-job-admin/api/callback, content=null]
2026-07-17 13:59:50 [com.xxl.job.core.thread.TriggerCallbackThread#callbackLog]-[197]-[Thread-98] <br>----------- xxl-job job callback fail, callbackResult:ReturnT [code=500, msg=xxl-rpc remoting fail, StatusCode(404) invalid. for url : http://localhost:8080/xxl-job-admin/api/callback, content=null]
2026-07-17 14:00:20 [com.xxl.job.core.thread.TriggerCallbackThread#callbackLog]-[197]-[Thread-98] <br>----------- xxl-job job callback fail, callbackResult:ReturnT [code=500, msg=xxl-rpc remoting fail, StatusCode(404) invalid. for url : http://localhost:8080/xxl-job-admin/api/callback, content=null]
2026-07-17 14:00:50 [com.xxl.job.core.thread.TriggerCallbackThread#callbackLog]-[197]-[Thread-98] <br>----------- xxl-job job callback fail, callbackResult:ReturnT [code=500, msg=xxl-rpc remoting fail, StatusCode(404) invalid. for url : http://localhost:8080/xxl-job-admin/api/callback, content=null]
2026-07-17 14:01:20 [com.xxl.job.core.thread.TriggerCallbackThread#callbackLog]-[197]-[Thread-98] <br>----------- xxl-job job callback fail, callbackResult:ReturnT [code=500, msg=xxl-rpc remoting fail, StatusCode(404) invalid. for url : http://localhost:8080/xxl-job-admin/api/callback, content=null]
2026-07-17 14:01:50 [com.xxl.job.core.thread.TriggerCallbackThread#callbackLog]-[197]-[Thread-98] <br>----------- xxl-job job callback fail, callbackResult:ReturnT [code=500, msg=xxl-rpc remoting fail, StatusCode(404) invalid. for url : http://localhost:8080/xxl-job-admin/api/callback, content=null]
2026-07-17 14:02:20 [com.xxl.job.core.thread.TriggerCallbackThread#callbackLog]-[197]-[Thread-98] <br>----------- xxl-job job callback fail, callbackResult:ReturnT [code=500, msg=xxl-rpc remoting fail, StatusCode(404) invalid. for url : http://localhost:8080/xxl-job-admin/api/callback, content=null]
2026-07-17 14:02:50 [com.xxl.job.core.thread.TriggerCallbackThread#callbackLog]-[197]-[Thread-98] <br>----------- xxl-job job callback fail, callbackResult:ReturnT [code=500, msg=xxl-rpc remoting fail, StatusCode(404) invalid. for url : http://localhost:8080/xxl-job-admin/api/callback, content=null]
2026-07-17 14:03:20 [com.xxl.job.core.thread.TriggerCallbackThread#callbackLog]-[197]-[Thread-98] <br>----------- xxl-job job callback fail, callbackResult:ReturnT [code=500, msg=xxl-rpc remoting fail, StatusCode(404) invalid. for url : http://localhost:8080/xxl-job-admin/api/callback, content=null]
2026-07-17 14:03:50 [com.xxl.job.core.thread.TriggerCallbackThread#callbackLog]-[197]-[Thread-98] <br>----------- xxl-job job callback fail, callbackResult:ReturnT [code=500, msg=xxl-rpc remoting fail, StatusCode(404) invalid. for url : http://localhost:8080/xxl-job-admin/api/callback, content=null]
2026-07-17 14:04:20 [com.xxl.job.core.thread.TriggerCallbackThread#callbackLog]-[197]-[Thread-98] <br>----------- xxl-job job callback fail, callbackResult:ReturnT [code=500, msg=xxl-rpc remoting fail, StatusCode(404) invalid. for url : http://localhost:8080/xxl-job-admin/api/callback, content=null]
2026-07-17 14:04:50 [com.xxl.job.core.thread.TriggerCallbackThread#callbackLog]-[197]-[Thread-98] <br>----------- xxl-job job callback fail, callbackResult:ReturnT [code=500, msg=xxl-rpc remoting fail, StatusCode(404) invalid. for url : http://localhost:8080/xxl-job-admin/api/callback, content=null]
2026-07-17 14:05:20 [com.xxl.job.core.thread.TriggerCallbackThread#callbackLog]-[197]-[Thread-98] <br>----------- xxl-job job callback fail, callbackResult:ReturnT [code=500, msg=xxl-rpc remoting fail, StatusCode(404) invalid. for url : http://localhost:8080/xxl-job-admin/api/callback, content=null]
2026-07-17 14:05:50 [com.xxl.job.core.thread.TriggerCallbackThread#callbackLog]-[197]-[Thread-98] <br>----------- xxl-job job callback fail, callbackResult:ReturnT [code=500, msg=xxl-rpc remoting fail, StatusCode(404) invalid. for url : http://localhost:8080/xxl-job-admin/api/callback, content=null]
2026-07-17 14:06:20 [com.xxl.job.core.thread.TriggerCallbackThread#callbackLog]-[197]-[Thread-98] <br>----------- xxl-job job callback fail, callbackResult:ReturnT [code=500, msg=xxl-rpc remoting fail, StatusCode(404) invalid. for url : http://localhost:8080/xxl-job-admin/api/callback, content=null]
2026-07-17 14:06:50 [com.xxl.job.core.thread.TriggerCallbackThread#callbackLog]-[197]-[Thread-98] <br>----------- xxl-job job callback fail, callbackResult:ReturnT [code=500, msg=xxl-rpc remoting fail, StatusCode(404) invalid. for url : http://localhost:8080/xxl-job-admin/api/callback, content=null]
2026-07-17 14:07:20 [com.xxl.job.core.thread.TriggerCallbackThread#callbackLog]-[197]-[Thread-98] <br>----------- xxl-job job callback fail, callbackResult:ReturnT [code=500, msg=xxl-rpc remoting fail, StatusCode(404) invalid. for url : http://localhost:8080/xxl-job-admin/api/callback, content=null]
2026-07-17 14:07:50 [com.xxl.job.core.thread.TriggerCallbackThread#callbackLog]-[197]-[Thread-98] <br>----------- xxl-job job callback fail, callbackResult:ReturnT [code=500, msg=xxl-rpc remoting fail, StatusCode(404) invalid. for url : http://localhost:8080/xxl-job-admin/api/callback, content=null]
2026-07-17 14:08:20 [com.xxl.job.core.thread.TriggerCallbackThread#callbackLog]-[197]-[Thread-98] <br>----------- xxl-job job callback fail, callbackResult:ReturnT [code=500, msg=xxl-rpc remoting fail, StatusCode(404) invalid. for url : http://localhost:8080/xxl-job-admin/api/callback, content=null]
2026-07-17 14:08:51 [com.xxl.job.core.thread.TriggerCallbackThread#callbackLog]-[197]-[Thread-98] <br>----------- xxl-job job callback fail, callbackResult:ReturnT [code=500, msg=xxl-rpc remoting fail, StatusCode(404) invalid. for url : http://localhost:8080/xxl-job-admin/api/callback, content=null]
2026-07-17 14:09:21 [com.xxl.job.core.thread.TriggerCallbackThread#callbackLog]-[197]-[Thread-98] <br>----------- xxl-job job callback fail, callbackResult:ReturnT [code=500, msg=xxl-rpc remoting fail, StatusCode(404) invalid. for url : http://localhost:8080/xxl-job-admin/api/callback, content=null]
2026-07-17 14:09:51 [com.xxl.job.core.thread.TriggerCallbackThread#callbackLog]-[197]-[Thread-98] <br>----------- xxl-job job callback fail, callbackResult:ReturnT [code=500, msg=xxl-rpc remoting fail, StatusCode(404) invalid. for url : http://localhost:8080/xxl-job-admin/api/callback, content=null]
2026-07-17 14:10:21 [com.xxl.job.core.thread.TriggerCallbackThread#callbackLog]-[197]-[Thread-98] <br>----------- xxl-job job callback fail, callbackResult:ReturnT [code=500, msg=xxl-rpc remoting fail, StatusCode(404) invalid. for url : http://localhost:8080/xxl-job-admin/api/callback, content=null]
2026-07-17 14:10:51 [com.xxl.job.core.thread.TriggerCallbackThread#callbackLog]-[197]-[Thread-98] <br>----------- xxl-job job callback fail, callbackResult:ReturnT [code=500, msg=xxl-rpc remoting fail, StatusCode(404) invalid. for url : http://localhost:8080/xxl-job-admin/api/callback, content=null]
2026-07-17 14:11:21 [com.xxl.job.core.thread.TriggerCallbackThread#callbackLog]-[197]-[Thread-98] <br>----------- xxl-job job callback fail, callbackResult:ReturnT [code=500, msg=xxl-rpc remoting fail, StatusCode(404) invalid. for url : http://localhost:8080/xxl-job-admin/api/callback, content=null]
2026-07-17 14:11:51 [com.xxl.job.core.thread.TriggerCallbackThread#callbackLog]-[197]-[Thread-98] <br>----------- xxl-job job callback fail, callbackResult:ReturnT [code=500, msg=xxl-rpc remoting fail, StatusCode(404) invalid. for url : http://localhost:8080/xxl-job-admin/api/callback, content=null]
2026-07-17 14:12:21 [com.xxl.job.core.thread.TriggerCallbackThread#callbackLog]-[197]-[Thread-98] <br>----------- xxl-job job callback fail, callbackResult:ReturnT [code=500, msg=xxl-rpc remoting fail, StatusCode(404) invalid. for url : http://localhost:8080/xxl-job-admin/api/callback, content=null]
2026-07-17 14:12:51 [com.xxl.job.core.thread.TriggerCallbackThread#callbackLog]-[197]-[Thread-98] <br>----------- xxl-job job callback fail, callbackResult:ReturnT [code=500, msg=xxl-rpc remoting fail, StatusCode(404) invalid. for url : http://localhost:8080/xxl-job-admin/api/callback, content=null]
2026-07-17 14:13:21 [com.xxl.job.core.thread.TriggerCallbackThread#callbackLog]-[197]-[Thread-98] <br>----------- xxl-job job callback fail, callbackResult:ReturnT [code=500, msg=xxl-rpc remoting fail, StatusCode(404) invalid. for url : http://localhost:8080/xxl-job-admin/api/callback, content=null]
2026-07-17 14:13:51 [com.xxl.job.core.thread.TriggerCallbackThread#callbackLog]-[197]-[Thread-98] <br>----------- xxl-job job callback fail, callbackResult:ReturnT [code=500, msg=xxl-rpc remoting fail, StatusCode(404) invalid. for url : http://localhost:8080/xxl-job-admin/api/callback, content=null]
2026-07-17 14:14:21 [com.xxl.job.core.thread.TriggerCallbackThread#callbackLog]-[197]-[Thread-98] <br>----------- xxl-job job callback fail, callbackResult:ReturnT [code=500, msg=xxl-rpc remoting fail, StatusCode(404) invalid. for url : http://localhost:8080/xxl-job-admin/api/callback, content=null]
2026-07-17 14:14:51 [com.xxl.job.core.thread.TriggerCallbackThread#callbackLog]-[197]-[Thread-98] <br>----------- xxl-job job callback fail, callbackResult:ReturnT [code=500, msg=xxl-rpc remoting fail, StatusCode(404) invalid. for url : http://localhost:8080/xxl-job-admin/api/callback, content=null]
2026-07-17 14:15:21 [com.xxl.job.core.thread.TriggerCallbackThread#callbackLog]-[197]-[Thread-98] <br>----------- xxl-job job callback fail, callbackResult:ReturnT [code=500, msg=xxl-rpc remoting fail, StatusCode(404) invalid. for url : http://localhost:8080/xxl-job-admin/api/callback, content=null]
2026-07-17 14:15:51 [com.xxl.job.core.thread.TriggerCallbackThread#callbackLog]-[197]-[Thread-98] <br>----------- xxl-job job callback fail, callbackResult:ReturnT [code=500, msg=xxl-rpc remoting fail, StatusCode(404) invalid. for url : http://localhost:8080/xxl-job-admin/api/callback, content=null]
2026-07-17 14:16:21 [com.xxl.job.core.thread.TriggerCallbackThread#callbackLog]-[197]-[Thread-98] <br>----------- xxl-job job callback fail, callbackResult:ReturnT [code=500, msg=xxl-rpc remoting fail, StatusCode(404) invalid. for url : http://localhost:8080/xxl-job-admin/api/callback, content=null]
2026-07-17 14:16:51 [com.xxl.job.core.thread.TriggerCallbackThread#callbackLog]-[197]-[Thread-98] <br>----------- xxl-job job callback fail, callbackResult:ReturnT [code=500, msg=xxl-rpc remoting fail, StatusCode(404) invalid. for url : http://localhost:8080/xxl-job-admin/api/callback, content=null]
2026-07-17 14:17:21 [com.xxl.job.core.thread.TriggerCallbackThread#callbackLog]-[197]-[Thread-98] <br>----------- xxl-job job callback fail, callbackResult:ReturnT [code=500, msg=xxl-rpc remoting fail, StatusCode(404) invalid. for url : http://localhost:8080/xxl-job-admin/api/callback, content=null]
2026-07-17 14:17:52 [com.xxl.job.core.thread.TriggerCallbackThread#callbackLog]-[197]-[Thread-98] <br>----------- xxl-job job callback fail, callbackResult:ReturnT [code=500, msg=xxl-rpc remoting fail, StatusCode(404) invalid. for url : http://localhost:8080/xxl-job-admin/api/callback, content=null]
2026-07-17 14:18:22 [com.xxl.job.core.thread.TriggerCallbackThread#callbackLog]-[197]-[Thread-98] <br>----------- xxl-job job callback fail, callbackResult:ReturnT [code=500, msg=xxl-rpc remoting fail, StatusCode(404) invalid. for url : http://localhost:8080/xxl-job-admin/api/callback, content=null]
2026-07-17 14:18:52 [com.xxl.job.core.thread.TriggerCallbackThread#callbackLog]-[197]-[Thread-98] <br>----------- xxl-job job callback fail, callbackResult:ReturnT [code=500, msg=xxl-rpc remoting fail, StatusCode(404) invalid. for url : http://localhost:8080/xxl-job-admin/api/callback, content=null]
2026-07-17 14:19:22 [com.xxl.job.core.thread.TriggerCallbackThread#callbackLog]-[197]-[Thread-98] <br>----------- xxl-job job callback fail, callbackResult:ReturnT [code=500, msg=xxl-rpc remoting fail, StatusCode(404) invalid. for url : http://localhost:8080/xxl-job-admin/api/callback, content=null]
2026-07-17 14:19:52 [com.xxl.job.core.thread.TriggerCallbackThread#callbackLog]-[197]-[Thread-98] <br>----------- xxl-job job callback fail, callbackResult:ReturnT [code=500, msg=xxl-rpc remoting fail, StatusCode(404) invalid. for url : http://localhost:8080/xxl-job-admin/api/callback, content=null]
2026-07-17 14:20:22 [com.xxl.job.core.thread.TriggerCallbackThread#callbackLog]-[197]-[Thread-98] <br>----------- xxl-job job callback fail, callbackResult:ReturnT [code=500, msg=xxl-rpc remoting fail, StatusCode(404) invalid. for url : http://localhost:8080/xxl-job-admin/api/callback, content=null]
2026-07-17 14:20:52 [com.xxl.job.core.thread.TriggerCallbackThread#callbackLog]-[197]-[Thread-98] <br>----------- xxl-job job callback fail, callbackResult:ReturnT [code=500, msg=xxl-rpc remoting fail, StatusCode(404) invalid. for url : http://localhost:8080/xxl-job-admin/api/callback, content=null]
2026-07-17 14:21:22 [com.xxl.job.core.thread.TriggerCallbackThread#callbackLog]-[197]-[Thread-98] <br>----------- xxl-job job callback fail, callbackResult:ReturnT [code=500, msg=xxl-rpc remoting fail, StatusCode(404) invalid. for url : http://localhost:8080/xxl-job-admin/api/callback, content=null]
2026-07-17 14:21:52 [com.xxl.job.core.thread.TriggerCallbackThread#callbackLog]-[197]-[Thread-98] <br>----------- xxl-job job callback fail, callbackResult:ReturnT [code=500, msg=xxl-rpc remoting fail, StatusCode(404) invalid. for url : http://localhost:8080/xxl-job-admin/api/callback, content=null]
2026-07-17 14:22:22 [com.xxl.job.core.thread.TriggerCallbackThread#callbackLog]-[197]-[Thread-98] <br>----------- xxl-job job callback fail, callbackResult:ReturnT [code=500, msg=xxl-rpc remoting fail, StatusCode(404) invalid. for url : http://localhost:8080/xxl-job-admin/api/callback, content=null]
2026-07-17 14:22:52 [com.xxl.job.core.thread.TriggerCallbackThread#callbackLog]-[197]-[Thread-98] <br>----------- xxl-job job callback fail, callbackResult:ReturnT [code=500, msg=xxl-rpc remoting fail, StatusCode(404) invalid. for url : http://localhost:8080/xxl-job-admin/api/callback, content=null]
2026-07-17 14:23:22 [com.xxl.job.core.thread.TriggerCallbackThread#callbackLog]-[197]-[Thread-98] <br>----------- xxl-job job callback fail, callbackResult:ReturnT [code=500, msg=xxl-rpc remoting fail, StatusCode(404) invalid. for url : http://localhost:8080/xxl-job-admin/api/callback, content=null]
2026-07-17 14:23:52 [com.xxl.job.core.thread.TriggerCallbackThread#callbackLog]-[197]-[Thread-98] <br>----------- xxl-job job callback fail, callbackResult:ReturnT [code=500, msg=xxl-rpc remoting fail, StatusCode(404) invalid. for url : http://localhost:8080/xxl-job-admin/api/callback, content=null]
2026-07-17 14:24:22 [com.xxl.job.core.thread.TriggerCallbackThread#callbackLog]-[197]-[Thread-98] <br>----------- xxl-job job callback fail, callbackResult:ReturnT [code=500, msg=xxl-rpc remoting fail, StatusCode(404) invalid. for url : http://localhost:8080/xxl-job-admin/api/callback, content=null]
2026-07-17 14:24:52 [com.xxl.job.core.thread.TriggerCallbackThread#callbackLog]-[197]-[Thread-98] <br>----------- xxl-job job callback fail, callbackResult:ReturnT [code=500, msg=xxl-rpc remoting fail, StatusCode(404) invalid. for url : http://localhost:8080/xxl-job-admin/api/callback, content=null]
2026-07-17 14:25:22 [com.xxl.job.core.thread.TriggerCallbackThread#callbackLog]-[197]-[Thread-98] <br>----------- xxl-job job callback fail, callbackResult:ReturnT [code=500, msg=xxl-rpc remoting fail, StatusCode(404) invalid. for url : http://localhost:8080/xxl-job-admin/api/callback, content=null]
2026-07-17 14:25:53 [com.xxl.job.core.thread.TriggerCallbackThread#callbackLog]-[197]-[Thread-98] <br>----------- xxl-job job callback fail, callbackResult:ReturnT [code=500, msg=xxl-rpc remoting fail, StatusCode(404) invalid. for url : http://localhost:8080/xxl-job-admin/api/callback, content=null]
2026-07-17 14:26:23 [com.xxl.job.core.thread.TriggerCallbackThread#callbackLog]-[197]-[Thread-98] <br>----------- xxl-job job callback fail, callbackResult:ReturnT [code=500, msg=xxl-rpc remoting fail, StatusCode(404) invalid. for url : http://localhost:8080/xxl-job-admin/api/callback, content=null]
2026-07-17 14:26:53 [com.xxl.job.core.thread.TriggerCallbackThread#callbackLog]-[197]-[Thread-98] <br>----------- xxl-job job callback fail, callbackResult:ReturnT [code=500, msg=xxl-rpc remoting fail, StatusCode(404) invalid. for url : http://localhost:8080/xxl-job-admin/api/callback, content=null]
2026-07-17 14:27:23 [com.xxl.job.core.thread.TriggerCallbackThread#callbackLog]-[197]-[Thread-98] <br>----------- xxl-job job callback fail, callbackResult:ReturnT [code=500, msg=xxl-rpc remoting fail, StatusCode(404) invalid. for url : http://localhost:8080/xxl-job-admin/api/callback, content=null]
2026-07-17 14:27:53 [com.xxl.job.core.thread.TriggerCallbackThread#callbackLog]-[197]-[Thread-98] <br>----------- xxl-job job callback fail, callbackResult:ReturnT [code=500, msg=xxl-rpc remoting fail, StatusCode(404) invalid. for url : http://localhost:8080/xxl-job-admin/api/callback, content=null]
2026-07-17 14:28:23 [com.xxl.job.core.thread.TriggerCallbackThread#callbackLog]-[197]-[Thread-98] <br>----------- xxl-job job callback fail, callbackResult:ReturnT [code=500, msg=xxl-rpc remoting fail, StatusCode(404) invalid. for url : http://localhost:8080/xxl-job-admin/api/callback, content=null]
2026-07-17 14:28:53 [com.xxl.job.core.thread.TriggerCallbackThread#callbackLog]-[197]-[Thread-98] <br>----------- xxl-job job callback fail, callbackResult:ReturnT [code=500, msg=xxl-rpc remoting fail, StatusCode(404) invalid. for url : http://localhost:8080/xxl-job-admin/api/callback, content=null]
2026-07-17 14:29:23 [com.xxl.job.core.thread.TriggerCallbackThread#callbackLog]-[197]-[Thread-98] <br>----------- xxl-job job callback fail, callbackResult:ReturnT [code=500, msg=xxl-rpc remoting fail, StatusCode(404) invalid. for url : http://localhost:8080/xxl-job-admin/api/callback, content=null]
2026-07-17 14:29:53 [com.xxl.job.core.thread.TriggerCallbackThread#callbackLog]-[197]-[Thread-98] <br>----------- xxl-job job callback fail, callbackResult:ReturnT [code=500, msg=xxl-rpc remoting fail, StatusCode(404) invalid. for url : http://localhost:8080/xxl-job-admin/api/callback, content=null]
2026-07-17 14:30:23 [com.xxl.job.core.thread.TriggerCallbackThread#callbackLog]-[197]-[Thread-98] <br>----------- xxl-job job callback fail, callbackResult:ReturnT [code=500, msg=xxl-rpc remoting fail, StatusCode(404) invalid. for url : http://localhost:8080/xxl-job-admin/api/callback, content=null]
2026-07-17 14:30:53 [com.xxl.job.core.thread.TriggerCallbackThread#callbackLog]-[197]-[Thread-98] <br>----------- xxl-job job callback fail, callbackResult:ReturnT [code=500, msg=xxl-rpc remoting fail, StatusCode(404) invalid. for url : http://localhost:8080/xxl-job-admin/api/callback, content=null]
2026-07-17 14:31:23 [com.xxl.job.core.thread.TriggerCallbackThread#callbackLog]-[197]-[Thread-98] <br>----------- xxl-job job callback fail, callbackResult:ReturnT [code=500, msg=xxl-rpc remoting fail, StatusCode(404) invalid. for url : http://localhost:8080/xxl-job-admin/api/callback, content=null]
2026-07-17 14:31:53 [com.xxl.job.core.thread.TriggerCallbackThread#callbackLog]-[197]-[Thread-98] <br>----------- xxl-job job callback fail, callbackResult:ReturnT [code=500, msg=xxl-rpc remoting fail, StatusCode(404) invalid. for url : http://localhost:8080/xxl-job-admin/api/callback, content=null]
2026-07-17 14:32:23 [com.xxl.job.core.thread.TriggerCallbackThread#callbackLog]-[197]-[Thread-98] <br>----------- xxl-job job callback fail, callbackResult:ReturnT [code=500, msg=xxl-rpc remoting fail, StatusCode(404) invalid. for url : http://localhost:8080/xxl-job-admin/api/callback, content=null]
2026-07-17 14:32:54 [com.xxl.job.core.thread.TriggerCallbackThread#callbackLog]-[197]-[Thread-98] <br>----------- xxl-job job callback fail, callbackResult:ReturnT [code=500, msg=xxl-rpc remoting fail, StatusCode(404) invalid. for url : http://localhost:8080/xxl-job-admin/api/callback, content=null]
2026-07-17 14:33:24 [com.xxl.job.core.thread.TriggerCallbackThread#callbackLog]-[197]-[Thread-98] <br>----------- xxl-job job callback fail, callbackResult:ReturnT [code=500, msg=xxl-rpc remoting fail, StatusCode(404) invalid. for url : http://localhost:8080/xxl-job-admin/api/callback, content=null]
2026-07-17 14:33:54 [com.xxl.job.core.thread.TriggerCallbackThread#callbackLog]-[197]-[Thread-98] <br>----------- xxl-job job callback fail, callbackResult:ReturnT [code=500, msg=xxl-rpc remoting fail, StatusCode(404) invalid. for url : http://localhost:8080/xxl-job-admin/api/callback, content=null]
2026-07-17 14:34:25 [com.xxl.job.core.thread.TriggerCallbackThread#callbackLog]-[197]-[Thread-98] <br>----------- xxl-job job callback fail, callbackResult:ReturnT [code=500, msg=xxl-rpc remoting fail, StatusCode(404) invalid. for url : http://localhost:8080/xxl-job-admin/api/callback, content=null]
