2026-07-16 22:17:18 [com.xxl.job.core.thread.JobThread#run]-[130]-[Thread-94] <br>----------- xxl-job job execute start -----------<br>----------- Param:
2026-07-16 22:18:25 [com.xxl.job.core.thread.JobThread#run]-[176]-[Thread-94] <br>----------- xxl-job job execute end(finish) -----------<br>----------- Result: handleCode=200, handleMsg = null
2026-07-16 22:18:25 [com.xxl.job.core.thread.TriggerCallbackThread#callbackLog]-[197]-[xxl-job, executor TriggerCallbackThread] <br>----------- xxl-job job callback fail, callbackResult:ReturnT [code=500, msg=xxl-rpc remoting fail, StatusCode(404) invalid. for url : http://localhost:8080/xxl-job-admin/api/callback, content=null]
2026-07-16 22:18:40 [com.xxl.job.core.thread.TriggerCallbackThread#callbackLog]-[197]-[Thread-75] <br>----------- xxl-job job callback fail, callbackResult:ReturnT [code=500, msg=xxl-rpc remoting fail, StatusCode(404) invalid. for url : http://localhost:8080/xxl-job-admin/api/callback, content=null]
2026-07-16 22:19:10 [com.xxl.job.core.thread.TriggerCallbackThread#callbackLog]-[197]-[Thread-75] <br>----------- xxl-job job callback fail, callbackResult:ReturnT [code=500, msg=xxl-rpc remoting fail, StatusCode(404) invalid. for url : http://localhost:8080/xxl-job-admin/api/callback, content=null]
2026-07-16 22:19:40 [com.xxl.job.core.thread.TriggerCallbackThread#callbackLog]-[197]-[Thread-75] <br>----------- xxl-job job callback fail, callbackResult:ReturnT [code=500, msg=xxl-rpc remoting fail, StatusCode(404) invalid. for url : http://localhost:8080/xxl-job-admin/api/callback, content=null]
2026-07-16 22:20:10 [com.xxl.job.core.thread.TriggerCallbackThread#callbackLog]-[197]-[Thread-75] <br>----------- xxl-job job callback fail, callbackResult:ReturnT [code=500, msg=xxl-rpc remoting fail, StatusCode(404) invalid. for url : http://localhost:8080/xxl-job-admin/api/callback, content=null]
2026-07-16 22:20:40 [com.xxl.job.core.thread.TriggerCallbackThread#callbackLog]-[197]-[Thread-75] <br>----------- xxl-job job callback fail, callbackResult:ReturnT [code=500, msg=xxl-rpc remoting fail, StatusCode(404) invalid. for url : http://localhost:8080/xxl-job-admin/api/callback, content=null]
2026-07-16 22:21:10 [com.xxl.job.core.thread.TriggerCallbackThread#callbackLog]-[197]-[Thread-75] <br>----------- xxl-job job callback fail, callbackResult:ReturnT [code=500, msg=xxl-rpc remoting fail, StatusCode(404) invalid. for url : http://localhost:8080/xxl-job-admin/api/callback, content=null]
2026-07-16 22:21:40 [com.xxl.job.core.thread.TriggerCallbackThread#callbackLog]-[197]-[Thread-75] <br>----------- xxl-job job callback fail, callbackResult:ReturnT [code=500, msg=xxl-rpc remoting fail, StatusCode(404) invalid. for url : http://localhost:8080/xxl-job-admin/api/callback, content=null]
2026-07-16 22:22:10 [com.xxl.job.core.thread.TriggerCallbackThread#callbackLog]-[197]-[Thread-75] <br>----------- xxl-job job callback fail, callbackResult:ReturnT [code=500, msg=xxl-rpc remoting fail, StatusCode(404) invalid. for url : http://localhost:8080/xxl-job-admin/api/callback, content=null]
2026-07-16 22:23:25 [com.xxl.job.core.thread.TriggerCallbackThread#callbackLog]-[197]-[Thread-116] <br>----------- xxl-job job callback fail, callbackResult:ReturnT [code=500, msg=xxl-rpc remoting fail, StatusCode(404) invalid. for url : http://localhost:8080/xxl-job-admin/api/callback, content=null]
2026-07-16 22:23:55 [com.xxl.job.core.thread.TriggerCallbackThread#callbackLog]-[197]-[Thread-116] <br>----------- xxl-job job callback fail, callbackResult:ReturnT [code=500, msg=xxl-rpc remoting fail, StatusCode(404) invalid. for url : http://localhost:8080/xxl-job-admin/api/callback, content=null]
2026-07-16 22:24:25 [com.xxl.job.core.thread.TriggerCallbackThread#callbackLog]-[197]-[Thread-116] <br>----------- xxl-job job callback fail, callbackResult:ReturnT [code=500, msg=xxl-rpc remoting fail, StatusCode(404) invalid. for url : http://localhost:8080/xxl-job-admin/api/callback, content=null]
2026-07-16 22:24:56 [com.xxl.job.core.thread.TriggerCallbackThread#callbackLog]-[197]-[Thread-116] <br>----------- xxl-job job callback fail, callbackResult:ReturnT [code=500, msg=xxl-rpc remoting fail, StatusCode(404) invalid. for url : http://localhost:8080/xxl-job-admin/api/callback, content=null]
2026-07-16 22:25:26 [com.xxl.job.core.thread.TriggerCallbackThread#callbackLog]-[197]-[Thread-116] <br>----------- xxl-job job callback fail, callbackResult:ReturnT [code=500, msg=xxl-rpc remoting fail, StatusCode(404) invalid. for url : http://localhost:8080/xxl-job-admin/api/callback, content=null]
2026-07-16 22:25:56 [com.xxl.job.core.thread.TriggerCallbackThread#callbackLog]-[197]-[Thread-116] <br>----------- xxl-job job callback fail, callbackResult:ReturnT [code=500, msg=xxl-rpc remoting fail, StatusCode(404) invalid. for url : http://localhost:8080/xxl-job-admin/api/callback, content=null]
2026-07-16 22:26:26 [com.xxl.job.core.thread.TriggerCallbackThread#callbackLog]-[197]-[Thread-116] <br>----------- xxl-job job callback fail, callbackResult:ReturnT [code=500, msg=xxl-rpc remoting fail, StatusCode(404) invalid. for url : http://localhost:8080/xxl-job-admin/api/callback, content=null]
2026-07-16 22:26:56 [com.xxl.job.core.thread.TriggerCallbackThread#callbackLog]-[197]-[Thread-116] <br>----------- xxl-job job callback fail, callbackResult:ReturnT [code=500, msg=xxl-rpc remoting fail, StatusCode(404) invalid. for url : http://localhost:8080/xxl-job-admin/api/callback, content=null]
2026-07-16 22:27:26 [com.xxl.job.core.thread.TriggerCallbackThread#callbackLog]-[197]-[Thread-116] <br>----------- xxl-job job callback fail, callbackResult:ReturnT [code=500, msg=xxl-rpc remoting fail, StatusCode(404) invalid. for url : http://localhost:8080/xxl-job-admin/api/callback, content=null]
2026-07-16 22:28:16 [com.xxl.job.core.thread.TriggerCallbackThread#callbackLog]-[197]-[Thread-74] <br>----------- xxl-job job callback fail, callbackResult:ReturnT [code=500, msg=xxl-rpc remoting fail, StatusCode(404) invalid. for url : http://localhost:8080/xxl-job-admin/api/callback, content=null]
2026-07-16 22:28:46 [com.xxl.job.core.thread.TriggerCallbackThread#callbackLog]-[197]-[Thread-74] <br>----------- xxl-job job callback fail, callbackResult:ReturnT [code=500, msg=xxl-rpc remoting fail, StatusCode(404) invalid. for url : http://localhost:8080/xxl-job-admin/api/callback, content=null]
2026-07-16 22:29:16 [com.xxl.job.core.thread.TriggerCallbackThread#callbackLog]-[197]-[Thread-74] <br>----------- xxl-job job callback fail, callbackResult:ReturnT [code=500, msg=xxl-rpc remoting fail, StatusCode(404) invalid. for url : http://localhost:8080/xxl-job-admin/api/callback, content=null]
2026-07-16 22:29:46 [com.xxl.job.core.thread.TriggerCallbackThread#callbackLog]-[197]-[Thread-74] <br>----------- xxl-job job callback fail, callbackResult:ReturnT [code=500, msg=xxl-rpc remoting fail, StatusCode(404) invalid. for url : http://localhost:8080/xxl-job-admin/api/callback, content=null]
2026-07-16 22:30:16 [com.xxl.job.core.thread.TriggerCallbackThread#callbackLog]-[197]-[Thread-74] <br>----------- xxl-job job callback fail, callbackResult:ReturnT [code=500, msg=xxl-rpc remoting fail, StatusCode(404) invalid. for url : http://localhost:8080/xxl-job-admin/api/callback, content=null]
2026-07-16 22:30:46 [com.xxl.job.core.thread.TriggerCallbackThread#callbackLog]-[197]-[Thread-74] <br>----------- xxl-job job callback fail, callbackResult:ReturnT [code=500, msg=xxl-rpc remoting fail, StatusCode(404) invalid. for url : http://localhost:8080/xxl-job-admin/api/callback, content=null]
2026-07-16 22:31:16 [com.xxl.job.core.thread.TriggerCallbackThread#callbackLog]-[197]-[Thread-74] <br>----------- xxl-job job callback fail, callbackResult:ReturnT [code=500, msg=xxl-rpc remoting fail, StatusCode(404) invalid. for url : http://localhost:8080/xxl-job-admin/api/callback, content=null]
2026-07-16 22:31:46 [com.xxl.job.core.thread.TriggerCallbackThread#callbackLog]-[197]-[Thread-74] <br>----------- xxl-job job callback fail, callbackResult:ReturnT [code=500, msg=xxl-rpc remoting fail, StatusCode(404) invalid. for url : http://localhost:8080/xxl-job-admin/api/callback, content=null]
2026-07-16 22:32:16 [com.xxl.job.core.thread.TriggerCallbackThread#callbackLog]-[197]-[Thread-74] <br>----------- xxl-job job callback fail, callbackResult:ReturnT [code=500, msg=xxl-rpc remoting fail, StatusCode(404) invalid. for url : http://localhost:8080/xxl-job-admin/api/callback, content=null]
2026-07-16 22:32:46 [com.xxl.job.core.thread.TriggerCallbackThread#callbackLog]-[197]-[Thread-74] <br>----------- xxl-job job callback fail, callbackResult:ReturnT [code=500, msg=xxl-rpc remoting fail, StatusCode(404) invalid. for url : http://localhost:8080/xxl-job-admin/api/callback, content=null]
2026-07-16 22:33:48 [com.xxl.job.core.thread.TriggerCallbackThread#callbackLog]-[197]-[Thread-80] <br>----------- xxl-job job callback fail, callbackResult:ReturnT [code=500, msg=xxl-rpc remoting fail, StatusCode(404) invalid. for url : http://localhost:8080/xxl-job-admin/api/callback, content=null]
2026-07-16 22:34:18 [com.xxl.job.core.thread.TriggerCallbackThread#callbackLog]-[197]-[Thread-80] <br>----------- xxl-job job callback fail, callbackResult:ReturnT [code=500, msg=xxl-rpc remoting fail, StatusCode(404) invalid. for url : http://localhost:8080/xxl-job-admin/api/callback, content=null]
2026-07-16 22:34:48 [com.xxl.job.core.thread.TriggerCallbackThread#callbackLog]-[197]-[Thread-80] <br>----------- xxl-job job callback fail, callbackResult:ReturnT [code=500, msg=xxl-rpc remoting fail, StatusCode(404) invalid. for url : http://localhost:8080/xxl-job-admin/api/callback, content=null]
2026-07-16 22:35:18 [com.xxl.job.core.thread.TriggerCallbackThread#callbackLog]-[197]-[Thread-80] <br>----------- xxl-job job callback fail, callbackResult:ReturnT [code=500, msg=xxl-rpc remoting fail, StatusCode(404) invalid. for url : http://localhost:8080/xxl-job-admin/api/callback, content=null]
2026-07-16 22:35:48 [com.xxl.job.core.thread.TriggerCallbackThread#callbackLog]-[197]-[Thread-80] <br>----------- xxl-job job callback fail, callbackResult:ReturnT [code=500, msg=xxl-rpc remoting fail, StatusCode(404) invalid. for url : http://localhost:8080/xxl-job-admin/api/callback, content=null]
2026-07-16 22:36:18 [com.xxl.job.core.thread.TriggerCallbackThread#callbackLog]-[197]-[Thread-80] <br>----------- xxl-job job callback fail, callbackResult:ReturnT [code=500, msg=xxl-rpc remoting fail, StatusCode(404) invalid. for url : http://localhost:8080/xxl-job-admin/api/callback, content=null]
2026-07-16 22:36:48 [com.xxl.job.core.thread.TriggerCallbackThread#callbackLog]-[197]-[Thread-80] <br>----------- xxl-job job callback fail, callbackResult:ReturnT [code=500, msg=xxl-rpc remoting fail, StatusCode(404) invalid. for url : http://localhost:8080/xxl-job-admin/api/callback, content=null]
2026-07-16 22:37:18 [com.xxl.job.core.thread.TriggerCallbackThread#callbackLog]-[197]-[Thread-80] <br>----------- xxl-job job callback fail, callbackResult:ReturnT [code=500, msg=xxl-rpc remoting fail, StatusCode(404) invalid. for url : http://localhost:8080/xxl-job-admin/api/callback, content=null]
2026-07-16 22:37:49 [com.xxl.job.core.thread.TriggerCallbackThread#callbackLog]-[197]-[Thread-80] <br>----------- xxl-job job callback fail, callbackResult:ReturnT [code=500, msg=xxl-rpc remoting fail, StatusCode(404) invalid. for url : http://localhost:8080/xxl-job-admin/api/callback, content=null]
2026-07-16 22:38:19 [com.xxl.job.core.thread.TriggerCallbackThread#callbackLog]-[197]-[Thread-80] <br>----------- xxl-job job callback fail, callbackResult:ReturnT [code=500, msg=xxl-rpc remoting fail, StatusCode(404) invalid. for url : http://localhost:8080/xxl-job-admin/api/callback, content=null]
2026-07-16 22:38:49 [com.xxl.job.core.thread.TriggerCallbackThread#callbackLog]-[197]-[Thread-80] <br>----------- xxl-job job callback fail, callbackResult:ReturnT [code=500, msg=xxl-rpc remoting fail, StatusCode(404) invalid. for url : http://localhost:8080/xxl-job-admin/api/callback, content=null]
2026-07-16 22:39:19 [com.xxl.job.core.thread.TriggerCallbackThread#callbackLog]-[197]-[Thread-80] <br>----------- xxl-job job callback fail, callbackResult:ReturnT [code=500, msg=xxl-rpc remoting fail, StatusCode(404) invalid. for url : http://localhost:8080/xxl-job-admin/api/callback, content=null]
2026-07-16 22:39:49 [com.xxl.job.core.thread.TriggerCallbackThread#callbackLog]-[197]-[Thread-80] <br>----------- xxl-job job callback fail, callbackResult:ReturnT [code=500, msg=xxl-rpc remoting fail, StatusCode(404) invalid. for url : http://localhost:8080/xxl-job-admin/api/callback, content=null]
2026-07-16 22:40:19 [com.xxl.job.core.thread.TriggerCallbackThread#callbackLog]-[197]-[Thread-80] <br>----------- xxl-job job callback fail, callbackResult:ReturnT [code=500, msg=xxl-rpc remoting fail, StatusCode(404) invalid. for url : http://localhost:8080/xxl-job-admin/api/callback, content=null]
2026-07-16 22:40:49 [com.xxl.job.core.thread.TriggerCallbackThread#callbackLog]-[197]-[Thread-80] <br>----------- xxl-job job callback fail, callbackResult:ReturnT [code=500, msg=xxl-rpc remoting fail, StatusCode(404) invalid. for url : http://localhost:8080/xxl-job-admin/api/callback, content=null]
2026-07-16 22:41:19 [com.xxl.job.core.thread.TriggerCallbackThread#callbackLog]-[197]-[Thread-80] <br>----------- xxl-job job callback fail, callbackResult:ReturnT [code=500, msg=xxl-rpc remoting fail, StatusCode(404) invalid. for url : http://localhost:8080/xxl-job-admin/api/callback, content=null]
2026-07-16 22:41:49 [com.xxl.job.core.thread.TriggerCallbackThread#callbackLog]-[197]-[Thread-80] <br>----------- xxl-job job callback fail, callbackResult:ReturnT [code=500, msg=xxl-rpc remoting fail, StatusCode(404) invalid. for url : http://localhost:8080/xxl-job-admin/api/callback, content=null]
2026-07-16 22:42:19 [com.xxl.job.core.thread.TriggerCallbackThread#callbackLog]-[197]-[Thread-80] <br>----------- xxl-job job callback fail, callbackResult:ReturnT [code=500, msg=xxl-rpc remoting fail, StatusCode(404) invalid. for url : http://localhost:8080/xxl-job-admin/api/callback, content=null]
2026-07-16 22:42:49 [com.xxl.job.core.thread.TriggerCallbackThread#callbackLog]-[197]-[Thread-80] <br>----------- xxl-job job callback fail, callbackResult:ReturnT [code=500, msg=xxl-rpc remoting fail, StatusCode(404) invalid. for url : http://localhost:8080/xxl-job-admin/api/callback, content=null]
2026-07-16 22:43:20 [com.xxl.job.core.thread.TriggerCallbackThread#callbackLog]-[197]-[Thread-80] <br>----------- xxl-job job callback fail, callbackResult:ReturnT [code=500, msg=xxl-rpc remoting fail, StatusCode(404) invalid. for url : http://localhost:8080/xxl-job-admin/api/callback, content=null]
2026-07-16 22:43:50 [com.xxl.job.core.thread.TriggerCallbackThread#callbackLog]-[197]-[Thread-80] <br>----------- xxl-job job callback fail, callbackResult:ReturnT [code=500, msg=xxl-rpc remoting fail, StatusCode(404) invalid. for url : http://localhost:8080/xxl-job-admin/api/callback, content=null]
2026-07-16 22:44:20 [com.xxl.job.core.thread.TriggerCallbackThread#callbackLog]-[197]-[Thread-80] <br>----------- xxl-job job callback fail, callbackResult:ReturnT [code=500, msg=xxl-rpc remoting fail, StatusCode(404) invalid. for url : http://localhost:8080/xxl-job-admin/api/callback, content=null]
2026-07-16 22:44:50 [com.xxl.job.core.thread.TriggerCallbackThread#callbackLog]-[197]-[Thread-80] <br>----------- xxl-job job callback fail, callbackResult:ReturnT [code=500, msg=xxl-rpc remoting fail, StatusCode(404) invalid. for url : http://localhost:8080/xxl-job-admin/api/callback, content=null]
2026-07-16 22:45:20 [com.xxl.job.core.thread.TriggerCallbackThread#callbackLog]-[197]-[Thread-80] <br>----------- xxl-job job callback fail, callbackResult:ReturnT [code=500, msg=xxl-rpc remoting fail, StatusCode(404) invalid. for url : http://localhost:8080/xxl-job-admin/api/callback, content=null]
2026-07-16 22:45:50 [com.xxl.job.core.thread.TriggerCallbackThread#callbackLog]-[197]-[Thread-80] <br>----------- xxl-job job callback fail, callbackResult:ReturnT [code=500, msg=xxl-rpc remoting fail, StatusCode(404) invalid. for url : http://localhost:8080/xxl-job-admin/api/callback, content=null]
2026-07-16 22:46:20 [com.xxl.job.core.thread.TriggerCallbackThread#callbackLog]-[197]-[Thread-80] <br>----------- xxl-job job callback fail, callbackResult:ReturnT [code=500, msg=xxl-rpc remoting fail, StatusCode(404) invalid. for url : http://localhost:8080/xxl-job-admin/api/callback, content=null]
2026-07-16 22:46:50 [com.xxl.job.core.thread.TriggerCallbackThread#callbackLog]-[197]-[Thread-80] <br>----------- xxl-job job callback fail, callbackResult:ReturnT [code=500, msg=xxl-rpc remoting fail, StatusCode(404) invalid. for url : http://localhost:8080/xxl-job-admin/api/callback, content=null]
2026-07-16 22:47:20 [com.xxl.job.core.thread.TriggerCallbackThread#callbackLog]-[197]-[Thread-80] <br>----------- xxl-job job callback fail, callbackResult:ReturnT [code=500, msg=xxl-rpc remoting fail, StatusCode(404) invalid. for url : http://localhost:8080/xxl-job-admin/api/callback, content=null]
2026-07-16 22:47:50 [com.xxl.job.core.thread.TriggerCallbackThread#callbackLog]-[197]-[Thread-80] <br>----------- xxl-job job callback fail, callbackResult:ReturnT [code=500, msg=xxl-rpc remoting fail, StatusCode(404) invalid. for url : http://localhost:8080/xxl-job-admin/api/callback, content=null]
2026-07-16 22:48:20 [com.xxl.job.core.thread.TriggerCallbackThread#callbackLog]-[197]-[Thread-80] <br>----------- xxl-job job callback fail, callbackResult:ReturnT [code=500, msg=xxl-rpc remoting fail, StatusCode(404) invalid. for url : http://localhost:8080/xxl-job-admin/api/callback, content=null]
2026-07-16 22:48:51 [com.xxl.job.core.thread.TriggerCallbackThread#callbackLog]-[197]-[Thread-80] <br>----------- xxl-job job callback fail, callbackResult:ReturnT [code=500, msg=xxl-rpc remoting fail, StatusCode(404) invalid. for url : http://localhost:8080/xxl-job-admin/api/callback, content=null]
2026-07-16 22:49:21 [com.xxl.job.core.thread.TriggerCallbackThread#callbackLog]-[197]-[Thread-80] <br>----------- xxl-job job callback fail, callbackResult:ReturnT [code=500, msg=xxl-rpc remoting fail, StatusCode(404) invalid. for url : http://localhost:8080/xxl-job-admin/api/callback, content=null]
2026-07-16 22:49:51 [com.xxl.job.core.thread.TriggerCallbackThread#callbackLog]-[197]-[Thread-80] <br>----------- xxl-job job callback fail, callbackResult:ReturnT [code=500, msg=xxl-rpc remoting fail, StatusCode(404) invalid. for url : http://localhost:8080/xxl-job-admin/api/callback, content=null]
2026-07-16 22:50:21 [com.xxl.job.core.thread.TriggerCallbackThread#callbackLog]-[197]-[Thread-80] <br>----------- xxl-job job callback fail, callbackResult:ReturnT [code=500, msg=xxl-rpc remoting fail, StatusCode(404) invalid. for url : http://localhost:8080/xxl-job-admin/api/callback, content=null]
2026-07-16 22:50:51 [com.xxl.job.core.thread.TriggerCallbackThread#callbackLog]-[197]-[Thread-80] <br>----------- xxl-job job callback fail, callbackResult:ReturnT [code=500, msg=xxl-rpc remoting fail, StatusCode(404) invalid. for url : http://localhost:8080/xxl-job-admin/api/callback, content=null]
2026-07-16 22:51:21 [com.xxl.job.core.thread.TriggerCallbackThread#callbackLog]-[197]-[Thread-80] <br>----------- xxl-job job callback fail, callbackResult:ReturnT [code=500, msg=xxl-rpc remoting fail, StatusCode(404) invalid. for url : http://localhost:8080/xxl-job-admin/api/callback, content=null]
2026-07-16 22:51:51 [com.xxl.job.core.thread.TriggerCallbackThread#callbackLog]-[197]-[Thread-80] <br>----------- xxl-job job callback fail, callbackResult:ReturnT [code=500, msg=xxl-rpc remoting fail, StatusCode(404) invalid. for url : http://localhost:8080/xxl-job-admin/api/callback, content=null]
2026-07-16 22:52:21 [com.xxl.job.core.thread.TriggerCallbackThread#callbackLog]-[197]-[Thread-80] <br>----------- xxl-job job callback fail, callbackResult:ReturnT [code=500, msg=xxl-rpc remoting fail, StatusCode(404) invalid. for url : http://localhost:8080/xxl-job-admin/api/callback, content=null]
2026-07-16 22:52:51 [com.xxl.job.core.thread.TriggerCallbackThread#callbackLog]-[197]-[Thread-80] <br>----------- xxl-job job callback fail, callbackResult:ReturnT [code=500, msg=xxl-rpc remoting fail, StatusCode(404) invalid. for url : http://localhost:8080/xxl-job-admin/api/callback, content=null]
2026-07-16 22:53:21 [com.xxl.job.core.thread.TriggerCallbackThread#callbackLog]-[197]-[Thread-80] <br>----------- xxl-job job callback fail, callbackResult:ReturnT [code=500, msg=xxl-rpc remoting fail, StatusCode(404) invalid. for url : http://localhost:8080/xxl-job-admin/api/callback, content=null]
2026-07-16 22:53:51 [com.xxl.job.core.thread.TriggerCallbackThread#callbackLog]-[197]-[Thread-80] <br>----------- xxl-job job callback fail, callbackResult:ReturnT [code=500, msg=xxl-rpc remoting fail, StatusCode(404) invalid. for url : http://localhost:8080/xxl-job-admin/api/callback, content=null]
2026-07-16 22:54:22 [com.xxl.job.core.thread.TriggerCallbackThread#callbackLog]-[197]-[Thread-80] <br>----------- xxl-job job callback fail, callbackResult:ReturnT [code=500, msg=xxl-rpc remoting fail, StatusCode(404) invalid. for url : http://localhost:8080/xxl-job-admin/api/callback, content=null]
2026-07-16 22:54:52 [com.xxl.job.core.thread.TriggerCallbackThread#callbackLog]-[197]-[Thread-80] <br>----------- xxl-job job callback fail, callbackResult:ReturnT [code=500, msg=xxl-rpc remoting fail, StatusCode(404) invalid. for url : http://localhost:8080/xxl-job-admin/api/callback, content=null]
2026-07-16 22:55:22 [com.xxl.job.core.thread.TriggerCallbackThread#callbackLog]-[197]-[Thread-80] <br>----------- xxl-job job callback fail, callbackResult:ReturnT [code=500, msg=xxl-rpc remoting fail, StatusCode(404) invalid. for url : http://localhost:8080/xxl-job-admin/api/callback, content=null]
2026-07-16 22:55:52 [com.xxl.job.core.thread.TriggerCallbackThread#callbackLog]-[197]-[Thread-80] <br>----------- xxl-job job callback fail, callbackResult:ReturnT [code=500, msg=xxl-rpc remoting fail, StatusCode(404) invalid. for url : http://localhost:8080/xxl-job-admin/api/callback, content=null]
2026-07-16 22:56:22 [com.xxl.job.core.thread.TriggerCallbackThread#callbackLog]-[197]-[Thread-80] <br>----------- xxl-job job callback fail, callbackResult:ReturnT [code=500, msg=xxl-rpc remoting fail, StatusCode(404) invalid. for url : http://localhost:8080/xxl-job-admin/api/callback, content=null]
2026-07-16 22:56:52 [com.xxl.job.core.thread.TriggerCallbackThread#callbackLog]-[197]-[Thread-80] <br>----------- xxl-job job callback fail, callbackResult:ReturnT [code=500, msg=xxl-rpc remoting fail, StatusCode(404) invalid. for url : http://localhost:8080/xxl-job-admin/api/callback, content=null]
2026-07-16 22:57:22 [com.xxl.job.core.thread.TriggerCallbackThread#callbackLog]-[197]-[Thread-80] <br>----------- xxl-job job callback fail, callbackResult:ReturnT [code=500, msg=xxl-rpc remoting fail, StatusCode(404) invalid. for url : http://localhost:8080/xxl-job-admin/api/callback, content=null]
2026-07-16 22:57:52 [com.xxl.job.core.thread.TriggerCallbackThread#callbackLog]-[197]-[Thread-80] <br>----------- xxl-job job callback fail, callbackResult:ReturnT [code=500, msg=xxl-rpc remoting fail, StatusCode(404) invalid. for url : http://localhost:8080/xxl-job-admin/api/callback, content=null]
2026-07-16 22:58:22 [com.xxl.job.core.thread.TriggerCallbackThread#callbackLog]-[197]-[Thread-80] <br>----------- xxl-job job callback fail, callbackResult:ReturnT [code=500, msg=xxl-rpc remoting fail, StatusCode(404) invalid. for url : http://localhost:8080/xxl-job-admin/api/callback, content=null]
2026-07-16 22:58:52 [com.xxl.job.core.thread.TriggerCallbackThread#callbackLog]-[197]-[Thread-80] <br>----------- xxl-job job callback fail, callbackResult:ReturnT [code=500, msg=xxl-rpc remoting fail, StatusCode(404) invalid. for url : http://localhost:8080/xxl-job-admin/api/callback, content=null]
2026-07-16 22:59:22 [com.xxl.job.core.thread.TriggerCallbackThread#callbackLog]-[197]-[Thread-80] <br>----------- xxl-job job callback fail, callbackResult:ReturnT [code=500, msg=xxl-rpc remoting fail, StatusCode(404) invalid. for url : http://localhost:8080/xxl-job-admin/api/callback, content=null]
2026-07-16 22:59:52 [com.xxl.job.core.thread.TriggerCallbackThread#callbackLog]-[197]-[Thread-80] <br>----------- xxl-job job callback fail, callbackResult:ReturnT [code=500, msg=xxl-rpc remoting fail, StatusCode(404) invalid. for url : http://localhost:8080/xxl-job-admin/api/callback, content=null]
2026-07-16 23:00:22 [com.xxl.job.core.thread.TriggerCallbackThread#callbackLog]-[197]-[Thread-80] <br>----------- xxl-job job callback fail, callbackResult:ReturnT [code=500, msg=xxl-rpc remoting fail, StatusCode(404) invalid. for url : http://localhost:8080/xxl-job-admin/api/callback, content=null]
2026-07-16 23:00:52 [com.xxl.job.core.thread.TriggerCallbackThread#callbackLog]-[197]-[Thread-80] <br>----------- xxl-job job callback fail, callbackResult:ReturnT [code=500, msg=xxl-rpc remoting fail, StatusCode(404) invalid. for url : http://localhost:8080/xxl-job-admin/api/callback, content=null]
2026-07-16 23:01:22 [com.xxl.job.core.thread.TriggerCallbackThread#callbackLog]-[197]-[Thread-80] <br>----------- xxl-job job callback fail, callbackResult:ReturnT [code=500, msg=xxl-rpc remoting fail, StatusCode(404) invalid. for url : http://localhost:8080/xxl-job-admin/api/callback, content=null]
2026-07-16 23:01:52 [com.xxl.job.core.thread.TriggerCallbackThread#callbackLog]-[197]-[Thread-80] <br>----------- xxl-job job callback fail, callbackResult:ReturnT [code=500, msg=xxl-rpc remoting fail, StatusCode(404) invalid. for url : http://localhost:8080/xxl-job-admin/api/callback, content=null]
2026-07-16 23:02:22 [com.xxl.job.core.thread.TriggerCallbackThread#callbackLog]-[197]-[Thread-80] <br>----------- xxl-job job callback fail, callbackResult:ReturnT [code=500, msg=xxl-rpc remoting fail, StatusCode(404) invalid. for url : http://localhost:8080/xxl-job-admin/api/callback, content=null]
2026-07-16 23:02:52 [com.xxl.job.core.thread.TriggerCallbackThread#callbackLog]-[197]-[Thread-80] <br>----------- xxl-job job callback fail, callbackResult:ReturnT [code=500, msg=xxl-rpc remoting fail, StatusCode(404) invalid. for url : http://localhost:8080/xxl-job-admin/api/callback, content=null]
2026-07-16 23:03:22 [com.xxl.job.core.thread.TriggerCallbackThread#callbackLog]-[197]-[Thread-80] <br>----------- xxl-job job callback fail, callbackResult:ReturnT [code=500, msg=xxl-rpc remoting fail, StatusCode(404) invalid. for url : http://localhost:8080/xxl-job-admin/api/callback, content=null]
2026-07-16 23:03:52 [com.xxl.job.core.thread.TriggerCallbackThread#callbackLog]-[197]-[Thread-80] <br>----------- xxl-job job callback fail, callbackResult:ReturnT [code=500, msg=xxl-rpc remoting fail, StatusCode(404) invalid. for url : http://localhost:8080/xxl-job-admin/api/callback, content=null]
2026-07-16 23:04:22 [com.xxl.job.core.thread.TriggerCallbackThread#callbackLog]-[197]-[Thread-80] <br>----------- xxl-job job callback fail, callbackResult:ReturnT [code=500, msg=xxl-rpc remoting fail, StatusCode(404) invalid. for url : http://localhost:8080/xxl-job-admin/api/callback, content=null]
2026-07-16 23:04:53 [com.xxl.job.core.thread.TriggerCallbackThread#callbackLog]-[197]-[Thread-80] <br>----------- xxl-job job callback fail, callbackResult:ReturnT [code=500, msg=xxl-rpc remoting fail, StatusCode(404) invalid. for url : http://localhost:8080/xxl-job-admin/api/callback, content=null]
2026-07-16 23:05:23 [com.xxl.job.core.thread.TriggerCallbackThread#callbackLog]-[197]-[Thread-80] <br>----------- xxl-job job callback fail, callbackResult:ReturnT [code=500, msg=xxl-rpc remoting fail, StatusCode(404) invalid. for url : http://localhost:8080/xxl-job-admin/api/callback, content=null]
2026-07-16 23:05:53 [com.xxl.job.core.thread.TriggerCallbackThread#callbackLog]-[197]-[Thread-80] <br>----------- xxl-job job callback fail, callbackResult:ReturnT [code=500, msg=xxl-rpc remoting fail, StatusCode(404) invalid. for url : http://localhost:8080/xxl-job-admin/api/callback, content=null]
2026-07-16 23:06:23 [com.xxl.job.core.thread.TriggerCallbackThread#callbackLog]-[197]-[Thread-80] <br>----------- xxl-job job callback fail, callbackResult:ReturnT [code=500, msg=xxl-rpc remoting fail, StatusCode(404) invalid. for url : http://localhost:8080/xxl-job-admin/api/callback, content=null]
2026-07-16 23:06:53 [com.xxl.job.core.thread.TriggerCallbackThread#callbackLog]-[197]-[Thread-80] <br>----------- xxl-job job callback fail, callbackResult:ReturnT [code=500, msg=xxl-rpc remoting fail, StatusCode(404) invalid. for url : http://localhost:8080/xxl-job-admin/api/callback, content=null]
2026-07-16 23:07:23 [com.xxl.job.core.thread.TriggerCallbackThread#callbackLog]-[197]-[Thread-80] <br>----------- xxl-job job callback fail, callbackResult:ReturnT [code=500, msg=xxl-rpc remoting fail, StatusCode(404) invalid. for url : http://localhost:8080/xxl-job-admin/api/callback, content=null]
2026-07-16 23:07:53 [com.xxl.job.core.thread.TriggerCallbackThread#callbackLog]-[197]-[Thread-80] <br>----------- xxl-job job callback fail, callbackResult:ReturnT [code=500, msg=xxl-rpc remoting fail, StatusCode(404) invalid. for url : http://localhost:8080/xxl-job-admin/api/callback, content=null]
2026-07-16 23:08:23 [com.xxl.job.core.thread.TriggerCallbackThread#callbackLog]-[197]-[Thread-80] <br>----------- xxl-job job callback fail, callbackResult:ReturnT [code=500, msg=xxl-rpc remoting fail, StatusCode(404) invalid. for url : http://localhost:8080/xxl-job-admin/api/callback, content=null]
2026-07-16 23:08:53 [com.xxl.job.core.thread.TriggerCallbackThread#callbackLog]-[197]-[Thread-80] <br>----------- xxl-job job callback fail, callbackResult:ReturnT [code=500, msg=xxl-rpc remoting fail, StatusCode(404) invalid. for url : http://localhost:8080/xxl-job-admin/api/callback, content=null]
2026-07-16 23:09:23 [com.xxl.job.core.thread.TriggerCallbackThread#callbackLog]-[197]-[Thread-80] <br>----------- xxl-job job callback fail, callbackResult:ReturnT [code=500, msg=xxl-rpc remoting fail, StatusCode(404) invalid. for url : http://localhost:8080/xxl-job-admin/api/callback, content=null]
2026-07-16 23:09:53 [com.xxl.job.core.thread.TriggerCallbackThread#callbackLog]-[197]-[Thread-80] <br>----------- xxl-job job callback fail, callbackResult:ReturnT [code=500, msg=xxl-rpc remoting fail, StatusCode(404) invalid. for url : http://localhost:8080/xxl-job-admin/api/callback, content=null]
2026-07-16 23:10:23 [com.xxl.job.core.thread.TriggerCallbackThread#callbackLog]-[197]-[Thread-80] <br>----------- xxl-job job callback fail, callbackResult:ReturnT [code=500, msg=xxl-rpc remoting fail, StatusCode(404) invalid. for url : http://localhost:8080/xxl-job-admin/api/callback, content=null]
2026-07-16 23:10:53 [com.xxl.job.core.thread.TriggerCallbackThread#callbackLog]-[197]-[Thread-80] <br>----------- xxl-job job callback fail, callbackResult:ReturnT [code=500, msg=xxl-rpc remoting fail, StatusCode(404) invalid. for url : http://localhost:8080/xxl-job-admin/api/callback, content=null]
2026-07-16 23:11:23 [com.xxl.job.core.thread.TriggerCallbackThread#callbackLog]-[197]-[Thread-80] <br>----------- xxl-job job callback fail, callbackResult:ReturnT [code=500, msg=xxl-rpc remoting fail, StatusCode(404) invalid. for url : http://localhost:8080/xxl-job-admin/api/callback, content=null]
2026-07-16 23:11:53 [com.xxl.job.core.thread.TriggerCallbackThread#callbackLog]-[197]-[Thread-80] <br>----------- xxl-job job callback fail, callbackResult:ReturnT [code=500, msg=xxl-rpc remoting fail, StatusCode(404) invalid. for url : http://localhost:8080/xxl-job-admin/api/callback, content=null]
2026-07-16 23:12:28 [com.xxl.job.core.thread.TriggerCallbackThread#callbackLog]-[197]-[Thread-80] <br>----------- xxl-job job callback fail, callbackResult:ReturnT [code=500, msg=xxl-rpc remoting fail, StatusCode(404) invalid. for url : http://localhost:8080/xxl-job-admin/api/callback, content=null]
2026-07-16 23:12:59 [com.xxl.job.core.thread.TriggerCallbackThread#callbackLog]-[197]-[Thread-80] <br>----------- xxl-job job callback fail, callbackResult:ReturnT [code=500, msg=xxl-rpc remoting fail, StatusCode(404) invalid. for url : http://localhost:8080/xxl-job-admin/api/callback, content=null]
2026-07-16 23:13:29 [com.xxl.job.core.thread.TriggerCallbackThread#callbackLog]-[197]-[Thread-80] <br>----------- xxl-job job callback fail, callbackResult:ReturnT [code=500, msg=xxl-rpc remoting fail, StatusCode(404) invalid. for url : http://localhost:8080/xxl-job-admin/api/callback, content=null]
2026-07-16 23:13:59 [com.xxl.job.core.thread.TriggerCallbackThread#callbackLog]-[197]-[Thread-80] <br>----------- xxl-job job callback fail, callbackResult:ReturnT [code=500, msg=xxl-rpc remoting fail, StatusCode(404) invalid. for url : http://localhost:8080/xxl-job-admin/api/callback, content=null]
2026-07-16 23:14:29 [com.xxl.job.core.thread.TriggerCallbackThread#callbackLog]-[197]-[Thread-80] <br>----------- xxl-job job callback fail, callbackResult:ReturnT [code=500, msg=xxl-rpc remoting fail, StatusCode(404) invalid. for url : http://localhost:8080/xxl-job-admin/api/callback, content=null]
2026-07-16 23:14:59 [com.xxl.job.core.thread.TriggerCallbackThread#callbackLog]-[197]-[Thread-80] <br>----------- xxl-job job callback fail, callbackResult:ReturnT [code=500, msg=xxl-rpc remoting fail, StatusCode(404) invalid. for url : http://localhost:8080/xxl-job-admin/api/callback, content=null]
2026-07-16 23:15:29 [com.xxl.job.core.thread.TriggerCallbackThread#callbackLog]-[197]-[Thread-80] <br>----------- xxl-job job callback fail, callbackResult:ReturnT [code=500, msg=xxl-rpc remoting fail, StatusCode(404) invalid. for url : http://localhost:8080/xxl-job-admin/api/callback, content=null]
2026-07-16 23:15:59 [com.xxl.job.core.thread.TriggerCallbackThread#callbackLog]-[197]-[Thread-80] <br>----------- xxl-job job callback fail, callbackResult:ReturnT [code=500, msg=xxl-rpc remoting fail, StatusCode(404) invalid. for url : http://localhost:8080/xxl-job-admin/api/callback, content=null]
2026-07-16 23:16:29 [com.xxl.job.core.thread.TriggerCallbackThread#callbackLog]-[197]-[Thread-80] <br>----------- xxl-job job callback fail, callbackResult:ReturnT [code=500, msg=xxl-rpc remoting fail, StatusCode(404) invalid. for url : http://localhost:8080/xxl-job-admin/api/callback, content=null]
2026-07-16 23:16:59 [com.xxl.job.core.thread.TriggerCallbackThread#callbackLog]-[197]-[Thread-80] <br>----------- xxl-job job callback fail, callbackResult:ReturnT [code=500, msg=xxl-rpc remoting fail, StatusCode(404) invalid. for url : http://localhost:8080/xxl-job-admin/api/callback, content=null]
2026-07-16 23:17:29 [com.xxl.job.core.thread.TriggerCallbackThread#callbackLog]-[197]-[Thread-80] <br>----------- xxl-job job callback fail, callbackResult:ReturnT [code=500, msg=xxl-rpc remoting fail, StatusCode(404) invalid. for url : http://localhost:8080/xxl-job-admin/api/callback, content=null]
2026-07-16 23:17:59 [com.xxl.job.core.thread.TriggerCallbackThread#callbackLog]-[197]-[Thread-80] <br>----------- xxl-job job callback fail, callbackResult:ReturnT [code=500, msg=xxl-rpc remoting fail, StatusCode(404) invalid. for url : http://localhost:8080/xxl-job-admin/api/callback, content=null]
2026-07-16 23:18:29 [com.xxl.job.core.thread.TriggerCallbackThread#callbackLog]-[197]-[Thread-80] <br>----------- xxl-job job callback fail, callbackResult:ReturnT [code=500, msg=xxl-rpc remoting fail, StatusCode(404) invalid. for url : http://localhost:8080/xxl-job-admin/api/callback, content=null]
2026-07-16 23:18:59 [com.xxl.job.core.thread.TriggerCallbackThread#callbackLog]-[197]-[Thread-80] <br>----------- xxl-job job callback fail, callbackResult:ReturnT [code=500, msg=xxl-rpc remoting fail, StatusCode(404) invalid. for url : http://localhost:8080/xxl-job-admin/api/callback, content=null]
2026-07-16 23:19:33 [com.xxl.job.core.thread.TriggerCallbackThread#callbackLog]-[197]-[Thread-80] <br>----------- xxl-job job callback fail, callbackResult:ReturnT [code=500, msg=xxl-rpc remoting fail, StatusCode(404) invalid. for url : http://localhost:8080/xxl-job-admin/api/callback, content=null]
2026-07-16 23:20:03 [com.xxl.job.core.thread.TriggerCallbackThread#callbackLog]-[197]-[Thread-80] <br>----------- xxl-job job callback fail, callbackResult:ReturnT [code=500, msg=xxl-rpc remoting fail, StatusCode(404) invalid. for url : http://localhost:8080/xxl-job-admin/api/callback, content=null]
2026-07-16 23:20:33 [com.xxl.job.core.thread.TriggerCallbackThread#callbackLog]-[197]-[Thread-80] <br>----------- xxl-job job callback fail, callbackResult:ReturnT [code=500, msg=xxl-rpc remoting fail, StatusCode(404) invalid. for url : http://localhost:8080/xxl-job-admin/api/callback, content=null]
2026-07-16 23:21:03 [com.xxl.job.core.thread.TriggerCallbackThread#callbackLog]-[197]-[Thread-80] <br>----------- xxl-job job callback fail, callbackResult:ReturnT [code=500, msg=xxl-rpc remoting fail, StatusCode(404) invalid. for url : http://localhost:8080/xxl-job-admin/api/callback, content=null]
2026-07-16 23:21:33 [com.xxl.job.core.thread.TriggerCallbackThread#callbackLog]-[197]-[Thread-80] <br>----------- xxl-job job callback fail, callbackResult:ReturnT [code=500, msg=xxl-rpc remoting fail, StatusCode(404) invalid. for url : http://localhost:8080/xxl-job-admin/api/callback, content=null]
2026-07-16 23:22:03 [com.xxl.job.core.thread.TriggerCallbackThread#callbackLog]-[197]-[Thread-80] <br>----------- xxl-job job callback fail, callbackResult:ReturnT [code=500, msg=xxl-rpc remoting fail, StatusCode(404) invalid. for url : http://localhost:8080/xxl-job-admin/api/callback, content=null]
2026-07-16 23:22:33 [com.xxl.job.core.thread.TriggerCallbackThread#callbackLog]-[197]-[Thread-80] <br>----------- xxl-job job callback fail, callbackResult:ReturnT [code=500, msg=xxl-rpc remoting fail, StatusCode(404) invalid. for url : http://localhost:8080/xxl-job-admin/api/callback, content=null]
2026-07-16 23:23:10 [com.xxl.job.core.thread.TriggerCallbackThread#callbackLog]-[197]-[Thread-80] <br>----------- xxl-job job callback fail, callbackResult:ReturnT [code=500, msg=xxl-rpc remoting fail, StatusCode(404) invalid. for url : http://localhost:8080/xxl-job-admin/api/callback, content=null]
2026-07-16 23:23:40 [com.xxl.job.core.thread.TriggerCallbackThread#callbackLog]-[197]-[Thread-80] <br>----------- xxl-job job callback fail, callbackResult:ReturnT [code=500, msg=xxl-rpc remoting fail, StatusCode(404) invalid. for url : http://localhost:8080/xxl-job-admin/api/callback, content=null]
2026-07-16 23:24:10 [com.xxl.job.core.thread.TriggerCallbackThread#callbackLog]-[197]-[Thread-80] <br>----------- xxl-job job callback fail, callbackResult:ReturnT [code=500, msg=xxl-rpc remoting fail, StatusCode(404) invalid. for url : http://localhost:8080/xxl-job-admin/api/callback, content=null]
2026-07-16 23:24:40 [com.xxl.job.core.thread.TriggerCallbackThread#callbackLog]-[197]-[Thread-80] <br>----------- xxl-job job callback fail, callbackResult:ReturnT [code=500, msg=xxl-rpc remoting fail, StatusCode(404) invalid. for url : http://localhost:8080/xxl-job-admin/api/callback, content=null]
2026-07-16 23:25:10 [com.xxl.job.core.thread.TriggerCallbackThread#callbackLog]-[197]-[Thread-80] <br>----------- xxl-job job callback fail, callbackResult:ReturnT [code=500, msg=xxl-rpc remoting fail, StatusCode(404) invalid. for url : http://localhost:8080/xxl-job-admin/api/callback, content=null]
2026-07-16 23:25:40 [com.xxl.job.core.thread.TriggerCallbackThread#callbackLog]-[197]-[Thread-80] <br>----------- xxl-job job callback fail, callbackResult:ReturnT [code=500, msg=xxl-rpc remoting fail, StatusCode(404) invalid. for url : http://localhost:8080/xxl-job-admin/api/callback, content=null]
2026-07-16 23:26:10 [com.xxl.job.core.thread.TriggerCallbackThread#callbackLog]-[197]-[Thread-80] <br>----------- xxl-job job callback fail, callbackResult:ReturnT [code=500, msg=xxl-rpc remoting fail, StatusCode(404) invalid. for url : http://localhost:8080/xxl-job-admin/api/callback, content=null]
2026-07-16 23:26:40 [com.xxl.job.core.thread.TriggerCallbackThread#callbackLog]-[197]-[Thread-80] <br>----------- xxl-job job callback fail, callbackResult:ReturnT [code=500, msg=xxl-rpc remoting fail, StatusCode(404) invalid. for url : http://localhost:8080/xxl-job-admin/api/callback, content=null]
2026-07-16 23:27:10 [com.xxl.job.core.thread.TriggerCallbackThread#callbackLog]-[197]-[Thread-80] <br>----------- xxl-job job callback fail, callbackResult:ReturnT [code=500, msg=xxl-rpc remoting fail, StatusCode(404) invalid. for url : http://localhost:8080/xxl-job-admin/api/callback, content=null]
2026-07-16 23:27:40 [com.xxl.job.core.thread.TriggerCallbackThread#callbackLog]-[197]-[Thread-80] <br>----------- xxl-job job callback fail, callbackResult:ReturnT [code=500, msg=xxl-rpc remoting fail, StatusCode(404) invalid. for url : http://localhost:8080/xxl-job-admin/api/callback, content=null]
2026-07-16 23:28:10 [com.xxl.job.core.thread.TriggerCallbackThread#callbackLog]-[197]-[Thread-80] <br>----------- xxl-job job callback fail, callbackResult:ReturnT [code=500, msg=xxl-rpc remoting fail, StatusCode(404) invalid. for url : http://localhost:8080/xxl-job-admin/api/callback, content=null]
2026-07-16 23:28:40 [com.xxl.job.core.thread.TriggerCallbackThread#callbackLog]-[197]-[Thread-80] <br>----------- xxl-job job callback fail, callbackResult:ReturnT [code=500, msg=xxl-rpc remoting fail, StatusCode(404) invalid. for url : http://localhost:8080/xxl-job-admin/api/callback, content=null]
2026-07-16 23:29:10 [com.xxl.job.core.thread.TriggerCallbackThread#callbackLog]-[197]-[Thread-80] <br>----------- xxl-job job callback fail, callbackResult:ReturnT [code=500, msg=xxl-rpc remoting fail, StatusCode(404) invalid. for url : http://localhost:8080/xxl-job-admin/api/callback, content=null]
2026-07-16 23:29:40 [com.xxl.job.core.thread.TriggerCallbackThread#callbackLog]-[197]-[Thread-80] <br>----------- xxl-job job callback fail, callbackResult:ReturnT [code=500, msg=xxl-rpc remoting fail, StatusCode(404) invalid. for url : http://localhost:8080/xxl-job-admin/api/callback, content=null]
2026-07-16 23:30:10 [com.xxl.job.core.thread.TriggerCallbackThread#callbackLog]-[197]-[Thread-80] <br>----------- xxl-job job callback fail, callbackResult:ReturnT [code=500, msg=xxl-rpc remoting fail, StatusCode(404) invalid. for url : http://localhost:8080/xxl-job-admin/api/callback, content=null]
2026-07-16 23:30:40 [com.xxl.job.core.thread.TriggerCallbackThread#callbackLog]-[197]-[Thread-80] <br>----------- xxl-job job callback fail, callbackResult:ReturnT [code=500, msg=xxl-rpc remoting fail, StatusCode(404) invalid. for url : http://localhost:8080/xxl-job-admin/api/callback, content=null]
2026-07-16 23:31:10 [com.xxl.job.core.thread.TriggerCallbackThread#callbackLog]-[197]-[Thread-80] <br>----------- xxl-job job callback fail, callbackResult:ReturnT [code=500, msg=xxl-rpc remoting fail, StatusCode(404) invalid. for url : http://localhost:8080/xxl-job-admin/api/callback, content=null]
2026-07-16 23:31:40 [com.xxl.job.core.thread.TriggerCallbackThread#callbackLog]-[197]-[Thread-80] <br>----------- xxl-job job callback fail, callbackResult:ReturnT [code=500, msg=xxl-rpc remoting fail, StatusCode(404) invalid. for url : http://localhost:8080/xxl-job-admin/api/callback, content=null]
2026-07-16 23:36:04 [com.xxl.job.core.thread.TriggerCallbackThread#callbackLog]-[197]-[Thread-82] <br>----------- xxl-job job callback fail, callbackResult:ReturnT [code=500, msg=xxl-rpc remoting fail, StatusCode(404) invalid. for url : http://localhost:8080/xxl-job-admin/api/callback, content=null]
2026-07-16 23:36:34 [com.xxl.job.core.thread.TriggerCallbackThread#callbackLog]-[197]-[Thread-82] <br>----------- xxl-job job callback fail, callbackResult:ReturnT [code=500, msg=xxl-rpc remoting fail, StatusCode(404) invalid. for url : http://localhost:8080/xxl-job-admin/api/callback, content=null]
2026-07-16 23:37:12 [com.xxl.job.core.thread.TriggerCallbackThread#callbackLog]-[197]-[Thread-82] <br>----------- xxl-job job callback fail, callbackResult:ReturnT [code=500, msg=xxl-rpc remoting fail, StatusCode(404) invalid. for url : http://localhost:8080/xxl-job-admin/api/callback, content=null]
2026-07-16 23:37:42 [com.xxl.job.core.thread.TriggerCallbackThread#callbackLog]-[197]-[Thread-82] <br>----------- xxl-job job callback fail, callbackResult:ReturnT [code=500, msg=xxl-rpc remoting fail, StatusCode(404) invalid. for url : http://localhost:8080/xxl-job-admin/api/callback, content=null]
2026-07-16 23:38:12 [com.xxl.job.core.thread.TriggerCallbackThread#callbackLog]-[197]-[Thread-82] <br>----------- xxl-job job callback fail, callbackResult:ReturnT [code=500, msg=xxl-rpc remoting fail, StatusCode(404) invalid. for url : http://localhost:8080/xxl-job-admin/api/callback, content=null]
2026-07-16 23:39:08 [com.xxl.job.core.thread.TriggerCallbackThread#callbackLog]-[197]-[Thread-82] <br>----------- xxl-job job callback fail, callbackResult:ReturnT [code=500, msg=xxl-rpc remoting fail, StatusCode(404) invalid. for url : http://localhost:8080/xxl-job-admin/api/callback, content=null]
2026-07-16 23:39:40 [com.xxl.job.core.thread.TriggerCallbackThread#callbackLog]-[197]-[Thread-82] <br>----------- xxl-job job callback fail, callbackResult:ReturnT [code=500, msg=xxl-rpc remoting fail, StatusCode(404) invalid. for url : http://localhost:8080/xxl-job-admin/api/callback, content=null]
2026-07-16 23:40:10 [com.xxl.job.core.thread.TriggerCallbackThread#callbackLog]-[197]-[Thread-82] <br>----------- xxl-job job callback fail, callbackResult:ReturnT [code=500, msg=xxl-rpc remoting fail, StatusCode(404) invalid. for url : http://localhost:8080/xxl-job-admin/api/callback, content=null]
2026-07-16 23:40:40 [com.xxl.job.core.thread.TriggerCallbackThread#callbackLog]-[197]-[Thread-82] <br>----------- xxl-job job callback fail, callbackResult:ReturnT [code=500, msg=xxl-rpc remoting fail, StatusCode(404) invalid. for url : http://localhost:8080/xxl-job-admin/api/callback, content=null]
2026-07-16 23:41:10 [com.xxl.job.core.thread.TriggerCallbackThread#callbackLog]-[197]-[Thread-82] <br>----------- xxl-job job callback fail, callbackResult:ReturnT [code=500, msg=xxl-rpc remoting fail, StatusCode(404) invalid. for url : http://localhost:8080/xxl-job-admin/api/callback, content=null]
2026-07-16 23:41:40 [com.xxl.job.core.thread.TriggerCallbackThread#callbackLog]-[197]-[Thread-82] <br>----------- xxl-job job callback fail, callbackResult:ReturnT [code=500, msg=xxl-rpc remoting fail, StatusCode(404) invalid. for url : http://localhost:8080/xxl-job-admin/api/callback, content=null]
2026-07-16 23:42:11 [com.xxl.job.core.thread.TriggerCallbackThread#callbackLog]-[197]-[Thread-82] <br>----------- xxl-job job callback fail, callbackResult:ReturnT [code=500, msg=xxl-rpc remoting fail, StatusCode(404) invalid. for url : http://localhost:8080/xxl-job-admin/api/callback, content=null]
2026-07-16 23:42:41 [com.xxl.job.core.thread.TriggerCallbackThread#callbackLog]-[197]-[Thread-82] <br>----------- xxl-job job callback fail, callbackResult:ReturnT [code=500, msg=xxl-rpc remoting fail, StatusCode(404) invalid. for url : http://localhost:8080/xxl-job-admin/api/callback, content=null]
2026-07-16 23:43:11 [com.xxl.job.core.thread.TriggerCallbackThread#callbackLog]-[197]-[Thread-82] <br>----------- xxl-job job callback fail, callbackResult:ReturnT [code=500, msg=xxl-rpc remoting fail, StatusCode(404) invalid. for url : http://localhost:8080/xxl-job-admin/api/callback, content=null]
2026-07-16 23:43:41 [com.xxl.job.core.thread.TriggerCallbackThread#callbackLog]-[197]-[Thread-82] <br>----------- xxl-job job callback fail, callbackResult:ReturnT [code=500, msg=xxl-rpc remoting fail, StatusCode(404) invalid. for url : http://localhost:8080/xxl-job-admin/api/callback, content=null]
2026-07-16 23:44:11 [com.xxl.job.core.thread.TriggerCallbackThread#callbackLog]-[197]-[Thread-82] <br>----------- xxl-job job callback fail, callbackResult:ReturnT [code=500, msg=xxl-rpc remoting fail, StatusCode(404) invalid. for url : http://localhost:8080/xxl-job-admin/api/callback, content=null]
2026-07-16 23:44:41 [com.xxl.job.core.thread.TriggerCallbackThread#callbackLog]-[197]-[Thread-82] <br>----------- xxl-job job callback fail, callbackResult:ReturnT [code=500, msg=xxl-rpc remoting fail, StatusCode(404) invalid. for url : http://localhost:8080/xxl-job-admin/api/callback, content=null]
2026-07-16 23:45:11 [com.xxl.job.core.thread.TriggerCallbackThread#callbackLog]-[197]-[Thread-82] <br>----------- xxl-job job callback fail, callbackResult:ReturnT [code=500, msg=xxl-rpc remoting fail, StatusCode(404) invalid. for url : http://localhost:8080/xxl-job-admin/api/callback, content=null]
2026-07-16 23:45:41 [com.xxl.job.core.thread.TriggerCallbackThread#callbackLog]-[197]-[Thread-82] <br>----------- xxl-job job callback fail, callbackResult:ReturnT [code=500, msg=xxl-rpc remoting fail, StatusCode(404) invalid. for url : http://localhost:8080/xxl-job-admin/api/callback, content=null]
2026-07-16 23:46:11 [com.xxl.job.core.thread.TriggerCallbackThread#callbackLog]-[197]-[Thread-82] <br>----------- xxl-job job callback fail, callbackResult:ReturnT [code=500, msg=xxl-rpc remoting fail, StatusCode(404) invalid. for url : http://localhost:8080/xxl-job-admin/api/callback, content=null]
2026-07-16 23:46:41 [com.xxl.job.core.thread.TriggerCallbackThread#callbackLog]-[197]-[Thread-82] <br>----------- xxl-job job callback fail, callbackResult:ReturnT [code=500, msg=xxl-rpc remoting fail, StatusCode(404) invalid. for url : http://localhost:8080/xxl-job-admin/api/callback, content=null]
2026-07-16 23:47:11 [com.xxl.job.core.thread.TriggerCallbackThread#callbackLog]-[197]-[Thread-82] <br>----------- xxl-job job callback fail, callbackResult:ReturnT [code=500, msg=xxl-rpc remoting fail, StatusCode(404) invalid. for url : http://localhost:8080/xxl-job-admin/api/callback, content=null]
2026-07-16 23:47:41 [com.xxl.job.core.thread.TriggerCallbackThread#callbackLog]-[197]-[Thread-82] <br>----------- xxl-job job callback fail, callbackResult:ReturnT [code=500, msg=xxl-rpc remoting fail, StatusCode(404) invalid. for url : http://localhost:8080/xxl-job-admin/api/callback, content=null]
2026-07-16 23:48:11 [com.xxl.job.core.thread.TriggerCallbackThread#callbackLog]-[197]-[Thread-82] <br>----------- xxl-job job callback fail, callbackResult:ReturnT [code=500, msg=xxl-rpc remoting fail, StatusCode(404) invalid. for url : http://localhost:8080/xxl-job-admin/api/callback, content=null]
2026-07-16 23:48:41 [com.xxl.job.core.thread.TriggerCallbackThread#callbackLog]-[197]-[Thread-82] <br>----------- xxl-job job callback fail, callbackResult:ReturnT [code=500, msg=xxl-rpc remoting fail, StatusCode(404) invalid. for url : http://localhost:8080/xxl-job-admin/api/callback, content=null]
2026-07-16 23:49:11 [com.xxl.job.core.thread.TriggerCallbackThread#callbackLog]-[197]-[Thread-82] <br>----------- xxl-job job callback fail, callbackResult:ReturnT [code=500, msg=xxl-rpc remoting fail, StatusCode(404) invalid. for url : http://localhost:8080/xxl-job-admin/api/callback, content=null]
2026-07-16 23:49:41 [com.xxl.job.core.thread.TriggerCallbackThread#callbackLog]-[197]-[Thread-82] <br>----------- xxl-job job callback fail, callbackResult:ReturnT [code=500, msg=xxl-rpc remoting fail, StatusCode(404) invalid. for url : http://localhost:8080/xxl-job-admin/api/callback, content=null]
2026-07-16 23:50:11 [com.xxl.job.core.thread.TriggerCallbackThread#callbackLog]-[197]-[Thread-82] <br>----------- xxl-job job callback fail, callbackResult:ReturnT [code=500, msg=xxl-rpc remoting fail, StatusCode(404) invalid. for url : http://localhost:8080/xxl-job-admin/api/callback, content=null]
2026-07-16 23:50:41 [com.xxl.job.core.thread.TriggerCallbackThread#callbackLog]-[197]-[Thread-82] <br>----------- xxl-job job callback fail, callbackResult:ReturnT [code=500, msg=xxl-rpc remoting fail, StatusCode(404) invalid. for url : http://localhost:8080/xxl-job-admin/api/callback, content=null]
2026-07-16 23:51:11 [com.xxl.job.core.thread.TriggerCallbackThread#callbackLog]-[197]-[Thread-82] <br>----------- xxl-job job callback fail, callbackResult:ReturnT [code=500, msg=xxl-rpc remoting fail, StatusCode(404) invalid. for url : http://localhost:8080/xxl-job-admin/api/callback, content=null]
2026-07-16 23:51:41 [com.xxl.job.core.thread.TriggerCallbackThread#callbackLog]-[197]-[Thread-82] <br>----------- xxl-job job callback fail, callbackResult:ReturnT [code=500, msg=xxl-rpc remoting fail, StatusCode(404) invalid. for url : http://localhost:8080/xxl-job-admin/api/callback, content=null]
2026-07-16 23:52:11 [com.xxl.job.core.thread.TriggerCallbackThread#callbackLog]-[197]-[Thread-82] <br>----------- xxl-job job callback fail, callbackResult:ReturnT [code=500, msg=xxl-rpc remoting fail, StatusCode(404) invalid. for url : http://localhost:8080/xxl-job-admin/api/callback, content=null]
2026-07-16 23:52:41 [com.xxl.job.core.thread.TriggerCallbackThread#callbackLog]-[197]-[Thread-82] <br>----------- xxl-job job callback fail, callbackResult:ReturnT [code=500, msg=xxl-rpc remoting fail, StatusCode(404) invalid. for url : http://localhost:8080/xxl-job-admin/api/callback, content=null]
2026-07-16 23:53:11 [com.xxl.job.core.thread.TriggerCallbackThread#callbackLog]-[197]-[Thread-82] <br>----------- xxl-job job callback fail, callbackResult:ReturnT [code=500, msg=xxl-rpc remoting fail, StatusCode(404) invalid. for url : http://localhost:8080/xxl-job-admin/api/callback, content=null]
2026-07-16 23:53:41 [com.xxl.job.core.thread.TriggerCallbackThread#callbackLog]-[197]-[Thread-82] <br>----------- xxl-job job callback fail, callbackResult:ReturnT [code=500, msg=xxl-rpc remoting fail, StatusCode(404) invalid. for url : http://localhost:8080/xxl-job-admin/api/callback, content=null]
2026-07-16 23:54:12 [com.xxl.job.core.thread.TriggerCallbackThread#callbackLog]-[197]-[Thread-82] <br>----------- xxl-job job callback fail, callbackResult:ReturnT [code=500, msg=xxl-rpc remoting fail, StatusCode(404) invalid. for url : http://localhost:8080/xxl-job-admin/api/callback, content=null]
2026-07-16 23:54:42 [com.xxl.job.core.thread.TriggerCallbackThread#callbackLog]-[197]-[Thread-82] <br>----------- xxl-job job callback fail, callbackResult:ReturnT [code=500, msg=xxl-rpc remoting fail, StatusCode(404) invalid. for url : http://localhost:8080/xxl-job-admin/api/callback, content=null]
2026-07-16 23:55:12 [com.xxl.job.core.thread.TriggerCallbackThread#callbackLog]-[197]-[Thread-82] <br>----------- xxl-job job callback fail, callbackResult:ReturnT [code=500, msg=xxl-rpc remoting fail, StatusCode(404) invalid. for url : http://localhost:8080/xxl-job-admin/api/callback, content=null]
2026-07-16 23:55:42 [com.xxl.job.core.thread.TriggerCallbackThread#callbackLog]-[197]-[Thread-82] <br>----------- xxl-job job callback fail, callbackResult:ReturnT [code=500, msg=xxl-rpc remoting fail, StatusCode(404) invalid. for url : http://localhost:8080/xxl-job-admin/api/callback, content=null]
2026-07-16 23:56:12 [com.xxl.job.core.thread.TriggerCallbackThread#callbackLog]-[197]-[Thread-82] <br>----------- xxl-job job callback fail, callbackResult:ReturnT [code=500, msg=xxl-rpc remoting fail, StatusCode(404) invalid. for url : http://localhost:8080/xxl-job-admin/api/callback, content=null]
2026-07-16 23:56:42 [com.xxl.job.core.thread.TriggerCallbackThread#callbackLog]-[197]-[Thread-82] <br>----------- xxl-job job callback fail, callbackResult:ReturnT [code=500, msg=xxl-rpc remoting fail, StatusCode(404) invalid. for url : http://localhost:8080/xxl-job-admin/api/callback, content=null]
2026-07-16 23:57:18 [com.xxl.job.core.thread.TriggerCallbackThread#callbackLog]-[197]-[Thread-77] <br>----------- xxl-job job callback fail, callbackResult:ReturnT [code=500, msg=xxl-rpc remoting fail, StatusCode(404) invalid. for url : http://localhost:8080/xxl-job-admin/api/callback, content=null]
2026-07-17 11:06:15 [com.xxl.job.core.thread.TriggerCallbackThread#callbackLog]-[197]-[Thread-81] <br>----------- xxl-job job callback fail, callbackResult:ReturnT [code=500, msg=xxl-rpc remoting error(Connection refused: connect), for url : http://localhost:8080/xxl-job-admin/api/callback, content=null]
2026-07-17 11:07:33 [com.xxl.job.core.thread.TriggerCallbackThread#callbackLog]-[197]-[Thread-81] <br>----------- xxl-job job callback fail, callbackResult:ReturnT [code=500, msg=xxl-rpc remoting error(Connection refused: connect), for url : http://localhost:8080/xxl-job-admin/api/callback, content=null]
2026-07-17 11:10:38 [com.xxl.job.core.thread.TriggerCallbackThread#callbackLog]-[197]-[Thread-81] <br>----------- xxl-job job callback fail, callbackResult:ReturnT [code=500, msg=xxl-rpc remoting error(Connection refused: connect), for url : http://localhost:8080/xxl-job-admin/api/callback, content=null]
2026-07-17 11:11:26 [com.xxl.job.core.thread.TriggerCallbackThread#callbackLog]-[197]-[Thread-81] <br>----------- xxl-job job callback fail, callbackResult:ReturnT [code=500, msg=xxl-rpc remoting error(Connection refused: connect), for url : http://localhost:8080/xxl-job-admin/api/callback, content=null]
2026-07-17 11:12:14 [com.xxl.job.core.thread.TriggerCallbackThread#callbackLog]-[197]-[Thread-81] <br>----------- xxl-job job callback fail, callbackResult:ReturnT [code=500, msg=xxl-rpc remoting error(Connection refused: connect), for url : http://localhost:8080/xxl-job-admin/api/callback, content=null]
2026-07-17 11:13:03 [com.xxl.job.core.thread.TriggerCallbackThread#callbackLog]-[197]-[Thread-81] <br>----------- xxl-job job callback fail, callbackResult:ReturnT [code=500, msg=xxl-rpc remoting error(Connection refused: connect), for url : http://localhost:8080/xxl-job-admin/api/callback, content=null]
2026-07-17 11:13:51 [com.xxl.job.core.thread.TriggerCallbackThread#callbackLog]-[197]-[Thread-81] <br>----------- xxl-job job callback fail, callbackResult:ReturnT [code=500, msg=xxl-rpc remoting error(Connection refused: connect), for url : http://localhost:8080/xxl-job-admin/api/callback, content=null]
2026-07-17 11:14:40 [com.xxl.job.core.thread.TriggerCallbackThread#callbackLog]-[197]-[Thread-81] <br>----------- xxl-job job callback fail, callbackResult:ReturnT [code=500, msg=xxl-rpc remoting error(Connection refused: connect), for url : http://localhost:8080/xxl-job-admin/api/callback, content=null]
2026-07-17 11:15:28 [com.xxl.job.core.thread.TriggerCallbackThread#callbackLog]-[197]-[Thread-81] <br>----------- xxl-job job callback fail, callbackResult:ReturnT [code=500, msg=xxl-rpc remoting error(Connection refused: connect), for url : http://localhost:8080/xxl-job-admin/api/callback, content=null]
2026-07-17 11:16:17 [com.xxl.job.core.thread.TriggerCallbackThread#callbackLog]-[197]-[Thread-81] <br>----------- xxl-job job callback fail, callbackResult:ReturnT [code=500, msg=xxl-rpc remoting error(Connection refused: connect), for url : http://localhost:8080/xxl-job-admin/api/callback, content=null]
2026-07-17 11:17:05 [com.xxl.job.core.thread.TriggerCallbackThread#callbackLog]-[197]-[Thread-81] <br>----------- xxl-job job callback fail, callbackResult:ReturnT [code=500, msg=xxl-rpc remoting error(Connection refused: connect), for url : http://localhost:8080/xxl-job-admin/api/callback, content=null]
2026-07-17 11:17:53 [com.xxl.job.core.thread.TriggerCallbackThread#callbackLog]-[197]-[Thread-81] <br>----------- xxl-job job callback fail, callbackResult:ReturnT [code=500, msg=xxl-rpc remoting error(Connection refused: connect), for url : http://localhost:8080/xxl-job-admin/api/callback, content=null]
2026-07-17 11:18:42 [com.xxl.job.core.thread.TriggerCallbackThread#callbackLog]-[197]-[Thread-81] <br>----------- xxl-job job callback fail, callbackResult:ReturnT [code=500, msg=xxl-rpc remoting error(Connection refused: connect), for url : http://localhost:8080/xxl-job-admin/api/callback, content=null]
2026-07-17 11:19:30 [com.xxl.job.core.thread.TriggerCallbackThread#callbackLog]-[197]-[Thread-81] <br>----------- xxl-job job callback fail, callbackResult:ReturnT [code=500, msg=xxl-rpc remoting error(Connection refused: connect), for url : http://localhost:8080/xxl-job-admin/api/callback, content=null]
2026-07-17 11:20:18 [com.xxl.job.core.thread.TriggerCallbackThread#callbackLog]-[197]-[Thread-81] <br>----------- xxl-job job callback fail, callbackResult:ReturnT [code=500, msg=xxl-rpc remoting error(Connection refused: connect), for url : http://localhost:8080/xxl-job-admin/api/callback, content=null]
2026-07-17 11:21:07 [com.xxl.job.core.thread.TriggerCallbackThread#callbackLog]-[197]-[Thread-81] <br>----------- xxl-job job callback fail, callbackResult:ReturnT [code=500, msg=xxl-rpc remoting error(Connection refused: connect), for url : http://localhost:8080/xxl-job-admin/api/callback, content=null]
2026-07-17 11:21:55 [com.xxl.job.core.thread.TriggerCallbackThread#callbackLog]-[197]-[Thread-81] <br>----------- xxl-job job callback fail, callbackResult:ReturnT [code=500, msg=xxl-rpc remoting error(Connection refused: connect), for url : http://localhost:8080/xxl-job-admin/api/callback, content=null]
2026-07-17 11:22:43 [com.xxl.job.core.thread.TriggerCallbackThread#callbackLog]-[197]-[Thread-81] <br>----------- xxl-job job callback fail, callbackResult:ReturnT [code=500, msg=xxl-rpc remoting error(Connection refused: connect), for url : http://localhost:8080/xxl-job-admin/api/callback, content=null]
2026-07-17 11:23:32 [com.xxl.job.core.thread.TriggerCallbackThread#callbackLog]-[197]-[Thread-81] <br>----------- xxl-job job callback fail, callbackResult:ReturnT [code=500, msg=xxl-rpc remoting error(Connection refused: connect), for url : http://localhost:8080/xxl-job-admin/api/callback, content=null]
2026-07-17 11:24:21 [com.xxl.job.core.thread.TriggerCallbackThread#callbackLog]-[197]-[Thread-81] <br>----------- xxl-job job callback fail, callbackResult:ReturnT [code=500, msg=xxl-rpc remoting error(Connection refused: connect), for url : http://localhost:8080/xxl-job-admin/api/callback, content=null]
2026-07-17 11:25:09 [com.xxl.job.core.thread.TriggerCallbackThread#callbackLog]-[197]-[Thread-81] <br>----------- xxl-job job callback fail, callbackResult:ReturnT [code=500, msg=xxl-rpc remoting error(Connection refused: connect), for url : http://localhost:8080/xxl-job-admin/api/callback, content=null]
2026-07-17 11:25:57 [com.xxl.job.core.thread.TriggerCallbackThread#callbackLog]-[197]-[Thread-81] <br>----------- xxl-job job callback fail, callbackResult:ReturnT [code=500, msg=xxl-rpc remoting error(Connection refused: connect), for url : http://localhost:8080/xxl-job-admin/api/callback, content=null]
2026-07-17 11:26:46 [com.xxl.job.core.thread.TriggerCallbackThread#callbackLog]-[197]-[Thread-81] <br>----------- xxl-job job callback fail, callbackResult:ReturnT [code=500, msg=xxl-rpc remoting error(Connection refused: connect), for url : http://localhost:8080/xxl-job-admin/api/callback, content=null]
2026-07-17 11:27:34 [com.xxl.job.core.thread.TriggerCallbackThread#callbackLog]-[197]-[Thread-81] <br>----------- xxl-job job callback fail, callbackResult:ReturnT [code=500, msg=xxl-rpc remoting error(Connection refused: connect), for url : http://localhost:8080/xxl-job-admin/api/callback, content=null]
2026-07-17 11:28:23 [com.xxl.job.core.thread.TriggerCallbackThread#callbackLog]-[197]-[Thread-81] <br>----------- xxl-job job callback fail, callbackResult:ReturnT [code=500, msg=xxl-rpc remoting error(Connection refused: connect), for url : http://localhost:8080/xxl-job-admin/api/callback, content=null]
2026-07-17 11:29:11 [com.xxl.job.core.thread.TriggerCallbackThread#callbackLog]-[197]-[Thread-81] <br>----------- xxl-job job callback fail, callbackResult:ReturnT [code=500, msg=xxl-rpc remoting error(Connection refused: connect), for url : http://localhost:8080/xxl-job-admin/api/callback, content=null]
2026-07-17 11:29:59 [com.xxl.job.core.thread.TriggerCallbackThread#callbackLog]-[197]-[Thread-81] <br>----------- xxl-job job callback fail, callbackResult:ReturnT [code=500, msg=xxl-rpc remoting error(Connection refused: connect), for url : http://localhost:8080/xxl-job-admin/api/callback, content=null]
2026-07-17 11:30:48 [com.xxl.job.core.thread.TriggerCallbackThread#callbackLog]-[197]-[Thread-81] <br>----------- xxl-job job callback fail, callbackResult:ReturnT [code=500, msg=xxl-rpc remoting error(Connection refused: connect), for url : http://localhost:8080/xxl-job-admin/api/callback, content=null]
2026-07-17 11:31:36 [com.xxl.job.core.thread.TriggerCallbackThread#callbackLog]-[197]-[Thread-81] <br>----------- xxl-job job callback fail, callbackResult:ReturnT [code=500, msg=xxl-rpc remoting error(Connection refused: connect), for url : http://localhost:8080/xxl-job-admin/api/callback, content=null]
2026-07-17 11:32:24 [com.xxl.job.core.thread.TriggerCallbackThread#callbackLog]-[197]-[Thread-81] <br>----------- xxl-job job callback fail, callbackResult:ReturnT [code=500, msg=xxl-rpc remoting error(Connection refused: connect), for url : http://localhost:8080/xxl-job-admin/api/callback, content=null]
2026-07-17 11:33:13 [com.xxl.job.core.thread.TriggerCallbackThread#callbackLog]-[197]-[Thread-81] <br>----------- xxl-job job callback fail, callbackResult:ReturnT [code=500, msg=xxl-rpc remoting error(Connection refused: connect), for url : http://localhost:8080/xxl-job-admin/api/callback, content=null]
2026-07-17 11:34:01 [com.xxl.job.core.thread.TriggerCallbackThread#callbackLog]-[197]-[Thread-81] <br>----------- xxl-job job callback fail, callbackResult:ReturnT [code=500, msg=xxl-rpc remoting error(Connection refused: connect), for url : http://localhost:8080/xxl-job-admin/api/callback, content=null]
2026-07-17 11:34:49 [com.xxl.job.core.thread.TriggerCallbackThread#callbackLog]-[197]-[Thread-81] <br>----------- xxl-job job callback fail, callbackResult:ReturnT [code=500, msg=xxl-rpc remoting error(Connection refused: connect), for url : http://localhost:8080/xxl-job-admin/api/callback, content=null]
2026-07-17 11:35:38 [com.xxl.job.core.thread.TriggerCallbackThread#callbackLog]-[197]-[Thread-81] <br>----------- xxl-job job callback fail, callbackResult:ReturnT [code=500, msg=xxl-rpc remoting error(Connection refused: connect), for url : http://localhost:8080/xxl-job-admin/api/callback, content=null]
2026-07-17 11:36:26 [com.xxl.job.core.thread.TriggerCallbackThread#callbackLog]-[197]-[Thread-81] <br>----------- xxl-job job callback fail, callbackResult:ReturnT [code=500, msg=xxl-rpc remoting error(Connection refused: connect), for url : http://localhost:8080/xxl-job-admin/api/callback, content=null]
2026-07-17 11:37:14 [com.xxl.job.core.thread.TriggerCallbackThread#callbackLog]-[197]-[Thread-81] <br>----------- xxl-job job callback fail, callbackResult:ReturnT [code=500, msg=xxl-rpc remoting error(Connection refused: connect), for url : http://localhost:8080/xxl-job-admin/api/callback, content=null]
2026-07-17 13:31:14 [com.xxl.job.core.thread.TriggerCallbackThread#callbackLog]-[197]-[Thread-81] <br>----------- xxl-job job callback fail, callbackResult:ReturnT [code=500, msg=xxl-rpc remoting error(Connection refused: connect), for url : http://localhost:8080/xxl-job-admin/api/callback, content=null]
2026-07-17 13:32:02 [com.xxl.job.core.thread.TriggerCallbackThread#callbackLog]-[197]-[Thread-81] <br>----------- xxl-job job callback fail, callbackResult:ReturnT [code=500, msg=xxl-rpc remoting error(Connection refused: connect), for url : http://localhost:8080/xxl-job-admin/api/callback, content=null]
2026-07-17 13:32:50 [com.xxl.job.core.thread.TriggerCallbackThread#callbackLog]-[197]-[Thread-81] <br>----------- xxl-job job callback fail, callbackResult:ReturnT [code=500, msg=xxl-rpc remoting error(Connection refused: connect), for url : http://localhost:8080/xxl-job-admin/api/callback, content=null]
2026-07-17 13:33:39 [com.xxl.job.core.thread.TriggerCallbackThread#callbackLog]-[197]-[Thread-81] <br>----------- xxl-job job callback fail, callbackResult:ReturnT [code=500, msg=xxl-rpc remoting error(Connection refused: connect), for url : http://localhost:8080/xxl-job-admin/api/callback, content=null]
2026-07-17 13:34:27 [com.xxl.job.core.thread.TriggerCallbackThread#callbackLog]-[197]-[Thread-81] <br>----------- xxl-job job callback fail, callbackResult:ReturnT [code=500, msg=xxl-rpc remoting error(Connection refused: connect), for url : http://localhost:8080/xxl-job-admin/api/callback, content=null]
2026-07-17 13:35:15 [com.xxl.job.core.thread.TriggerCallbackThread#callbackLog]-[197]-[Thread-81] <br>----------- xxl-job job callback fail, callbackResult:ReturnT [code=500, msg=xxl-rpc remoting error(Connection refused: connect), for url : http://localhost:8080/xxl-job-admin/api/callback, content=null]
2026-07-17 13:36:04 [com.xxl.job.core.thread.TriggerCallbackThread#callbackLog]-[197]-[Thread-81] <br>----------- xxl-job job callback fail, callbackResult:ReturnT [code=500, msg=xxl-rpc remoting error(Connection refused: connect), for url : http://localhost:8080/xxl-job-admin/api/callback, content=null]
2026-07-17 13:36:52 [com.xxl.job.core.thread.TriggerCallbackThread#callbackLog]-[197]-[Thread-81] <br>----------- xxl-job job callback fail, callbackResult:ReturnT [code=500, msg=xxl-rpc remoting error(Connection refused: connect), for url : http://localhost:8080/xxl-job-admin/api/callback, content=null]
2026-07-17 13:37:40 [com.xxl.job.core.thread.TriggerCallbackThread#callbackLog]-[197]-[Thread-81] <br>----------- xxl-job job callback fail, callbackResult:ReturnT [code=500, msg=xxl-rpc remoting error(Connection refused: connect), for url : http://localhost:8080/xxl-job-admin/api/callback, content=null]
2026-07-17 13:38:29 [com.xxl.job.core.thread.TriggerCallbackThread#callbackLog]-[197]-[Thread-81] <br>----------- xxl-job job callback fail, callbackResult:ReturnT [code=500, msg=xxl-rpc remoting error(Connection refused: connect), for url : http://localhost:8080/xxl-job-admin/api/callback, content=null]
2026-07-17 13:39:17 [com.xxl.job.core.thread.TriggerCallbackThread#callbackLog]-[197]-[Thread-81] <br>----------- xxl-job job callback fail, callbackResult:ReturnT [code=500, msg=xxl-rpc remoting error(Connection refused: connect), for url : http://localhost:8080/xxl-job-admin/api/callback, content=null]
2026-07-17 13:40:05 [com.xxl.job.core.thread.TriggerCallbackThread#callbackLog]-[197]-[Thread-81] <br>----------- xxl-job job callback fail, callbackResult:ReturnT [code=500, msg=xxl-rpc remoting error(Connection refused: connect), for url : http://localhost:8080/xxl-job-admin/api/callback, content=null]
2026-07-17 13:40:54 [com.xxl.job.core.thread.TriggerCallbackThread#callbackLog]-[197]-[Thread-81] <br>----------- xxl-job job callback fail, callbackResult:ReturnT [code=500, msg=xxl-rpc remoting error(Connection refused: connect), for url : http://localhost:8080/xxl-job-admin/api/callback, content=null]
2026-07-17 13:41:42 [com.xxl.job.core.thread.TriggerCallbackThread#callbackLog]-[197]-[Thread-81] <br>----------- xxl-job job callback fail, callbackResult:ReturnT [code=500, msg=xxl-rpc remoting error(Connection refused: connect), for url : http://localhost:8080/xxl-job-admin/api/callback, content=null]
2026-07-17 13:42:30 [com.xxl.job.core.thread.TriggerCallbackThread#callbackLog]-[197]-[Thread-81] <br>----------- xxl-job job callback fail, callbackResult:ReturnT [code=500, msg=xxl-rpc remoting error(Connection refused: connect), for url : http://localhost:8080/xxl-job-admin/api/callback, content=null]
2026-07-17 13:43:47 [com.xxl.job.core.thread.TriggerCallbackThread#callbackLog]-[197]-[Thread-98] <br>----------- xxl-job job callback fail, callbackResult:ReturnT [code=500, msg=xxl-rpc remoting fail, StatusCode(404) invalid. for url : http://localhost:8080/xxl-job-admin/api/callback, content=null]
2026-07-17 13:44:17 [com.xxl.job.core.thread.TriggerCallbackThread#callbackLog]-[197]-[Thread-98] <br>----------- xxl-job job callback fail, callbackResult:ReturnT [code=500, msg=xxl-rpc remoting fail, StatusCode(404) invalid. for url : http://localhost:8080/xxl-job-admin/api/callback, content=null]
2026-07-17 13:44:47 [com.xxl.job.core.thread.TriggerCallbackThread#callbackLog]-[197]-[Thread-98] <br>----------- xxl-job job callback fail, callbackResult:ReturnT [code=500, msg=xxl-rpc remoting fail, StatusCode(404) invalid. for url : http://localhost:8080/xxl-job-admin/api/callback, content=null]
2026-07-17 13:45:17 [com.xxl.job.core.thread.TriggerCallbackThread#callbackLog]-[197]-[Thread-98] <br>----------- xxl-job job callback fail, callbackResult:ReturnT [code=500, msg=xxl-rpc remoting fail, StatusCode(404) invalid. for url : http://localhost:8080/xxl-job-admin/api/callback, content=null]
2026-07-17 13:45:47 [com.xxl.job.core.thread.TriggerCallbackThread#callbackLog]-[197]-[Thread-98] <br>----------- xxl-job job callback fail, callbackResult:ReturnT [code=500, msg=xxl-rpc remoting fail, StatusCode(404) invalid. for url : http://localhost:8080/xxl-job-admin/api/callback, content=null]
2026-07-17 13:46:17 [com.xxl.job.core.thread.TriggerCallbackThread#callbackLog]-[197]-[Thread-98] <br>----------- xxl-job job callback fail, callbackResult:ReturnT [code=500, msg=xxl-rpc remoting fail, StatusCode(404) invalid. for url : http://localhost:8080/xxl-job-admin/api/callback, content=null]
2026-07-17 13:46:47 [com.xxl.job.core.thread.TriggerCallbackThread#callbackLog]-[197]-[Thread-98] <br>----------- xxl-job job callback fail, callbackResult:ReturnT [code=500, msg=xxl-rpc remoting fail, StatusCode(404) invalid. for url : http://localhost:8080/xxl-job-admin/api/callback, content=null]
2026-07-17 13:47:18 [com.xxl.job.core.thread.TriggerCallbackThread#callbackLog]-[197]-[Thread-98] <br>----------- xxl-job job callback fail, callbackResult:ReturnT [code=500, msg=xxl-rpc remoting fail, StatusCode(404) invalid. for url : http://localhost:8080/xxl-job-admin/api/callback, content=null]
2026-07-17 13:47:48 [com.xxl.job.core.thread.TriggerCallbackThread#callbackLog]-[197]-[Thread-98] <br>----------- xxl-job job callback fail, callbackResult:ReturnT [code=500, msg=xxl-rpc remoting fail, StatusCode(404) invalid. for url : http://localhost:8080/xxl-job-admin/api/callback, content=null]
2026-07-17 13:48:18 [com.xxl.job.core.thread.TriggerCallbackThread#callbackLog]-[197]-[Thread-98] <br>----------- xxl-job job callback fail, callbackResult:ReturnT [code=500, msg=xxl-rpc remoting fail, StatusCode(404) invalid. for url : http://localhost:8080/xxl-job-admin/api/callback, content=null]
2026-07-17 13:48:48 [com.xxl.job.core.thread.TriggerCallbackThread#callbackLog]-[197]-[Thread-98] <br>----------- xxl-job job callback fail, callbackResult:ReturnT [code=500, msg=xxl-rpc remoting fail, StatusCode(404) invalid. for url : http://localhost:8080/xxl-job-admin/api/callback, content=null]
2026-07-17 13:49:18 [com.xxl.job.core.thread.TriggerCallbackThread#callbackLog]-[197]-[Thread-98] <br>----------- xxl-job job callback fail, callbackResult:ReturnT [code=500, msg=xxl-rpc remoting fail, StatusCode(404) invalid. for url : http://localhost:8080/xxl-job-admin/api/callback, content=null]
2026-07-17 13:49:49 [com.xxl.job.core.thread.TriggerCallbackThread#callbackLog]-[197]-[Thread-98] <br>----------- xxl-job job callback fail, callbackResult:ReturnT [code=500, msg=xxl-rpc remoting fail, StatusCode(404) invalid. for url : http://localhost:8080/xxl-job-admin/api/callback, content=null]
2026-07-17 13:50:19 [com.xxl.job.core.thread.TriggerCallbackThread#callbackLog]-[197]-[Thread-98] <br>----------- xxl-job job callback fail, callbackResult:ReturnT [code=500, msg=xxl-rpc remoting fail, StatusCode(404) invalid. for url : http://localhost:8080/xxl-job-admin/api/callback, content=null]
2026-07-17 13:50:49 [com.xxl.job.core.thread.TriggerCallbackThread#callbackLog]-[197]-[Thread-98] <br>----------- xxl-job job callback fail, callbackResult:ReturnT [code=500, msg=xxl-rpc remoting fail, StatusCode(404) invalid. for url : http://localhost:8080/xxl-job-admin/api/callback, content=null]
2026-07-17 13:51:19 [com.xxl.job.core.thread.TriggerCallbackThread#callbackLog]-[197]-[Thread-98] <br>----------- xxl-job job callback fail, callbackResult:ReturnT [code=500, msg=xxl-rpc remoting fail, StatusCode(404) invalid. for url : http://localhost:8080/xxl-job-admin/api/callback, content=null]
2026-07-17 13:51:49 [com.xxl.job.core.thread.TriggerCallbackThread#callbackLog]-[197]-[Thread-98] <br>----------- xxl-job job callback fail, callbackResult:ReturnT [code=500, msg=xxl-rpc remoting fail, StatusCode(404) invalid. for url : http://localhost:8080/xxl-job-admin/api/callback, content=null]
2026-07-17 13:52:19 [com.xxl.job.core.thread.TriggerCallbackThread#callbackLog]-[197]-[Thread-98] <br>----------- xxl-job job callback fail, callbackResult:ReturnT [code=500, msg=xxl-rpc remoting fail, StatusCode(404) invalid. for url : http://localhost:8080/xxl-job-admin/api/callback, content=null]
2026-07-17 13:52:49 [com.xxl.job.core.thread.TriggerCallbackThread#callbackLog]-[197]-[Thread-98] <br>----------- xxl-job job callback fail, callbackResult:ReturnT [code=500, msg=xxl-rpc remoting fail, StatusCode(404) invalid. for url : http://localhost:8080/xxl-job-admin/api/callback, content=null]
2026-07-17 13:53:19 [com.xxl.job.core.thread.TriggerCallbackThread#callbackLog]-[197]-[Thread-98] <br>----------- xxl-job job callback fail, callbackResult:ReturnT [code=500, msg=xxl-rpc remoting fail, StatusCode(404) invalid. for url : http://localhost:8080/xxl-job-admin/api/callback, content=null]
2026-07-17 13:53:49 [com.xxl.job.core.thread.TriggerCallbackThread#callbackLog]-[197]-[Thread-98] <br>----------- xxl-job job callback fail, callbackResult:ReturnT [code=500, msg=xxl-rpc remoting fail, StatusCode(404) invalid. for url : http://localhost:8080/xxl-job-admin/api/callback, content=null]
2026-07-17 13:54:19 [com.xxl.job.core.thread.TriggerCallbackThread#callbackLog]-[197]-[Thread-98] <br>----------- xxl-job job callback fail, callbackResult:ReturnT [code=500, msg=xxl-rpc remoting fail, StatusCode(404) invalid. for url : http://localhost:8080/xxl-job-admin/api/callback, content=null]
2026-07-17 13:54:49 [com.xxl.job.core.thread.TriggerCallbackThread#callbackLog]-[197]-[Thread-98] <br>----------- xxl-job job callback fail, callbackResult:ReturnT [code=500, msg=xxl-rpc remoting fail, StatusCode(404) invalid. for url : http://localhost:8080/xxl-job-admin/api/callback, content=null]
2026-07-17 13:55:19 [com.xxl.job.core.thread.TriggerCallbackThread#callbackLog]-[197]-[Thread-98] <br>----------- xxl-job job callback fail, callbackResult:ReturnT [code=500, msg=xxl-rpc remoting fail, StatusCode(404) invalid. for url : http://localhost:8080/xxl-job-admin/api/callback, content=null]
2026-07-17 13:55:49 [com.xxl.job.core.thread.TriggerCallbackThread#callbackLog]-[197]-[Thread-98] <br>----------- xxl-job job callback fail, callbackResult:ReturnT [code=500, msg=xxl-rpc remoting fail, StatusCode(404) invalid. for url : http://localhost:8080/xxl-job-admin/api/callback, content=null]
2026-07-17 13:56:19 [com.xxl.job.core.thread.TriggerCallbackThread#callbackLog]-[197]-[Thread-98] <br>----------- xxl-job job callback fail, callbackResult:ReturnT [code=500, msg=xxl-rpc remoting fail, StatusCode(404) invalid. for url : http://localhost:8080/xxl-job-admin/api/callback, content=null]
2026-07-17 13:56:49 [com.xxl.job.core.thread.TriggerCallbackThread#callbackLog]-[197]-[Thread-98] <br>----------- xxl-job job callback fail, callbackResult:ReturnT [code=500, msg=xxl-rpc remoting fail, StatusCode(404) invalid. for url : http://localhost:8080/xxl-job-admin/api/callback, content=null]
2026-07-17 13:57:19 [com.xxl.job.core.thread.TriggerCallbackThread#callbackLog]-[197]-[Thread-98] <br>----------- xxl-job job callback fail, callbackResult:ReturnT [code=500, msg=xxl-rpc remoting fail, StatusCode(404) invalid. for url : http://localhost:8080/xxl-job-admin/api/callback, content=null]
2026-07-17 13:57:49 [com.xxl.job.core.thread.TriggerCallbackThread#callbackLog]-[197]-[Thread-98] <br>----------- xxl-job job callback fail, callbackResult:ReturnT [code=500, msg=xxl-rpc remoting fail, StatusCode(404) invalid. for url : http://localhost:8080/xxl-job-admin/api/callback, content=null]
2026-07-17 13:58:19 [com.xxl.job.core.thread.TriggerCallbackThread#callbackLog]-[197]-[Thread-98] <br>----------- xxl-job job callback fail, callbackResult:ReturnT [code=500, msg=xxl-rpc remoting fail, StatusCode(404) invalid. for url : http://localhost:8080/xxl-job-admin/api/callback, content=null]
2026-07-17 13:58:50 [com.xxl.job.core.thread.TriggerCallbackThread#callbackLog]-[197]-[Thread-98] <br>----------- xxl-job job callback fail, callbackResult:ReturnT [code=500, msg=xxl-rpc remoting fail, StatusCode(404) invalid. for url : http://localhost:8080/xxl-job-admin/api/callback, content=null]
2026-07-17 13:59:20 [com.xxl.job.core.thread.TriggerCallbackThread#callbackLog]-[197]-[Thread-98] <br>----------- xxl-job job callback fail, callbackResult:ReturnT [code=500, msg=xxl-rpc remoting fail, StatusCode(404) invalid. for url : http://localhost:8080/xxl-job-admin/api/callback, content=null]
2026-07-17 13:59:50 [com.xxl.job.core.thread.TriggerCallbackThread#callbackLog]-[197]-[Thread-98] <br>----------- xxl-job job callback fail, callbackResult:ReturnT [code=500, msg=xxl-rpc remoting fail, StatusCode(404) invalid. for url : http://localhost:8080/xxl-job-admin/api/callback, content=null]
2026-07-17 14:00:20 [com.xxl.job.core.thread.TriggerCallbackThread#callbackLog]-[197]-[Thread-98] <br>----------- xxl-job job callback fail, callbackResult:ReturnT [code=500, msg=xxl-rpc remoting fail, StatusCode(404) invalid. for url : http://localhost:8080/xxl-job-admin/api/callback, content=null]
2026-07-17 14:00:50 [com.xxl.job.core.thread.TriggerCallbackThread#callbackLog]-[197]-[Thread-98] <br>----------- xxl-job job callback fail, callbackResult:ReturnT [code=500, msg=xxl-rpc remoting fail, StatusCode(404) invalid. for url : http://localhost:8080/xxl-job-admin/api/callback, content=null]
2026-07-17 14:01:20 [com.xxl.job.core.thread.TriggerCallbackThread#callbackLog]-[197]-[Thread-98] <br>----------- xxl-job job callback fail, callbackResult:ReturnT [code=500, msg=xxl-rpc remoting fail, StatusCode(404) invalid. for url : http://localhost:8080/xxl-job-admin/api/callback, content=null]
2026-07-17 14:01:50 [com.xxl.job.core.thread.TriggerCallbackThread#callbackLog]-[197]-[Thread-98] <br>----------- xxl-job job callback fail, callbackResult:ReturnT [code=500, msg=xxl-rpc remoting fail, StatusCode(404) invalid. for url : http://localhost:8080/xxl-job-admin/api/callback, content=null]
2026-07-17 14:02:20 [com.xxl.job.core.thread.TriggerCallbackThread#callbackLog]-[197]-[Thread-98] <br>----------- xxl-job job callback fail, callbackResult:ReturnT [code=500, msg=xxl-rpc remoting fail, StatusCode(404) invalid. for url : http://localhost:8080/xxl-job-admin/api/callback, content=null]
2026-07-17 14:02:50 [com.xxl.job.core.thread.TriggerCallbackThread#callbackLog]-[197]-[Thread-98] <br>----------- xxl-job job callback fail, callbackResult:ReturnT [code=500, msg=xxl-rpc remoting fail, StatusCode(404) invalid. for url : http://localhost:8080/xxl-job-admin/api/callback, content=null]
2026-07-17 14:03:20 [com.xxl.job.core.thread.TriggerCallbackThread#callbackLog]-[197]-[Thread-98] <br>----------- xxl-job job callback fail, callbackResult:ReturnT [code=500, msg=xxl-rpc remoting fail, StatusCode(404) invalid. for url : http://localhost:8080/xxl-job-admin/api/callback, content=null]
2026-07-17 14:03:50 [com.xxl.job.core.thread.TriggerCallbackThread#callbackLog]-[197]-[Thread-98] <br>----------- xxl-job job callback fail, callbackResult:ReturnT [code=500, msg=xxl-rpc remoting fail, StatusCode(404) invalid. for url : http://localhost:8080/xxl-job-admin/api/callback, content=null]
2026-07-17 14:04:20 [com.xxl.job.core.thread.TriggerCallbackThread#callbackLog]-[197]-[Thread-98] <br>----------- xxl-job job callback fail, callbackResult:ReturnT [code=500, msg=xxl-rpc remoting fail, StatusCode(404) invalid. for url : http://localhost:8080/xxl-job-admin/api/callback, content=null]
2026-07-17 14:04:50 [com.xxl.job.core.thread.TriggerCallbackThread#callbackLog]-[197]-[Thread-98] <br>----------- xxl-job job callback fail, callbackResult:ReturnT [code=500, msg=xxl-rpc remoting fail, StatusCode(404) invalid. for url : http://localhost:8080/xxl-job-admin/api/callback, content=null]
2026-07-17 14:05:20 [com.xxl.job.core.thread.TriggerCallbackThread#callbackLog]-[197]-[Thread-98] <br>----------- xxl-job job callback fail, callbackResult:ReturnT [code=500, msg=xxl-rpc remoting fail, StatusCode(404) invalid. for url : http://localhost:8080/xxl-job-admin/api/callback, content=null]
2026-07-17 14:05:50 [com.xxl.job.core.thread.TriggerCallbackThread#callbackLog]-[197]-[Thread-98] <br>----------- xxl-job job callback fail, callbackResult:ReturnT [code=500, msg=xxl-rpc remoting fail, StatusCode(404) invalid. for url : http://localhost:8080/xxl-job-admin/api/callback, content=null]
2026-07-17 14:06:20 [com.xxl.job.core.thread.TriggerCallbackThread#callbackLog]-[197]-[Thread-98] <br>----------- xxl-job job callback fail, callbackResult:ReturnT [code=500, msg=xxl-rpc remoting fail, StatusCode(404) invalid. for url : http://localhost:8080/xxl-job-admin/api/callback, content=null]
2026-07-17 14:06:50 [com.xxl.job.core.thread.TriggerCallbackThread#callbackLog]-[197]-[Thread-98] <br>----------- xxl-job job callback fail, callbackResult:ReturnT [code=500, msg=xxl-rpc remoting fail, StatusCode(404) invalid. for url : http://localhost:8080/xxl-job-admin/api/callback, content=null]
2026-07-17 14:07:20 [com.xxl.job.core.thread.TriggerCallbackThread#callbackLog]-[197]-[Thread-98] <br>----------- xxl-job job callback fail, callbackResult:ReturnT [code=500, msg=xxl-rpc remoting fail, StatusCode(404) invalid. for url : http://localhost:8080/xxl-job-admin/api/callback, content=null]
2026-07-17 14:07:50 [com.xxl.job.core.thread.TriggerCallbackThread#callbackLog]-[197]-[Thread-98] <br>----------- xxl-job job callback fail, callbackResult:ReturnT [code=500, msg=xxl-rpc remoting fail, StatusCode(404) invalid. for url : http://localhost:8080/xxl-job-admin/api/callback, content=null]
2026-07-17 14:08:20 [com.xxl.job.core.thread.TriggerCallbackThread#callbackLog]-[197]-[Thread-98] <br>----------- xxl-job job callback fail, callbackResult:ReturnT [code=500, msg=xxl-rpc remoting fail, StatusCode(404) invalid. for url : http://localhost:8080/xxl-job-admin/api/callback, content=null]
2026-07-17 14:08:51 [com.xxl.job.core.thread.TriggerCallbackThread#callbackLog]-[197]-[Thread-98] <br>----------- xxl-job job callback fail, callbackResult:ReturnT [code=500, msg=xxl-rpc remoting fail, StatusCode(404) invalid. for url : http://localhost:8080/xxl-job-admin/api/callback, content=null]
2026-07-17 14:09:21 [com.xxl.job.core.thread.TriggerCallbackThread#callbackLog]-[197]-[Thread-98] <br>----------- xxl-job job callback fail, callbackResult:ReturnT [code=500, msg=xxl-rpc remoting fail, StatusCode(404) invalid. for url : http://localhost:8080/xxl-job-admin/api/callback, content=null]
2026-07-17 14:09:51 [com.xxl.job.core.thread.TriggerCallbackThread#callbackLog]-[197]-[Thread-98] <br>----------- xxl-job job callback fail, callbackResult:ReturnT [code=500, msg=xxl-rpc remoting fail, StatusCode(404) invalid. for url : http://localhost:8080/xxl-job-admin/api/callback, content=null]
2026-07-17 14:10:21 [com.xxl.job.core.thread.TriggerCallbackThread#callbackLog]-[197]-[Thread-98] <br>----------- xxl-job job callback fail, callbackResult:ReturnT [code=500, msg=xxl-rpc remoting fail, StatusCode(404) invalid. for url : http://localhost:8080/xxl-job-admin/api/callback, content=null]
2026-07-17 14:10:51 [com.xxl.job.core.thread.TriggerCallbackThread#callbackLog]-[197]-[Thread-98] <br>----------- xxl-job job callback fail, callbackResult:ReturnT [code=500, msg=xxl-rpc remoting fail, StatusCode(404) invalid. for url : http://localhost:8080/xxl-job-admin/api/callback, content=null]
2026-07-17 14:11:21 [com.xxl.job.core.thread.TriggerCallbackThread#callbackLog]-[197]-[Thread-98] <br>----------- xxl-job job callback fail, callbackResult:ReturnT [code=500, msg=xxl-rpc remoting fail, StatusCode(404) invalid. for url : http://localhost:8080/xxl-job-admin/api/callback, content=null]
2026-07-17 14:11:51 [com.xxl.job.core.thread.TriggerCallbackThread#callbackLog]-[197]-[Thread-98] <br>----------- xxl-job job callback fail, callbackResult:ReturnT [code=500, msg=xxl-rpc remoting fail, StatusCode(404) invalid. for url : http://localhost:8080/xxl-job-admin/api/callback, content=null]
2026-07-17 14:12:21 [com.xxl.job.core.thread.TriggerCallbackThread#callbackLog]-[197]-[Thread-98] <br>----------- xxl-job job callback fail, callbackResult:ReturnT [code=500, msg=xxl-rpc remoting fail, StatusCode(404) invalid. for url : http://localhost:8080/xxl-job-admin/api/callback, content=null]
2026-07-17 14:12:51 [com.xxl.job.core.thread.TriggerCallbackThread#callbackLog]-[197]-[Thread-98] <br>----------- xxl-job job callback fail, callbackResult:ReturnT [code=500, msg=xxl-rpc remoting fail, StatusCode(404) invalid. for url : http://localhost:8080/xxl-job-admin/api/callback, content=null]
2026-07-17 14:13:21 [com.xxl.job.core.thread.TriggerCallbackThread#callbackLog]-[197]-[Thread-98] <br>----------- xxl-job job callback fail, callbackResult:ReturnT [code=500, msg=xxl-rpc remoting fail, StatusCode(404) invalid. for url : http://localhost:8080/xxl-job-admin/api/callback, content=null]
2026-07-17 14:13:51 [com.xxl.job.core.thread.TriggerCallbackThread#callbackLog]-[197]-[Thread-98] <br>----------- xxl-job job callback fail, callbackResult:ReturnT [code=500, msg=xxl-rpc remoting fail, StatusCode(404) invalid. for url : http://localhost:8080/xxl-job-admin/api/callback, content=null]
2026-07-17 14:14:21 [com.xxl.job.core.thread.TriggerCallbackThread#callbackLog]-[197]-[Thread-98] <br>----------- xxl-job job callback fail, callbackResult:ReturnT [code=500, msg=xxl-rpc remoting fail, StatusCode(404) invalid. for url : http://localhost:8080/xxl-job-admin/api/callback, content=null]
2026-07-17 14:14:51 [com.xxl.job.core.thread.TriggerCallbackThread#callbackLog]-[197]-[Thread-98] <br>----------- xxl-job job callback fail, callbackResult:ReturnT [code=500, msg=xxl-rpc remoting fail, StatusCode(404) invalid. for url : http://localhost:8080/xxl-job-admin/api/callback, content=null]
2026-07-17 14:15:21 [com.xxl.job.core.thread.TriggerCallbackThread#callbackLog]-[197]-[Thread-98] <br>----------- xxl-job job callback fail, callbackResult:ReturnT [code=500, msg=xxl-rpc remoting fail, StatusCode(404) invalid. for url : http://localhost:8080/xxl-job-admin/api/callback, content=null]
2026-07-17 14:15:51 [com.xxl.job.core.thread.TriggerCallbackThread#callbackLog]-[197]-[Thread-98] <br>----------- xxl-job job callback fail, callbackResult:ReturnT [code=500, msg=xxl-rpc remoting fail, StatusCode(404) invalid. for url : http://localhost:8080/xxl-job-admin/api/callback, content=null]
2026-07-17 14:16:21 [com.xxl.job.core.thread.TriggerCallbackThread#callbackLog]-[197]-[Thread-98] <br>----------- xxl-job job callback fail, callbackResult:ReturnT [code=500, msg=xxl-rpc remoting fail, StatusCode(404) invalid. for url : http://localhost:8080/xxl-job-admin/api/callback, content=null]
2026-07-17 14:16:51 [com.xxl.job.core.thread.TriggerCallbackThread#callbackLog]-[197]-[Thread-98] <br>----------- xxl-job job callback fail, callbackResult:ReturnT [code=500, msg=xxl-rpc remoting fail, StatusCode(404) invalid. for url : http://localhost:8080/xxl-job-admin/api/callback, content=null]
2026-07-17 14:17:22 [com.xxl.job.core.thread.TriggerCallbackThread#callbackLog]-[197]-[Thread-98] <br>----------- xxl-job job callback fail, callbackResult:ReturnT [code=500, msg=xxl-rpc remoting fail, StatusCode(404) invalid. for url : http://localhost:8080/xxl-job-admin/api/callback, content=null]
2026-07-17 14:17:52 [com.xxl.job.core.thread.TriggerCallbackThread#callbackLog]-[197]-[Thread-98] <br>----------- xxl-job job callback fail, callbackResult:ReturnT [code=500, msg=xxl-rpc remoting fail, StatusCode(404) invalid. for url : http://localhost:8080/xxl-job-admin/api/callback, content=null]
2026-07-17 14:18:22 [com.xxl.job.core.thread.TriggerCallbackThread#callbackLog]-[197]-[Thread-98] <br>----------- xxl-job job callback fail, callbackResult:ReturnT [code=500, msg=xxl-rpc remoting fail, StatusCode(404) invalid. for url : http://localhost:8080/xxl-job-admin/api/callback, content=null]
2026-07-17 14:18:52 [com.xxl.job.core.thread.TriggerCallbackThread#callbackLog]-[197]-[Thread-98] <br>----------- xxl-job job callback fail, callbackResult:ReturnT [code=500, msg=xxl-rpc remoting fail, StatusCode(404) invalid. for url : http://localhost:8080/xxl-job-admin/api/callback, content=null]
2026-07-17 14:19:22 [com.xxl.job.core.thread.TriggerCallbackThread#callbackLog]-[197]-[Thread-98] <br>----------- xxl-job job callback fail, callbackResult:ReturnT [code=500, msg=xxl-rpc remoting fail, StatusCode(404) invalid. for url : http://localhost:8080/xxl-job-admin/api/callback, content=null]
2026-07-17 14:19:52 [com.xxl.job.core.thread.TriggerCallbackThread#callbackLog]-[197]-[Thread-98] <br>----------- xxl-job job callback fail, callbackResult:ReturnT [code=500, msg=xxl-rpc remoting fail, StatusCode(404) invalid. for url : http://localhost:8080/xxl-job-admin/api/callback, content=null]
2026-07-17 14:20:22 [com.xxl.job.core.thread.TriggerCallbackThread#callbackLog]-[197]-[Thread-98] <br>----------- xxl-job job callback fail, callbackResult:ReturnT [code=500, msg=xxl-rpc remoting fail, StatusCode(404) invalid. for url : http://localhost:8080/xxl-job-admin/api/callback, content=null]
2026-07-17 14:20:52 [com.xxl.job.core.thread.TriggerCallbackThread#callbackLog]-[197]-[Thread-98] <br>----------- xxl-job job callback fail, callbackResult:ReturnT [code=500, msg=xxl-rpc remoting fail, StatusCode(404) invalid. for url : http://localhost:8080/xxl-job-admin/api/callback, content=null]
2026-07-17 14:21:22 [com.xxl.job.core.thread.TriggerCallbackThread#callbackLog]-[197]-[Thread-98] <br>----------- xxl-job job callback fail, callbackResult:ReturnT [code=500, msg=xxl-rpc remoting fail, StatusCode(404) invalid. for url : http://localhost:8080/xxl-job-admin/api/callback, content=null]
2026-07-17 14:21:52 [com.xxl.job.core.thread.TriggerCallbackThread#callbackLog]-[197]-[Thread-98] <br>----------- xxl-job job callback fail, callbackResult:ReturnT [code=500, msg=xxl-rpc remoting fail, StatusCode(404) invalid. for url : http://localhost:8080/xxl-job-admin/api/callback, content=null]
2026-07-17 14:22:22 [com.xxl.job.core.thread.TriggerCallbackThread#callbackLog]-[197]-[Thread-98] <br>----------- xxl-job job callback fail, callbackResult:ReturnT [code=500, msg=xxl-rpc remoting fail, StatusCode(404) invalid. for url : http://localhost:8080/xxl-job-admin/api/callback, content=null]
2026-07-17 14:22:52 [com.xxl.job.core.thread.TriggerCallbackThread#callbackLog]-[197]-[Thread-98] <br>----------- xxl-job job callback fail, callbackResult:ReturnT [code=500, msg=xxl-rpc remoting fail, StatusCode(404) invalid. for url : http://localhost:8080/xxl-job-admin/api/callback, content=null]
2026-07-17 14:23:22 [com.xxl.job.core.thread.TriggerCallbackThread#callbackLog]-[197]-[Thread-98] <br>----------- xxl-job job callback fail, callbackResult:ReturnT [code=500, msg=xxl-rpc remoting fail, StatusCode(404) invalid. for url : http://localhost:8080/xxl-job-admin/api/callback, content=null]
2026-07-17 14:23:52 [com.xxl.job.core.thread.TriggerCallbackThread#callbackLog]-[197]-[Thread-98] <br>----------- xxl-job job callback fail, callbackResult:ReturnT [code=500, msg=xxl-rpc remoting fail, StatusCode(404) invalid. for url : http://localhost:8080/xxl-job-admin/api/callback, content=null]
2026-07-17 14:24:22 [com.xxl.job.core.thread.TriggerCallbackThread#callbackLog]-[197]-[Thread-98] <br>----------- xxl-job job callback fail, callbackResult:ReturnT [code=500, msg=xxl-rpc remoting fail, StatusCode(404) invalid. for url : http://localhost:8080/xxl-job-admin/api/callback, content=null]
2026-07-17 14:24:52 [com.xxl.job.core.thread.TriggerCallbackThread#callbackLog]-[197]-[Thread-98] <br>----------- xxl-job job callback fail, callbackResult:ReturnT [code=500, msg=xxl-rpc remoting fail, StatusCode(404) invalid. for url : http://localhost:8080/xxl-job-admin/api/callback, content=null]
2026-07-17 14:25:22 [com.xxl.job.core.thread.TriggerCallbackThread#callbackLog]-[197]-[Thread-98] <br>----------- xxl-job job callback fail, callbackResult:ReturnT [code=500, msg=xxl-rpc remoting fail, StatusCode(404) invalid. for url : http://localhost:8080/xxl-job-admin/api/callback, content=null]
2026-07-17 14:25:53 [com.xxl.job.core.thread.TriggerCallbackThread#callbackLog]-[197]-[Thread-98] <br>----------- xxl-job job callback fail, callbackResult:ReturnT [code=500, msg=xxl-rpc remoting fail, StatusCode(404) invalid. for url : http://localhost:8080/xxl-job-admin/api/callback, content=null]
2026-07-17 14:26:23 [com.xxl.job.core.thread.TriggerCallbackThread#callbackLog]-[197]-[Thread-98] <br>----------- xxl-job job callback fail, callbackResult:ReturnT [code=500, msg=xxl-rpc remoting fail, StatusCode(404) invalid. for url : http://localhost:8080/xxl-job-admin/api/callback, content=null]
2026-07-17 14:26:53 [com.xxl.job.core.thread.TriggerCallbackThread#callbackLog]-[197]-[Thread-98] <br>----------- xxl-job job callback fail, callbackResult:ReturnT [code=500, msg=xxl-rpc remoting fail, StatusCode(404) invalid. for url : http://localhost:8080/xxl-job-admin/api/callback, content=null]
2026-07-17 14:27:23 [com.xxl.job.core.thread.TriggerCallbackThread#callbackLog]-[197]-[Thread-98] <br>----------- xxl-job job callback fail, callbackResult:ReturnT [code=500, msg=xxl-rpc remoting fail, StatusCode(404) invalid. for url : http://localhost:8080/xxl-job-admin/api/callback, content=null]
2026-07-17 14:27:53 [com.xxl.job.core.thread.TriggerCallbackThread#callbackLog]-[197]-[Thread-98] <br>----------- xxl-job job callback fail, callbackResult:ReturnT [code=500, msg=xxl-rpc remoting fail, StatusCode(404) invalid. for url : http://localhost:8080/xxl-job-admin/api/callback, content=null]
2026-07-17 14:28:23 [com.xxl.job.core.thread.TriggerCallbackThread#callbackLog]-[197]-[Thread-98] <br>----------- xxl-job job callback fail, callbackResult:ReturnT [code=500, msg=xxl-rpc remoting fail, StatusCode(404) invalid. for url : http://localhost:8080/xxl-job-admin/api/callback, content=null]
2026-07-17 14:28:53 [com.xxl.job.core.thread.TriggerCallbackThread#callbackLog]-[197]-[Thread-98] <br>----------- xxl-job job callback fail, callbackResult:ReturnT [code=500, msg=xxl-rpc remoting fail, StatusCode(404) invalid. for url : http://localhost:8080/xxl-job-admin/api/callback, content=null]
2026-07-17 14:29:23 [com.xxl.job.core.thread.TriggerCallbackThread#callbackLog]-[197]-[Thread-98] <br>----------- xxl-job job callback fail, callbackResult:ReturnT [code=500, msg=xxl-rpc remoting fail, StatusCode(404) invalid. for url : http://localhost:8080/xxl-job-admin/api/callback, content=null]
2026-07-17 14:29:53 [com.xxl.job.core.thread.TriggerCallbackThread#callbackLog]-[197]-[Thread-98] <br>----------- xxl-job job callback fail, callbackResult:ReturnT [code=500, msg=xxl-rpc remoting fail, StatusCode(404) invalid. for url : http://localhost:8080/xxl-job-admin/api/callback, content=null]
2026-07-17 14:30:23 [com.xxl.job.core.thread.TriggerCallbackThread#callbackLog]-[197]-[Thread-98] <br>----------- xxl-job job callback fail, callbackResult:ReturnT [code=500, msg=xxl-rpc remoting fail, StatusCode(404) invalid. for url : http://localhost:8080/xxl-job-admin/api/callback, content=null]
2026-07-17 14:30:53 [com.xxl.job.core.thread.TriggerCallbackThread#callbackLog]-[197]-[Thread-98] <br>----------- xxl-job job callback fail, callbackResult:ReturnT [code=500, msg=xxl-rpc remoting fail, StatusCode(404) invalid. for url : http://localhost:8080/xxl-job-admin/api/callback, content=null]
2026-07-17 14:31:23 [com.xxl.job.core.thread.TriggerCallbackThread#callbackLog]-[197]-[Thread-98] <br>----------- xxl-job job callback fail, callbackResult:ReturnT [code=500, msg=xxl-rpc remoting fail, StatusCode(404) invalid. for url : http://localhost:8080/xxl-job-admin/api/callback, content=null]
2026-07-17 14:31:53 [com.xxl.job.core.thread.TriggerCallbackThread#callbackLog]-[197]-[Thread-98] <br>----------- xxl-job job callback fail, callbackResult:ReturnT [code=500, msg=xxl-rpc remoting fail, StatusCode(404) invalid. for url : http://localhost:8080/xxl-job-admin/api/callback, content=null]
2026-07-17 14:32:23 [com.xxl.job.core.thread.TriggerCallbackThread#callbackLog]-[197]-[Thread-98] <br>----------- xxl-job job callback fail, callbackResult:ReturnT [code=500, msg=xxl-rpc remoting fail, StatusCode(404) invalid. for url : http://localhost:8080/xxl-job-admin/api/callback, content=null]
2026-07-17 14:32:54 [com.xxl.job.core.thread.TriggerCallbackThread#callbackLog]-[197]-[Thread-98] <br>----------- xxl-job job callback fail, callbackResult:ReturnT [code=500, msg=xxl-rpc remoting fail, StatusCode(404) invalid. for url : http://localhost:8080/xxl-job-admin/api/callback, content=null]
2026-07-17 14:33:24 [com.xxl.job.core.thread.TriggerCallbackThread#callbackLog]-[197]-[Thread-98] <br>----------- xxl-job job callback fail, callbackResult:ReturnT [code=500, msg=xxl-rpc remoting fail, StatusCode(404) invalid. for url : http://localhost:8080/xxl-job-admin/api/callback, content=null]
2026-07-17 14:33:55 [com.xxl.job.core.thread.TriggerCallbackThread#callbackLog]-[197]-[Thread-98] <br>----------- xxl-job job callback fail, callbackResult:ReturnT [code=500, msg=xxl-rpc remoting fail, StatusCode(404) invalid. for url : http://localhost:8080/xxl-job-admin/api/callback, content=null]
2026-07-17 14:34:25 [com.xxl.job.core.thread.TriggerCallbackThread#callbackLog]-[197]-[Thread-98] <br>----------- xxl-job job callback fail, callbackResult:ReturnT [code=500, msg=xxl-rpc remoting fail, StatusCode(404) invalid. for url : http://localhost:8080/xxl-job-admin/api/callback, content=null]
