2026-07-12 20:22:48 [com.xxl.job.core.thread.JobThread#run]-[130]-[Thread-79] <br>----------- xxl-job job execute start -----------<br>----------- Param:
2026-07-12 20:22:48 [com.xxl.job.core.thread.JobThread#run]-[176]-[Thread-79] <br>----------- xxl-job job execute end(finish) -----------<br>----------- Result: handleCode=200, handleMsg = null
2026-07-12 20:22:48 [com.xxl.job.core.thread.TriggerCallbackThread#callbackLog]-[197]-[xxl-job, executor TriggerCallbackThread] <br>----------- xxl-job job callback fail, callbackResult:ReturnT [code=500, msg=xxl-rpc remoting fail, StatusCode(404) invalid. for url : http://localhost:8080/xxl-job-admin/api/callback, content=null]
2026-07-12 20:23:08 [com.xxl.job.core.thread.TriggerCallbackThread#callbackLog]-[197]-[Thread-64] <br>----------- xxl-job job callback fail, callbackResult:ReturnT [code=500, msg=xxl-rpc remoting fail, StatusCode(404) invalid. for url : http://localhost:8080/xxl-job-admin/api/callback, content=null]
2026-07-12 20:23:38 [com.xxl.job.core.thread.TriggerCallbackThread#callbackLog]-[197]-[Thread-64] <br>----------- xxl-job job callback fail, callbackResult:ReturnT [code=500, msg=xxl-rpc remoting fail, StatusCode(404) invalid. for url : http://localhost:8080/xxl-job-admin/api/callback, content=null]
2026-07-12 20:24:08 [com.xxl.job.core.thread.TriggerCallbackThread#callbackLog]-[197]-[Thread-64] <br>----------- xxl-job job callback fail, callbackResult:ReturnT [code=500, msg=xxl-rpc remoting fail, StatusCode(404) invalid. for url : http://localhost:8080/xxl-job-admin/api/callback, content=null]
2026-07-12 20:24:38 [com.xxl.job.core.thread.TriggerCallbackThread#callbackLog]-[197]-[Thread-64] <br>----------- xxl-job job callback fail, callbackResult:ReturnT [code=500, msg=xxl-rpc remoting fail, StatusCode(404) invalid. for url : http://localhost:8080/xxl-job-admin/api/callback, content=null]
2026-07-12 20:25:08 [com.xxl.job.core.thread.TriggerCallbackThread#callbackLog]-[197]-[Thread-64] <br>----------- xxl-job job callback fail, callbackResult:ReturnT [code=500, msg=xxl-rpc remoting fail, StatusCode(404) invalid. for url : http://localhost:8080/xxl-job-admin/api/callback, content=null]
2026-07-12 20:25:38 [com.xxl.job.core.thread.TriggerCallbackThread#callbackLog]-[197]-[Thread-64] <br>----------- xxl-job job callback fail, callbackResult:ReturnT [code=500, msg=xxl-rpc remoting fail, StatusCode(404) invalid. for url : http://localhost:8080/xxl-job-admin/api/callback, content=null]
2026-07-12 20:26:08 [com.xxl.job.core.thread.TriggerCallbackThread#callbackLog]-[197]-[Thread-64] <br>----------- xxl-job job callback fail, callbackResult:ReturnT [code=500, msg=xxl-rpc remoting fail, StatusCode(404) invalid. for url : http://localhost:8080/xxl-job-admin/api/callback, content=null]
2026-07-12 20:26:38 [com.xxl.job.core.thread.TriggerCallbackThread#callbackLog]-[197]-[Thread-64] <br>----------- xxl-job job callback fail, callbackResult:ReturnT [code=500, msg=xxl-rpc remoting fail, StatusCode(404) invalid. for url : http://localhost:8080/xxl-job-admin/api/callback, content=null]
2026-07-12 20:27:08 [com.xxl.job.core.thread.TriggerCallbackThread#callbackLog]-[197]-[Thread-64] <br>----------- xxl-job job callback fail, callbackResult:ReturnT [code=500, msg=xxl-rpc remoting fail, StatusCode(404) invalid. for url : http://localhost:8080/xxl-job-admin/api/callback, content=null]
2026-07-12 20:27:38 [com.xxl.job.core.thread.TriggerCallbackThread#callbackLog]-[197]-[Thread-64] <br>----------- xxl-job job callback fail, callbackResult:ReturnT [code=500, msg=xxl-rpc remoting fail, StatusCode(404) invalid. for url : http://localhost:8080/xxl-job-admin/api/callback, content=null]
2026-07-12 20:28:08 [com.xxl.job.core.thread.TriggerCallbackThread#callbackLog]-[197]-[Thread-64] <br>----------- xxl-job job callback fail, callbackResult:ReturnT [code=500, msg=xxl-rpc remoting fail, StatusCode(404) invalid. for url : http://localhost:8080/xxl-job-admin/api/callback, content=null]
2026-07-12 20:28:38 [com.xxl.job.core.thread.TriggerCallbackThread#callbackLog]-[197]-[Thread-64] <br>----------- xxl-job job callback fail, callbackResult:ReturnT [code=500, msg=xxl-rpc remoting fail, StatusCode(404) invalid. for url : http://localhost:8080/xxl-job-admin/api/callback, content=null]
2026-07-12 20:29:08 [com.xxl.job.core.thread.TriggerCallbackThread#callbackLog]-[197]-[Thread-64] <br>----------- xxl-job job callback fail, callbackResult:ReturnT [code=500, msg=xxl-rpc remoting fail, StatusCode(404) invalid. for url : http://localhost:8080/xxl-job-admin/api/callback, content=null]
2026-07-12 20:29:38 [com.xxl.job.core.thread.TriggerCallbackThread#callbackLog]-[197]-[Thread-64] <br>----------- xxl-job job callback fail, callbackResult:ReturnT [code=500, msg=xxl-rpc remoting fail, StatusCode(404) invalid. for url : http://localhost:8080/xxl-job-admin/api/callback, content=null]
2026-07-12 20:30:08 [com.xxl.job.core.thread.TriggerCallbackThread#callbackLog]-[197]-[Thread-64] <br>----------- xxl-job job callback fail, callbackResult:ReturnT [code=500, msg=xxl-rpc remoting fail, StatusCode(404) invalid. for url : http://localhost:8080/xxl-job-admin/api/callback, content=null]
2026-07-12 20:30:38 [com.xxl.job.core.thread.TriggerCallbackThread#callbackLog]-[197]-[Thread-64] <br>----------- xxl-job job callback fail, callbackResult:ReturnT [code=500, msg=xxl-rpc remoting fail, StatusCode(404) invalid. for url : http://localhost:8080/xxl-job-admin/api/callback, content=null]
2026-07-12 20:31:08 [com.xxl.job.core.thread.TriggerCallbackThread#callbackLog]-[197]-[Thread-64] <br>----------- xxl-job job callback fail, callbackResult:ReturnT [code=500, msg=xxl-rpc remoting fail, StatusCode(404) invalid. for url : http://localhost:8080/xxl-job-admin/api/callback, content=null]
2026-07-12 20:31:38 [com.xxl.job.core.thread.TriggerCallbackThread#callbackLog]-[197]-[Thread-64] <br>----------- xxl-job job callback fail, callbackResult:ReturnT [code=500, msg=xxl-rpc remoting fail, StatusCode(404) invalid. for url : http://localhost:8080/xxl-job-admin/api/callback, content=null]
2026-07-12 20:32:08 [com.xxl.job.core.thread.TriggerCallbackThread#callbackLog]-[197]-[Thread-64] <br>----------- xxl-job job callback fail, callbackResult:ReturnT [code=500, msg=xxl-rpc remoting fail, StatusCode(404) invalid. for url : http://localhost:8080/xxl-job-admin/api/callback, content=null]
2026-07-12 20:32:38 [com.xxl.job.core.thread.TriggerCallbackThread#callbackLog]-[197]-[Thread-64] <br>----------- xxl-job job callback fail, callbackResult:ReturnT [code=500, msg=xxl-rpc remoting fail, StatusCode(404) invalid. for url : http://localhost:8080/xxl-job-admin/api/callback, content=null]
2026-07-12 20:33:08 [com.xxl.job.core.thread.TriggerCallbackThread#callbackLog]-[197]-[Thread-64] <br>----------- xxl-job job callback fail, callbackResult:ReturnT [code=500, msg=xxl-rpc remoting fail, StatusCode(404) invalid. for url : http://localhost:8080/xxl-job-admin/api/callback, content=null]
2026-07-12 20:33:38 [com.xxl.job.core.thread.TriggerCallbackThread#callbackLog]-[197]-[Thread-64] <br>----------- xxl-job job callback fail, callbackResult:ReturnT [code=500, msg=xxl-rpc remoting fail, StatusCode(404) invalid. for url : http://localhost:8080/xxl-job-admin/api/callback, content=null]
2026-07-12 20:34:08 [com.xxl.job.core.thread.TriggerCallbackThread#callbackLog]-[197]-[Thread-64] <br>----------- xxl-job job callback fail, callbackResult:ReturnT [code=500, msg=xxl-rpc remoting fail, StatusCode(404) invalid. for url : http://localhost:8080/xxl-job-admin/api/callback, content=null]
2026-07-12 20:34:38 [com.xxl.job.core.thread.TriggerCallbackThread#callbackLog]-[197]-[Thread-64] <br>----------- xxl-job job callback fail, callbackResult:ReturnT [code=500, msg=xxl-rpc remoting fail, StatusCode(404) invalid. for url : http://localhost:8080/xxl-job-admin/api/callback, content=null]
2026-07-12 20:35:08 [com.xxl.job.core.thread.TriggerCallbackThread#callbackLog]-[197]-[Thread-64] <br>----------- xxl-job job callback fail, callbackResult:ReturnT [code=500, msg=xxl-rpc remoting fail, StatusCode(404) invalid. for url : http://localhost:8080/xxl-job-admin/api/callback, content=null]
2026-07-12 20:35:38 [com.xxl.job.core.thread.TriggerCallbackThread#callbackLog]-[197]-[Thread-64] <br>----------- xxl-job job callback fail, callbackResult:ReturnT [code=500, msg=xxl-rpc remoting fail, StatusCode(404) invalid. for url : http://localhost:8080/xxl-job-admin/api/callback, content=null]
2026-07-12 20:36:08 [com.xxl.job.core.thread.TriggerCallbackThread#callbackLog]-[197]-[Thread-64] <br>----------- xxl-job job callback fail, callbackResult:ReturnT [code=500, msg=xxl-rpc remoting fail, StatusCode(404) invalid. for url : http://localhost:8080/xxl-job-admin/api/callback, content=null]
2026-07-12 20:36:38 [com.xxl.job.core.thread.TriggerCallbackThread#callbackLog]-[197]-[Thread-64] <br>----------- xxl-job job callback fail, callbackResult:ReturnT [code=500, msg=xxl-rpc remoting fail, StatusCode(404) invalid. for url : http://localhost:8080/xxl-job-admin/api/callback, content=null]
2026-07-12 20:37:08 [com.xxl.job.core.thread.TriggerCallbackThread#callbackLog]-[197]-[Thread-64] <br>----------- xxl-job job callback fail, callbackResult:ReturnT [code=500, msg=xxl-rpc remoting fail, StatusCode(404) invalid. for url : http://localhost:8080/xxl-job-admin/api/callback, content=null]
2026-07-12 20:37:38 [com.xxl.job.core.thread.TriggerCallbackThread#callbackLog]-[197]-[Thread-64] <br>----------- xxl-job job callback fail, callbackResult:ReturnT [code=500, msg=xxl-rpc remoting fail, StatusCode(404) invalid. for url : http://localhost:8080/xxl-job-admin/api/callback, content=null]
2026-07-12 20:38:08 [com.xxl.job.core.thread.TriggerCallbackThread#callbackLog]-[197]-[Thread-64] <br>----------- xxl-job job callback fail, callbackResult:ReturnT [code=500, msg=xxl-rpc remoting fail, StatusCode(404) invalid. for url : http://localhost:8080/xxl-job-admin/api/callback, content=null]
2026-07-12 20:38:39 [com.xxl.job.core.thread.TriggerCallbackThread#callbackLog]-[197]-[Thread-64] <br>----------- xxl-job job callback fail, callbackResult:ReturnT [code=500, msg=xxl-rpc remoting fail, StatusCode(404) invalid. for url : http://localhost:8080/xxl-job-admin/api/callback, content=null]
2026-07-12 20:39:09 [com.xxl.job.core.thread.TriggerCallbackThread#callbackLog]-[197]-[Thread-64] <br>----------- xxl-job job callback fail, callbackResult:ReturnT [code=500, msg=xxl-rpc remoting fail, StatusCode(404) invalid. for url : http://localhost:8080/xxl-job-admin/api/callback, content=null]
2026-07-12 20:39:39 [com.xxl.job.core.thread.TriggerCallbackThread#callbackLog]-[197]-[Thread-64] <br>----------- xxl-job job callback fail, callbackResult:ReturnT [code=500, msg=xxl-rpc remoting fail, StatusCode(404) invalid. for url : http://localhost:8080/xxl-job-admin/api/callback, content=null]
2026-07-12 20:40:09 [com.xxl.job.core.thread.TriggerCallbackThread#callbackLog]-[197]-[Thread-64] <br>----------- xxl-job job callback fail, callbackResult:ReturnT [code=500, msg=xxl-rpc remoting fail, StatusCode(404) invalid. for url : http://localhost:8080/xxl-job-admin/api/callback, content=null]
2026-07-12 20:40:39 [com.xxl.job.core.thread.TriggerCallbackThread#callbackLog]-[197]-[Thread-64] <br>----------- xxl-job job callback fail, callbackResult:ReturnT [code=500, msg=xxl-rpc remoting fail, StatusCode(404) invalid. for url : http://localhost:8080/xxl-job-admin/api/callback, content=null]
2026-07-12 20:41:09 [com.xxl.job.core.thread.TriggerCallbackThread#callbackLog]-[197]-[Thread-64] <br>----------- xxl-job job callback fail, callbackResult:ReturnT [code=500, msg=xxl-rpc remoting fail, StatusCode(404) invalid. for url : http://localhost:8080/xxl-job-admin/api/callback, content=null]
2026-07-12 20:41:39 [com.xxl.job.core.thread.TriggerCallbackThread#callbackLog]-[197]-[Thread-64] <br>----------- xxl-job job callback fail, callbackResult:ReturnT [code=500, msg=xxl-rpc remoting fail, StatusCode(404) invalid. for url : http://localhost:8080/xxl-job-admin/api/callback, content=null]
2026-07-12 20:42:09 [com.xxl.job.core.thread.TriggerCallbackThread#callbackLog]-[197]-[Thread-64] <br>----------- xxl-job job callback fail, callbackResult:ReturnT [code=500, msg=xxl-rpc remoting fail, StatusCode(404) invalid. for url : http://localhost:8080/xxl-job-admin/api/callback, content=null]
2026-07-12 20:42:39 [com.xxl.job.core.thread.TriggerCallbackThread#callbackLog]-[197]-[Thread-64] <br>----------- xxl-job job callback fail, callbackResult:ReturnT [code=500, msg=xxl-rpc remoting fail, StatusCode(404) invalid. for url : http://localhost:8080/xxl-job-admin/api/callback, content=null]
2026-07-12 20:43:09 [com.xxl.job.core.thread.TriggerCallbackThread#callbackLog]-[197]-[Thread-64] <br>----------- xxl-job job callback fail, callbackResult:ReturnT [code=500, msg=xxl-rpc remoting fail, StatusCode(404) invalid. for url : http://localhost:8080/xxl-job-admin/api/callback, content=null]
2026-07-12 20:43:39 [com.xxl.job.core.thread.TriggerCallbackThread#callbackLog]-[197]-[Thread-64] <br>----------- xxl-job job callback fail, callbackResult:ReturnT [code=500, msg=xxl-rpc remoting fail, StatusCode(404) invalid. for url : http://localhost:8080/xxl-job-admin/api/callback, content=null]
2026-07-12 20:44:09 [com.xxl.job.core.thread.TriggerCallbackThread#callbackLog]-[197]-[Thread-64] <br>----------- xxl-job job callback fail, callbackResult:ReturnT [code=500, msg=xxl-rpc remoting fail, StatusCode(404) invalid. for url : http://localhost:8080/xxl-job-admin/api/callback, content=null]
2026-07-12 20:44:39 [com.xxl.job.core.thread.TriggerCallbackThread#callbackLog]-[197]-[Thread-64] <br>----------- xxl-job job callback fail, callbackResult:ReturnT [code=500, msg=xxl-rpc remoting fail, StatusCode(404) invalid. for url : http://localhost:8080/xxl-job-admin/api/callback, content=null]
2026-07-12 20:45:09 [com.xxl.job.core.thread.TriggerCallbackThread#callbackLog]-[197]-[Thread-64] <br>----------- xxl-job job callback fail, callbackResult:ReturnT [code=500, msg=xxl-rpc remoting fail, StatusCode(404) invalid. for url : http://localhost:8080/xxl-job-admin/api/callback, content=null]
2026-07-12 20:45:39 [com.xxl.job.core.thread.TriggerCallbackThread#callbackLog]-[197]-[Thread-64] <br>----------- xxl-job job callback fail, callbackResult:ReturnT [code=500, msg=xxl-rpc remoting fail, StatusCode(404) invalid. for url : http://localhost:8080/xxl-job-admin/api/callback, content=null]
2026-07-12 20:46:09 [com.xxl.job.core.thread.TriggerCallbackThread#callbackLog]-[197]-[Thread-64] <br>----------- xxl-job job callback fail, callbackResult:ReturnT [code=500, msg=xxl-rpc remoting fail, StatusCode(404) invalid. for url : http://localhost:8080/xxl-job-admin/api/callback, content=null]
2026-07-12 20:46:39 [com.xxl.job.core.thread.TriggerCallbackThread#callbackLog]-[197]-[Thread-64] <br>----------- xxl-job job callback fail, callbackResult:ReturnT [code=500, msg=xxl-rpc remoting fail, StatusCode(404) invalid. for url : http://localhost:8080/xxl-job-admin/api/callback, content=null]
2026-07-12 20:47:09 [com.xxl.job.core.thread.TriggerCallbackThread#callbackLog]-[197]-[Thread-64] <br>----------- xxl-job job callback fail, callbackResult:ReturnT [code=500, msg=xxl-rpc remoting fail, StatusCode(404) invalid. for url : http://localhost:8080/xxl-job-admin/api/callback, content=null]
2026-07-12 20:47:39 [com.xxl.job.core.thread.TriggerCallbackThread#callbackLog]-[197]-[Thread-64] <br>----------- xxl-job job callback fail, callbackResult:ReturnT [code=500, msg=xxl-rpc remoting fail, StatusCode(404) invalid. for url : http://localhost:8080/xxl-job-admin/api/callback, content=null]
2026-07-12 20:48:09 [com.xxl.job.core.thread.TriggerCallbackThread#callbackLog]-[197]-[Thread-64] <br>----------- xxl-job job callback fail, callbackResult:ReturnT [code=500, msg=xxl-rpc remoting fail, StatusCode(404) invalid. for url : http://localhost:8080/xxl-job-admin/api/callback, content=null]
2026-07-12 20:48:39 [com.xxl.job.core.thread.TriggerCallbackThread#callbackLog]-[197]-[Thread-64] <br>----------- xxl-job job callback fail, callbackResult:ReturnT [code=500, msg=xxl-rpc remoting fail, StatusCode(404) invalid. for url : http://localhost:8080/xxl-job-admin/api/callback, content=null]
2026-07-12 20:49:09 [com.xxl.job.core.thread.TriggerCallbackThread#callbackLog]-[197]-[Thread-64] <br>----------- xxl-job job callback fail, callbackResult:ReturnT [code=500, msg=xxl-rpc remoting fail, StatusCode(404) invalid. for url : http://localhost:8080/xxl-job-admin/api/callback, content=null]
2026-07-12 20:49:39 [com.xxl.job.core.thread.TriggerCallbackThread#callbackLog]-[197]-[Thread-64] <br>----------- xxl-job job callback fail, callbackResult:ReturnT [code=500, msg=xxl-rpc remoting fail, StatusCode(404) invalid. for url : http://localhost:8080/xxl-job-admin/api/callback, content=null]
2026-07-12 20:50:09 [com.xxl.job.core.thread.TriggerCallbackThread#callbackLog]-[197]-[Thread-64] <br>----------- xxl-job job callback fail, callbackResult:ReturnT [code=500, msg=xxl-rpc remoting fail, StatusCode(404) invalid. for url : http://localhost:8080/xxl-job-admin/api/callback, content=null]
2026-07-12 20:50:39 [com.xxl.job.core.thread.TriggerCallbackThread#callbackLog]-[197]-[Thread-64] <br>----------- xxl-job job callback fail, callbackResult:ReturnT [code=500, msg=xxl-rpc remoting fail, StatusCode(404) invalid. for url : http://localhost:8080/xxl-job-admin/api/callback, content=null]
2026-07-12 20:51:09 [com.xxl.job.core.thread.TriggerCallbackThread#callbackLog]-[197]-[Thread-64] <br>----------- xxl-job job callback fail, callbackResult:ReturnT [code=500, msg=xxl-rpc remoting fail, StatusCode(404) invalid. for url : http://localhost:8080/xxl-job-admin/api/callback, content=null]
2026-07-12 20:51:39 [com.xxl.job.core.thread.TriggerCallbackThread#callbackLog]-[197]-[Thread-64] <br>----------- xxl-job job callback fail, callbackResult:ReturnT [code=500, msg=xxl-rpc remoting fail, StatusCode(404) invalid. for url : http://localhost:8080/xxl-job-admin/api/callback, content=null]
2026-07-12 20:52:09 [com.xxl.job.core.thread.TriggerCallbackThread#callbackLog]-[197]-[Thread-64] <br>----------- xxl-job job callback fail, callbackResult:ReturnT [code=500, msg=xxl-rpc remoting fail, StatusCode(404) invalid. for url : http://localhost:8080/xxl-job-admin/api/callback, content=null]
2026-07-12 20:52:39 [com.xxl.job.core.thread.TriggerCallbackThread#callbackLog]-[197]-[Thread-64] <br>----------- xxl-job job callback fail, callbackResult:ReturnT [code=500, msg=xxl-rpc remoting fail, StatusCode(404) invalid. for url : http://localhost:8080/xxl-job-admin/api/callback, content=null]
2026-07-12 20:53:09 [com.xxl.job.core.thread.TriggerCallbackThread#callbackLog]-[197]-[Thread-64] <br>----------- xxl-job job callback fail, callbackResult:ReturnT [code=500, msg=xxl-rpc remoting fail, StatusCode(404) invalid. for url : http://localhost:8080/xxl-job-admin/api/callback, content=null]
2026-07-12 20:53:39 [com.xxl.job.core.thread.TriggerCallbackThread#callbackLog]-[197]-[Thread-64] <br>----------- xxl-job job callback fail, callbackResult:ReturnT [code=500, msg=xxl-rpc remoting fail, StatusCode(404) invalid. for url : http://localhost:8080/xxl-job-admin/api/callback, content=null]
2026-07-12 20:54:09 [com.xxl.job.core.thread.TriggerCallbackThread#callbackLog]-[197]-[Thread-64] <br>----------- xxl-job job callback fail, callbackResult:ReturnT [code=500, msg=xxl-rpc remoting fail, StatusCode(404) invalid. for url : http://localhost:8080/xxl-job-admin/api/callback, content=null]
2026-07-12 20:54:39 [com.xxl.job.core.thread.TriggerCallbackThread#callbackLog]-[197]-[Thread-64] <br>----------- xxl-job job callback fail, callbackResult:ReturnT [code=500, msg=xxl-rpc remoting fail, StatusCode(404) invalid. for url : http://localhost:8080/xxl-job-admin/api/callback, content=null]
2026-07-12 20:55:09 [com.xxl.job.core.thread.TriggerCallbackThread#callbackLog]-[197]-[Thread-64] <br>----------- xxl-job job callback fail, callbackResult:ReturnT [code=500, msg=xxl-rpc remoting fail, StatusCode(404) invalid. for url : http://localhost:8080/xxl-job-admin/api/callback, content=null]
2026-07-12 20:55:39 [com.xxl.job.core.thread.TriggerCallbackThread#callbackLog]-[197]-[Thread-64] <br>----------- xxl-job job callback fail, callbackResult:ReturnT [code=500, msg=xxl-rpc remoting fail, StatusCode(404) invalid. for url : http://localhost:8080/xxl-job-admin/api/callback, content=null]
2026-07-12 20:56:09 [com.xxl.job.core.thread.TriggerCallbackThread#callbackLog]-[197]-[Thread-64] <br>----------- xxl-job job callback fail, callbackResult:ReturnT [code=500, msg=xxl-rpc remoting fail, StatusCode(404) invalid. for url : http://localhost:8080/xxl-job-admin/api/callback, content=null]
2026-07-12 20:56:39 [com.xxl.job.core.thread.TriggerCallbackThread#callbackLog]-[197]-[Thread-64] <br>----------- xxl-job job callback fail, callbackResult:ReturnT [code=500, msg=xxl-rpc remoting fail, StatusCode(404) invalid. for url : http://localhost:8080/xxl-job-admin/api/callback, content=null]
2026-07-12 20:57:09 [com.xxl.job.core.thread.TriggerCallbackThread#callbackLog]-[197]-[Thread-64] <br>----------- xxl-job job callback fail, callbackResult:ReturnT [code=500, msg=xxl-rpc remoting fail, StatusCode(404) invalid. for url : http://localhost:8080/xxl-job-admin/api/callback, content=null]
2026-07-12 20:57:39 [com.xxl.job.core.thread.TriggerCallbackThread#callbackLog]-[197]-[Thread-64] <br>----------- xxl-job job callback fail, callbackResult:ReturnT [code=500, msg=xxl-rpc remoting fail, StatusCode(404) invalid. for url : http://localhost:8080/xxl-job-admin/api/callback, content=null]
2026-07-12 20:58:09 [com.xxl.job.core.thread.TriggerCallbackThread#callbackLog]-[197]-[Thread-64] <br>----------- xxl-job job callback fail, callbackResult:ReturnT [code=500, msg=xxl-rpc remoting fail, StatusCode(404) invalid. for url : http://localhost:8080/xxl-job-admin/api/callback, content=null]
2026-07-12 20:58:39 [com.xxl.job.core.thread.TriggerCallbackThread#callbackLog]-[197]-[Thread-64] <br>----------- xxl-job job callback fail, callbackResult:ReturnT [code=500, msg=xxl-rpc remoting fail, StatusCode(404) invalid. for url : http://localhost:8080/xxl-job-admin/api/callback, content=null]
2026-07-12 20:59:09 [com.xxl.job.core.thread.TriggerCallbackThread#callbackLog]-[197]-[Thread-64] <br>----------- xxl-job job callback fail, callbackResult:ReturnT [code=500, msg=xxl-rpc remoting fail, StatusCode(404) invalid. for url : http://localhost:8080/xxl-job-admin/api/callback, content=null]
2026-07-12 20:59:39 [com.xxl.job.core.thread.TriggerCallbackThread#callbackLog]-[197]-[Thread-64] <br>----------- xxl-job job callback fail, callbackResult:ReturnT [code=500, msg=xxl-rpc remoting fail, StatusCode(404) invalid. for url : http://localhost:8080/xxl-job-admin/api/callback, content=null]
2026-07-12 21:00:09 [com.xxl.job.core.thread.TriggerCallbackThread#callbackLog]-[197]-[Thread-64] <br>----------- xxl-job job callback fail, callbackResult:ReturnT [code=500, msg=xxl-rpc remoting fail, StatusCode(404) invalid. for url : http://localhost:8080/xxl-job-admin/api/callback, content=null]
2026-07-12 21:00:39 [com.xxl.job.core.thread.TriggerCallbackThread#callbackLog]-[197]-[Thread-64] <br>----------- xxl-job job callback fail, callbackResult:ReturnT [code=500, msg=xxl-rpc remoting fail, StatusCode(404) invalid. for url : http://localhost:8080/xxl-job-admin/api/callback, content=null]
2026-07-12 21:01:09 [com.xxl.job.core.thread.TriggerCallbackThread#callbackLog]-[197]-[Thread-64] <br>----------- xxl-job job callback fail, callbackResult:ReturnT [code=500, msg=xxl-rpc remoting fail, StatusCode(404) invalid. for url : http://localhost:8080/xxl-job-admin/api/callback, content=null]
2026-07-12 21:01:39 [com.xxl.job.core.thread.TriggerCallbackThread#callbackLog]-[197]-[Thread-64] <br>----------- xxl-job job callback fail, callbackResult:ReturnT [code=500, msg=xxl-rpc remoting fail, StatusCode(404) invalid. for url : http://localhost:8080/xxl-job-admin/api/callback, content=null]
2026-07-12 21:02:09 [com.xxl.job.core.thread.TriggerCallbackThread#callbackLog]-[197]-[Thread-64] <br>----------- xxl-job job callback fail, callbackResult:ReturnT [code=500, msg=xxl-rpc remoting fail, StatusCode(404) invalid. for url : http://localhost:8080/xxl-job-admin/api/callback, content=null]
2026-07-12 21:02:39 [com.xxl.job.core.thread.TriggerCallbackThread#callbackLog]-[197]-[Thread-64] <br>----------- xxl-job job callback fail, callbackResult:ReturnT [code=500, msg=xxl-rpc remoting fail, StatusCode(404) invalid. for url : http://localhost:8080/xxl-job-admin/api/callback, content=null]
2026-07-12 21:03:09 [com.xxl.job.core.thread.TriggerCallbackThread#callbackLog]-[197]-[Thread-64] <br>----------- xxl-job job callback fail, callbackResult:ReturnT [code=500, msg=xxl-rpc remoting fail, StatusCode(404) invalid. for url : http://localhost:8080/xxl-job-admin/api/callback, content=null]
2026-07-12 21:03:39 [com.xxl.job.core.thread.TriggerCallbackThread#callbackLog]-[197]-[Thread-64] <br>----------- xxl-job job callback fail, callbackResult:ReturnT [code=500, msg=xxl-rpc remoting fail, StatusCode(404) invalid. for url : http://localhost:8080/xxl-job-admin/api/callback, content=null]
2026-07-12 21:04:10 [com.xxl.job.core.thread.TriggerCallbackThread#callbackLog]-[197]-[Thread-64] <br>----------- xxl-job job callback fail, callbackResult:ReturnT [code=500, msg=xxl-rpc remoting fail, StatusCode(404) invalid. for url : http://localhost:8080/xxl-job-admin/api/callback, content=null]
2026-07-12 21:04:40 [com.xxl.job.core.thread.TriggerCallbackThread#callbackLog]-[197]-[Thread-64] <br>----------- xxl-job job callback fail, callbackResult:ReturnT [code=500, msg=xxl-rpc remoting fail, StatusCode(404) invalid. for url : http://localhost:8080/xxl-job-admin/api/callback, content=null]
2026-07-12 21:05:10 [com.xxl.job.core.thread.TriggerCallbackThread#callbackLog]-[197]-[Thread-64] <br>----------- xxl-job job callback fail, callbackResult:ReturnT [code=500, msg=xxl-rpc remoting fail, StatusCode(404) invalid. for url : http://localhost:8080/xxl-job-admin/api/callback, content=null]
2026-07-12 21:05:40 [com.xxl.job.core.thread.TriggerCallbackThread#callbackLog]-[197]-[Thread-64] <br>----------- xxl-job job callback fail, callbackResult:ReturnT [code=500, msg=xxl-rpc remoting fail, StatusCode(404) invalid. for url : http://localhost:8080/xxl-job-admin/api/callback, content=null]
2026-07-12 21:06:10 [com.xxl.job.core.thread.TriggerCallbackThread#callbackLog]-[197]-[Thread-64] <br>----------- xxl-job job callback fail, callbackResult:ReturnT [code=500, msg=xxl-rpc remoting fail, StatusCode(404) invalid. for url : http://localhost:8080/xxl-job-admin/api/callback, content=null]
2026-07-12 21:06:40 [com.xxl.job.core.thread.TriggerCallbackThread#callbackLog]-[197]-[Thread-64] <br>----------- xxl-job job callback fail, callbackResult:ReturnT [code=500, msg=xxl-rpc remoting fail, StatusCode(404) invalid. for url : http://localhost:8080/xxl-job-admin/api/callback, content=null]
2026-07-12 21:07:10 [com.xxl.job.core.thread.TriggerCallbackThread#callbackLog]-[197]-[Thread-64] <br>----------- xxl-job job callback fail, callbackResult:ReturnT [code=500, msg=xxl-rpc remoting fail, StatusCode(404) invalid. for url : http://localhost:8080/xxl-job-admin/api/callback, content=null]
2026-07-12 21:07:40 [com.xxl.job.core.thread.TriggerCallbackThread#callbackLog]-[197]-[Thread-64] <br>----------- xxl-job job callback fail, callbackResult:ReturnT [code=500, msg=xxl-rpc remoting fail, StatusCode(404) invalid. for url : http://localhost:8080/xxl-job-admin/api/callback, content=null]
2026-07-12 21:08:10 [com.xxl.job.core.thread.TriggerCallbackThread#callbackLog]-[197]-[Thread-64] <br>----------- xxl-job job callback fail, callbackResult:ReturnT [code=500, msg=xxl-rpc remoting fail, StatusCode(404) invalid. for url : http://localhost:8080/xxl-job-admin/api/callback, content=null]
2026-07-12 21:08:40 [com.xxl.job.core.thread.TriggerCallbackThread#callbackLog]-[197]-[Thread-64] <br>----------- xxl-job job callback fail, callbackResult:ReturnT [code=500, msg=xxl-rpc remoting fail, StatusCode(404) invalid. for url : http://localhost:8080/xxl-job-admin/api/callback, content=null]
2026-07-12 21:10:11 [com.xxl.job.core.thread.TriggerCallbackThread#callbackLog]-[197]-[Thread-71] <br>----------- xxl-job job callback fail, callbackResult:ReturnT [code=500, msg=xxl-rpc remoting fail, StatusCode(404) invalid. for url : http://localhost:8080/xxl-job-admin/api/callback, content=null]
2026-07-12 21:10:41 [com.xxl.job.core.thread.TriggerCallbackThread#callbackLog]-[197]-[Thread-71] <br>----------- xxl-job job callback fail, callbackResult:ReturnT [code=500, msg=xxl-rpc remoting fail, StatusCode(404) invalid. for url : http://localhost:8080/xxl-job-admin/api/callback, content=null]
2026-07-12 21:11:11 [com.xxl.job.core.thread.TriggerCallbackThread#callbackLog]-[197]-[Thread-71] <br>----------- xxl-job job callback fail, callbackResult:ReturnT [code=500, msg=xxl-rpc remoting fail, StatusCode(404) invalid. for url : http://localhost:8080/xxl-job-admin/api/callback, content=null]
2026-07-12 21:11:41 [com.xxl.job.core.thread.TriggerCallbackThread#callbackLog]-[197]-[Thread-71] <br>----------- xxl-job job callback fail, callbackResult:ReturnT [code=500, msg=xxl-rpc remoting fail, StatusCode(404) invalid. for url : http://localhost:8080/xxl-job-admin/api/callback, content=null]
2026-07-12 21:12:11 [com.xxl.job.core.thread.TriggerCallbackThread#callbackLog]-[197]-[Thread-71] <br>----------- xxl-job job callback fail, callbackResult:ReturnT [code=500, msg=xxl-rpc remoting fail, StatusCode(404) invalid. for url : http://localhost:8080/xxl-job-admin/api/callback, content=null]
2026-07-12 21:12:41 [com.xxl.job.core.thread.TriggerCallbackThread#callbackLog]-[197]-[Thread-71] <br>----------- xxl-job job callback fail, callbackResult:ReturnT [code=500, msg=xxl-rpc remoting fail, StatusCode(404) invalid. for url : http://localhost:8080/xxl-job-admin/api/callback, content=null]
2026-07-12 21:13:12 [com.xxl.job.core.thread.TriggerCallbackThread#callbackLog]-[197]-[Thread-71] <br>----------- xxl-job job callback fail, callbackResult:ReturnT [code=500, msg=xxl-rpc remoting fail, StatusCode(404) invalid. for url : http://localhost:8080/xxl-job-admin/api/callback, content=null]
2026-07-12 21:13:42 [com.xxl.job.core.thread.TriggerCallbackThread#callbackLog]-[197]-[Thread-71] <br>----------- xxl-job job callback fail, callbackResult:ReturnT [code=500, msg=xxl-rpc remoting fail, StatusCode(404) invalid. for url : http://localhost:8080/xxl-job-admin/api/callback, content=null]
2026-07-12 21:14:12 [com.xxl.job.core.thread.TriggerCallbackThread#callbackLog]-[197]-[Thread-71] <br>----------- xxl-job job callback fail, callbackResult:ReturnT [code=500, msg=xxl-rpc remoting fail, StatusCode(404) invalid. for url : http://localhost:8080/xxl-job-admin/api/callback, content=null]
2026-07-12 21:14:46 [com.xxl.job.core.thread.TriggerCallbackThread#callbackLog]-[197]-[Thread-71] <br>----------- xxl-job job callback fail, callbackResult:ReturnT [code=500, msg=xxl-rpc remoting fail, StatusCode(404) invalid. for url : http://localhost:8080/xxl-job-admin/api/callback, content=null]
2026-07-12 21:15:17 [com.xxl.job.core.thread.TriggerCallbackThread#callbackLog]-[197]-[Thread-71] <br>----------- xxl-job job callback fail, callbackResult:ReturnT [code=500, msg=xxl-rpc remoting fail, StatusCode(404) invalid. for url : http://localhost:8080/xxl-job-admin/api/callback, content=null]
2026-07-12 21:15:48 [com.xxl.job.core.thread.TriggerCallbackThread#callbackLog]-[197]-[Thread-71] <br>----------- xxl-job job callback fail, callbackResult:ReturnT [code=500, msg=xxl-rpc remoting fail, StatusCode(404) invalid. for url : http://localhost:8080/xxl-job-admin/api/callback, content=null]
2026-07-12 21:16:18 [com.xxl.job.core.thread.TriggerCallbackThread#callbackLog]-[197]-[Thread-71] <br>----------- xxl-job job callback fail, callbackResult:ReturnT [code=500, msg=xxl-rpc remoting fail, StatusCode(404) invalid. for url : http://localhost:8080/xxl-job-admin/api/callback, content=null]
2026-07-12 21:16:48 [com.xxl.job.core.thread.TriggerCallbackThread#callbackLog]-[197]-[Thread-71] <br>----------- xxl-job job callback fail, callbackResult:ReturnT [code=500, msg=xxl-rpc remoting fail, StatusCode(404) invalid. for url : http://localhost:8080/xxl-job-admin/api/callback, content=null]
2026-07-12 21:17:18 [com.xxl.job.core.thread.TriggerCallbackThread#callbackLog]-[197]-[Thread-71] <br>----------- xxl-job job callback fail, callbackResult:ReturnT [code=500, msg=xxl-rpc remoting fail, StatusCode(404) invalid. for url : http://localhost:8080/xxl-job-admin/api/callback, content=null]
2026-07-12 21:17:48 [com.xxl.job.core.thread.TriggerCallbackThread#callbackLog]-[197]-[Thread-71] <br>----------- xxl-job job callback fail, callbackResult:ReturnT [code=500, msg=xxl-rpc remoting fail, StatusCode(404) invalid. for url : http://localhost:8080/xxl-job-admin/api/callback, content=null]
2026-07-12 21:18:18 [com.xxl.job.core.thread.TriggerCallbackThread#callbackLog]-[197]-[Thread-71] <br>----------- xxl-job job callback fail, callbackResult:ReturnT [code=500, msg=xxl-rpc remoting fail, StatusCode(404) invalid. for url : http://localhost:8080/xxl-job-admin/api/callback, content=null]
2026-07-12 21:18:48 [com.xxl.job.core.thread.TriggerCallbackThread#callbackLog]-[197]-[Thread-71] <br>----------- xxl-job job callback fail, callbackResult:ReturnT [code=500, msg=xxl-rpc remoting fail, StatusCode(404) invalid. for url : http://localhost:8080/xxl-job-admin/api/callback, content=null]
2026-07-12 21:19:18 [com.xxl.job.core.thread.TriggerCallbackThread#callbackLog]-[197]-[Thread-71] <br>----------- xxl-job job callback fail, callbackResult:ReturnT [code=500, msg=xxl-rpc remoting fail, StatusCode(404) invalid. for url : http://localhost:8080/xxl-job-admin/api/callback, content=null]
2026-07-12 21:19:48 [com.xxl.job.core.thread.TriggerCallbackThread#callbackLog]-[197]-[Thread-71] <br>----------- xxl-job job callback fail, callbackResult:ReturnT [code=500, msg=xxl-rpc remoting fail, StatusCode(404) invalid. for url : http://localhost:8080/xxl-job-admin/api/callback, content=null]
2026-07-12 21:20:18 [com.xxl.job.core.thread.TriggerCallbackThread#callbackLog]-[197]-[Thread-71] <br>----------- xxl-job job callback fail, callbackResult:ReturnT [code=500, msg=xxl-rpc remoting fail, StatusCode(404) invalid. for url : http://localhost:8080/xxl-job-admin/api/callback, content=null]
2026-07-12 21:20:48 [com.xxl.job.core.thread.TriggerCallbackThread#callbackLog]-[197]-[Thread-71] <br>----------- xxl-job job callback fail, callbackResult:ReturnT [code=500, msg=xxl-rpc remoting fail, StatusCode(404) invalid. for url : http://localhost:8080/xxl-job-admin/api/callback, content=null]
2026-07-12 21:21:18 [com.xxl.job.core.thread.TriggerCallbackThread#callbackLog]-[197]-[Thread-71] <br>----------- xxl-job job callback fail, callbackResult:ReturnT [code=500, msg=xxl-rpc remoting fail, StatusCode(404) invalid. for url : http://localhost:8080/xxl-job-admin/api/callback, content=null]
2026-07-12 21:21:48 [com.xxl.job.core.thread.TriggerCallbackThread#callbackLog]-[197]-[Thread-71] <br>----------- xxl-job job callback fail, callbackResult:ReturnT [code=500, msg=xxl-rpc remoting fail, StatusCode(404) invalid. for url : http://localhost:8080/xxl-job-admin/api/callback, content=null]
2026-07-12 21:22:18 [com.xxl.job.core.thread.TriggerCallbackThread#callbackLog]-[197]-[Thread-71] <br>----------- xxl-job job callback fail, callbackResult:ReturnT [code=500, msg=xxl-rpc remoting fail, StatusCode(404) invalid. for url : http://localhost:8080/xxl-job-admin/api/callback, content=null]
2026-07-12 21:22:48 [com.xxl.job.core.thread.TriggerCallbackThread#callbackLog]-[197]-[Thread-71] <br>----------- xxl-job job callback fail, callbackResult:ReturnT [code=500, msg=xxl-rpc remoting fail, StatusCode(404) invalid. for url : http://localhost:8080/xxl-job-admin/api/callback, content=null]
2026-07-12 21:23:18 [com.xxl.job.core.thread.TriggerCallbackThread#callbackLog]-[197]-[Thread-71] <br>----------- xxl-job job callback fail, callbackResult:ReturnT [code=500, msg=xxl-rpc remoting fail, StatusCode(404) invalid. for url : http://localhost:8080/xxl-job-admin/api/callback, content=null]
2026-07-12 21:23:48 [com.xxl.job.core.thread.TriggerCallbackThread#callbackLog]-[197]-[Thread-71] <br>----------- xxl-job job callback fail, callbackResult:ReturnT [code=500, msg=xxl-rpc remoting fail, StatusCode(404) invalid. for url : http://localhost:8080/xxl-job-admin/api/callback, content=null]
2026-07-12 21:24:18 [com.xxl.job.core.thread.TriggerCallbackThread#callbackLog]-[197]-[Thread-71] <br>----------- xxl-job job callback fail, callbackResult:ReturnT [code=500, msg=xxl-rpc remoting fail, StatusCode(404) invalid. for url : http://localhost:8080/xxl-job-admin/api/callback, content=null]
2026-07-12 21:24:48 [com.xxl.job.core.thread.TriggerCallbackThread#callbackLog]-[197]-[Thread-71] <br>----------- xxl-job job callback fail, callbackResult:ReturnT [code=500, msg=xxl-rpc remoting fail, StatusCode(404) invalid. for url : http://localhost:8080/xxl-job-admin/api/callback, content=null]
2026-07-12 21:25:18 [com.xxl.job.core.thread.TriggerCallbackThread#callbackLog]-[197]-[Thread-71] <br>----------- xxl-job job callback fail, callbackResult:ReturnT [code=500, msg=xxl-rpc remoting fail, StatusCode(404) invalid. for url : http://localhost:8080/xxl-job-admin/api/callback, content=null]
2026-07-12 21:25:48 [com.xxl.job.core.thread.TriggerCallbackThread#callbackLog]-[197]-[Thread-71] <br>----------- xxl-job job callback fail, callbackResult:ReturnT [code=500, msg=xxl-rpc remoting fail, StatusCode(404) invalid. for url : http://localhost:8080/xxl-job-admin/api/callback, content=null]
2026-07-12 21:26:18 [com.xxl.job.core.thread.TriggerCallbackThread#callbackLog]-[197]-[Thread-71] <br>----------- xxl-job job callback fail, callbackResult:ReturnT [code=500, msg=xxl-rpc remoting fail, StatusCode(404) invalid. for url : http://localhost:8080/xxl-job-admin/api/callback, content=null]
2026-07-12 21:26:48 [com.xxl.job.core.thread.TriggerCallbackThread#callbackLog]-[197]-[Thread-71] <br>----------- xxl-job job callback fail, callbackResult:ReturnT [code=500, msg=xxl-rpc remoting fail, StatusCode(404) invalid. for url : http://localhost:8080/xxl-job-admin/api/callback, content=null]
2026-07-12 21:27:18 [com.xxl.job.core.thread.TriggerCallbackThread#callbackLog]-[197]-[Thread-71] <br>----------- xxl-job job callback fail, callbackResult:ReturnT [code=500, msg=xxl-rpc remoting fail, StatusCode(404) invalid. for url : http://localhost:8080/xxl-job-admin/api/callback, content=null]
2026-07-12 21:27:48 [com.xxl.job.core.thread.TriggerCallbackThread#callbackLog]-[197]-[Thread-71] <br>----------- xxl-job job callback fail, callbackResult:ReturnT [code=500, msg=xxl-rpc remoting fail, StatusCode(404) invalid. for url : http://localhost:8080/xxl-job-admin/api/callback, content=null]
2026-07-12 21:28:18 [com.xxl.job.core.thread.TriggerCallbackThread#callbackLog]-[197]-[Thread-71] <br>----------- xxl-job job callback fail, callbackResult:ReturnT [code=500, msg=xxl-rpc remoting fail, StatusCode(404) invalid. for url : http://localhost:8080/xxl-job-admin/api/callback, content=null]
2026-07-12 21:28:48 [com.xxl.job.core.thread.TriggerCallbackThread#callbackLog]-[197]-[Thread-71] <br>----------- xxl-job job callback fail, callbackResult:ReturnT [code=500, msg=xxl-rpc remoting fail, StatusCode(404) invalid. for url : http://localhost:8080/xxl-job-admin/api/callback, content=null]
2026-07-12 21:29:19 [com.xxl.job.core.thread.TriggerCallbackThread#callbackLog]-[197]-[Thread-71] <br>----------- xxl-job job callback fail, callbackResult:ReturnT [code=500, msg=xxl-rpc remoting fail, StatusCode(404) invalid. for url : http://localhost:8080/xxl-job-admin/api/callback, content=null]
2026-07-12 21:29:49 [com.xxl.job.core.thread.TriggerCallbackThread#callbackLog]-[197]-[Thread-71] <br>----------- xxl-job job callback fail, callbackResult:ReturnT [code=500, msg=xxl-rpc remoting fail, StatusCode(404) invalid. for url : http://localhost:8080/xxl-job-admin/api/callback, content=null]
2026-07-12 21:30:19 [com.xxl.job.core.thread.TriggerCallbackThread#callbackLog]-[197]-[Thread-71] <br>----------- xxl-job job callback fail, callbackResult:ReturnT [code=500, msg=xxl-rpc remoting fail, StatusCode(404) invalid. for url : http://localhost:8080/xxl-job-admin/api/callback, content=null]
2026-07-12 21:30:49 [com.xxl.job.core.thread.TriggerCallbackThread#callbackLog]-[197]-[Thread-71] <br>----------- xxl-job job callback fail, callbackResult:ReturnT [code=500, msg=xxl-rpc remoting fail, StatusCode(404) invalid. for url : http://localhost:8080/xxl-job-admin/api/callback, content=null]
2026-07-12 21:31:19 [com.xxl.job.core.thread.TriggerCallbackThread#callbackLog]-[197]-[Thread-71] <br>----------- xxl-job job callback fail, callbackResult:ReturnT [code=500, msg=xxl-rpc remoting fail, StatusCode(404) invalid. for url : http://localhost:8080/xxl-job-admin/api/callback, content=null]
2026-07-12 21:31:49 [com.xxl.job.core.thread.TriggerCallbackThread#callbackLog]-[197]-[Thread-71] <br>----------- xxl-job job callback fail, callbackResult:ReturnT [code=500, msg=xxl-rpc remoting fail, StatusCode(404) invalid. for url : http://localhost:8080/xxl-job-admin/api/callback, content=null]
2026-07-12 21:32:19 [com.xxl.job.core.thread.TriggerCallbackThread#callbackLog]-[197]-[Thread-71] <br>----------- xxl-job job callback fail, callbackResult:ReturnT [code=500, msg=xxl-rpc remoting fail, StatusCode(404) invalid. for url : http://localhost:8080/xxl-job-admin/api/callback, content=null]
2026-07-12 21:32:49 [com.xxl.job.core.thread.TriggerCallbackThread#callbackLog]-[197]-[Thread-71] <br>----------- xxl-job job callback fail, callbackResult:ReturnT [code=500, msg=xxl-rpc remoting fail, StatusCode(404) invalid. for url : http://localhost:8080/xxl-job-admin/api/callback, content=null]
2026-07-12 21:33:19 [com.xxl.job.core.thread.TriggerCallbackThread#callbackLog]-[197]-[Thread-71] <br>----------- xxl-job job callback fail, callbackResult:ReturnT [code=500, msg=xxl-rpc remoting fail, StatusCode(404) invalid. for url : http://localhost:8080/xxl-job-admin/api/callback, content=null]
2026-07-12 21:33:49 [com.xxl.job.core.thread.TriggerCallbackThread#callbackLog]-[197]-[Thread-71] <br>----------- xxl-job job callback fail, callbackResult:ReturnT [code=500, msg=xxl-rpc remoting fail, StatusCode(404) invalid. for url : http://localhost:8080/xxl-job-admin/api/callback, content=null]
2026-07-12 21:34:19 [com.xxl.job.core.thread.TriggerCallbackThread#callbackLog]-[197]-[Thread-71] <br>----------- xxl-job job callback fail, callbackResult:ReturnT [code=500, msg=xxl-rpc remoting fail, StatusCode(404) invalid. for url : http://localhost:8080/xxl-job-admin/api/callback, content=null]
2026-07-12 21:34:49 [com.xxl.job.core.thread.TriggerCallbackThread#callbackLog]-[197]-[Thread-71] <br>----------- xxl-job job callback fail, callbackResult:ReturnT [code=500, msg=xxl-rpc remoting fail, StatusCode(404) invalid. for url : http://localhost:8080/xxl-job-admin/api/callback, content=null]
2026-07-12 21:35:19 [com.xxl.job.core.thread.TriggerCallbackThread#callbackLog]-[197]-[Thread-71] <br>----------- xxl-job job callback fail, callbackResult:ReturnT [code=500, msg=xxl-rpc remoting fail, StatusCode(404) invalid. for url : http://localhost:8080/xxl-job-admin/api/callback, content=null]
2026-07-12 21:35:49 [com.xxl.job.core.thread.TriggerCallbackThread#callbackLog]-[197]-[Thread-71] <br>----------- xxl-job job callback fail, callbackResult:ReturnT [code=500, msg=xxl-rpc remoting fail, StatusCode(404) invalid. for url : http://localhost:8080/xxl-job-admin/api/callback, content=null]
2026-07-12 21:36:19 [com.xxl.job.core.thread.TriggerCallbackThread#callbackLog]-[197]-[Thread-71] <br>----------- xxl-job job callback fail, callbackResult:ReturnT [code=500, msg=xxl-rpc remoting fail, StatusCode(404) invalid. for url : http://localhost:8080/xxl-job-admin/api/callback, content=null]
2026-07-12 21:36:49 [com.xxl.job.core.thread.TriggerCallbackThread#callbackLog]-[197]-[Thread-71] <br>----------- xxl-job job callback fail, callbackResult:ReturnT [code=500, msg=xxl-rpc remoting fail, StatusCode(404) invalid. for url : http://localhost:8080/xxl-job-admin/api/callback, content=null]
2026-07-12 21:37:19 [com.xxl.job.core.thread.TriggerCallbackThread#callbackLog]-[197]-[Thread-71] <br>----------- xxl-job job callback fail, callbackResult:ReturnT [code=500, msg=xxl-rpc remoting fail, StatusCode(404) invalid. for url : http://localhost:8080/xxl-job-admin/api/callback, content=null]
2026-07-12 21:37:49 [com.xxl.job.core.thread.TriggerCallbackThread#callbackLog]-[197]-[Thread-71] <br>----------- xxl-job job callback fail, callbackResult:ReturnT [code=500, msg=xxl-rpc remoting fail, StatusCode(404) invalid. for url : http://localhost:8080/xxl-job-admin/api/callback, content=null]
2026-07-12 21:38:19 [com.xxl.job.core.thread.TriggerCallbackThread#callbackLog]-[197]-[Thread-71] <br>----------- xxl-job job callback fail, callbackResult:ReturnT [code=500, msg=xxl-rpc remoting fail, StatusCode(404) invalid. for url : http://localhost:8080/xxl-job-admin/api/callback, content=null]
2026-07-12 21:38:49 [com.xxl.job.core.thread.TriggerCallbackThread#callbackLog]-[197]-[Thread-71] <br>----------- xxl-job job callback fail, callbackResult:ReturnT [code=500, msg=xxl-rpc remoting fail, StatusCode(404) invalid. for url : http://localhost:8080/xxl-job-admin/api/callback, content=null]
2026-07-12 21:39:19 [com.xxl.job.core.thread.TriggerCallbackThread#callbackLog]-[197]-[Thread-71] <br>----------- xxl-job job callback fail, callbackResult:ReturnT [code=500, msg=xxl-rpc remoting fail, StatusCode(404) invalid. for url : http://localhost:8080/xxl-job-admin/api/callback, content=null]
2026-07-12 21:39:49 [com.xxl.job.core.thread.TriggerCallbackThread#callbackLog]-[197]-[Thread-71] <br>----------- xxl-job job callback fail, callbackResult:ReturnT [code=500, msg=xxl-rpc remoting fail, StatusCode(404) invalid. for url : http://localhost:8080/xxl-job-admin/api/callback, content=null]
2026-07-12 21:40:19 [com.xxl.job.core.thread.TriggerCallbackThread#callbackLog]-[197]-[Thread-71] <br>----------- xxl-job job callback fail, callbackResult:ReturnT [code=500, msg=xxl-rpc remoting fail, StatusCode(404) invalid. for url : http://localhost:8080/xxl-job-admin/api/callback, content=null]
2026-07-12 21:40:49 [com.xxl.job.core.thread.TriggerCallbackThread#callbackLog]-[197]-[Thread-71] <br>----------- xxl-job job callback fail, callbackResult:ReturnT [code=500, msg=xxl-rpc remoting fail, StatusCode(404) invalid. for url : http://localhost:8080/xxl-job-admin/api/callback, content=null]
2026-07-12 21:41:19 [com.xxl.job.core.thread.TriggerCallbackThread#callbackLog]-[197]-[Thread-71] <br>----------- xxl-job job callback fail, callbackResult:ReturnT [code=500, msg=xxl-rpc remoting fail, StatusCode(404) invalid. for url : http://localhost:8080/xxl-job-admin/api/callback, content=null]
2026-07-12 21:41:49 [com.xxl.job.core.thread.TriggerCallbackThread#callbackLog]-[197]-[Thread-71] <br>----------- xxl-job job callback fail, callbackResult:ReturnT [code=500, msg=xxl-rpc remoting fail, StatusCode(404) invalid. for url : http://localhost:8080/xxl-job-admin/api/callback, content=null]
2026-07-12 21:42:19 [com.xxl.job.core.thread.TriggerCallbackThread#callbackLog]-[197]-[Thread-71] <br>----------- xxl-job job callback fail, callbackResult:ReturnT [code=500, msg=xxl-rpc remoting fail, StatusCode(404) invalid. for url : http://localhost:8080/xxl-job-admin/api/callback, content=null]
2026-07-12 21:42:49 [com.xxl.job.core.thread.TriggerCallbackThread#callbackLog]-[197]-[Thread-71] <br>----------- xxl-job job callback fail, callbackResult:ReturnT [code=500, msg=xxl-rpc remoting fail, StatusCode(404) invalid. for url : http://localhost:8080/xxl-job-admin/api/callback, content=null]
2026-07-12 21:43:19 [com.xxl.job.core.thread.TriggerCallbackThread#callbackLog]-[197]-[Thread-71] <br>----------- xxl-job job callback fail, callbackResult:ReturnT [code=500, msg=xxl-rpc remoting fail, StatusCode(404) invalid. for url : http://localhost:8080/xxl-job-admin/api/callback, content=null]
2026-07-12 21:43:49 [com.xxl.job.core.thread.TriggerCallbackThread#callbackLog]-[197]-[Thread-71] <br>----------- xxl-job job callback fail, callbackResult:ReturnT [code=500, msg=xxl-rpc remoting fail, StatusCode(404) invalid. for url : http://localhost:8080/xxl-job-admin/api/callback, content=null]
2026-07-12 21:44:19 [com.xxl.job.core.thread.TriggerCallbackThread#callbackLog]-[197]-[Thread-71] <br>----------- xxl-job job callback fail, callbackResult:ReturnT [code=500, msg=xxl-rpc remoting fail, StatusCode(404) invalid. for url : http://localhost:8080/xxl-job-admin/api/callback, content=null]
2026-07-12 21:44:49 [com.xxl.job.core.thread.TriggerCallbackThread#callbackLog]-[197]-[Thread-71] <br>----------- xxl-job job callback fail, callbackResult:ReturnT [code=500, msg=xxl-rpc remoting fail, StatusCode(404) invalid. for url : http://localhost:8080/xxl-job-admin/api/callback, content=null]
2026-07-12 21:45:19 [com.xxl.job.core.thread.TriggerCallbackThread#callbackLog]-[197]-[Thread-71] <br>----------- xxl-job job callback fail, callbackResult:ReturnT [code=500, msg=xxl-rpc remoting fail, StatusCode(404) invalid. for url : http://localhost:8080/xxl-job-admin/api/callback, content=null]
2026-07-12 21:45:49 [com.xxl.job.core.thread.TriggerCallbackThread#callbackLog]-[197]-[Thread-71] <br>----------- xxl-job job callback fail, callbackResult:ReturnT [code=500, msg=xxl-rpc remoting fail, StatusCode(404) invalid. for url : http://localhost:8080/xxl-job-admin/api/callback, content=null]
2026-07-12 21:46:19 [com.xxl.job.core.thread.TriggerCallbackThread#callbackLog]-[197]-[Thread-71] <br>----------- xxl-job job callback fail, callbackResult:ReturnT [code=500, msg=xxl-rpc remoting fail, StatusCode(404) invalid. for url : http://localhost:8080/xxl-job-admin/api/callback, content=null]
2026-07-12 21:46:49 [com.xxl.job.core.thread.TriggerCallbackThread#callbackLog]-[197]-[Thread-71] <br>----------- xxl-job job callback fail, callbackResult:ReturnT [code=500, msg=xxl-rpc remoting fail, StatusCode(404) invalid. for url : http://localhost:8080/xxl-job-admin/api/callback, content=null]
2026-07-12 21:47:19 [com.xxl.job.core.thread.TriggerCallbackThread#callbackLog]-[197]-[Thread-71] <br>----------- xxl-job job callback fail, callbackResult:ReturnT [code=500, msg=xxl-rpc remoting fail, StatusCode(404) invalid. for url : http://localhost:8080/xxl-job-admin/api/callback, content=null]
2026-07-12 21:47:49 [com.xxl.job.core.thread.TriggerCallbackThread#callbackLog]-[197]-[Thread-71] <br>----------- xxl-job job callback fail, callbackResult:ReturnT [code=500, msg=xxl-rpc remoting fail, StatusCode(404) invalid. for url : http://localhost:8080/xxl-job-admin/api/callback, content=null]
2026-07-12 21:48:19 [com.xxl.job.core.thread.TriggerCallbackThread#callbackLog]-[197]-[Thread-71] <br>----------- xxl-job job callback fail, callbackResult:ReturnT [code=500, msg=xxl-rpc remoting fail, StatusCode(404) invalid. for url : http://localhost:8080/xxl-job-admin/api/callback, content=null]
2026-07-12 21:48:49 [com.xxl.job.core.thread.TriggerCallbackThread#callbackLog]-[197]-[Thread-71] <br>----------- xxl-job job callback fail, callbackResult:ReturnT [code=500, msg=xxl-rpc remoting fail, StatusCode(404) invalid. for url : http://localhost:8080/xxl-job-admin/api/callback, content=null]
2026-07-12 21:49:19 [com.xxl.job.core.thread.TriggerCallbackThread#callbackLog]-[197]-[Thread-71] <br>----------- xxl-job job callback fail, callbackResult:ReturnT [code=500, msg=xxl-rpc remoting fail, StatusCode(404) invalid. for url : http://localhost:8080/xxl-job-admin/api/callback, content=null]
2026-07-12 21:49:49 [com.xxl.job.core.thread.TriggerCallbackThread#callbackLog]-[197]-[Thread-71] <br>----------- xxl-job job callback fail, callbackResult:ReturnT [code=500, msg=xxl-rpc remoting fail, StatusCode(404) invalid. for url : http://localhost:8080/xxl-job-admin/api/callback, content=null]
2026-07-12 21:50:19 [com.xxl.job.core.thread.TriggerCallbackThread#callbackLog]-[197]-[Thread-71] <br>----------- xxl-job job callback fail, callbackResult:ReturnT [code=500, msg=xxl-rpc remoting fail, StatusCode(404) invalid. for url : http://localhost:8080/xxl-job-admin/api/callback, content=null]
2026-07-12 21:50:49 [com.xxl.job.core.thread.TriggerCallbackThread#callbackLog]-[197]-[Thread-71] <br>----------- xxl-job job callback fail, callbackResult:ReturnT [code=500, msg=xxl-rpc remoting fail, StatusCode(404) invalid. for url : http://localhost:8080/xxl-job-admin/api/callback, content=null]
2026-07-12 21:51:19 [com.xxl.job.core.thread.TriggerCallbackThread#callbackLog]-[197]-[Thread-71] <br>----------- xxl-job job callback fail, callbackResult:ReturnT [code=500, msg=xxl-rpc remoting fail, StatusCode(404) invalid. for url : http://localhost:8080/xxl-job-admin/api/callback, content=null]
2026-07-12 21:51:49 [com.xxl.job.core.thread.TriggerCallbackThread#callbackLog]-[197]-[Thread-71] <br>----------- xxl-job job callback fail, callbackResult:ReturnT [code=500, msg=xxl-rpc remoting fail, StatusCode(404) invalid. for url : http://localhost:8080/xxl-job-admin/api/callback, content=null]
2026-07-12 21:52:19 [com.xxl.job.core.thread.TriggerCallbackThread#callbackLog]-[197]-[Thread-71] <br>----------- xxl-job job callback fail, callbackResult:ReturnT [code=500, msg=xxl-rpc remoting fail, StatusCode(404) invalid. for url : http://localhost:8080/xxl-job-admin/api/callback, content=null]
2026-07-12 21:52:49 [com.xxl.job.core.thread.TriggerCallbackThread#callbackLog]-[197]-[Thread-71] <br>----------- xxl-job job callback fail, callbackResult:ReturnT [code=500, msg=xxl-rpc remoting fail, StatusCode(404) invalid. for url : http://localhost:8080/xxl-job-admin/api/callback, content=null]
2026-07-12 21:53:19 [com.xxl.job.core.thread.TriggerCallbackThread#callbackLog]-[197]-[Thread-71] <br>----------- xxl-job job callback fail, callbackResult:ReturnT [code=500, msg=xxl-rpc remoting fail, StatusCode(404) invalid. for url : http://localhost:8080/xxl-job-admin/api/callback, content=null]
2026-07-12 21:53:49 [com.xxl.job.core.thread.TriggerCallbackThread#callbackLog]-[197]-[Thread-71] <br>----------- xxl-job job callback fail, callbackResult:ReturnT [code=500, msg=xxl-rpc remoting fail, StatusCode(404) invalid. for url : http://localhost:8080/xxl-job-admin/api/callback, content=null]
2026-07-12 21:54:19 [com.xxl.job.core.thread.TriggerCallbackThread#callbackLog]-[197]-[Thread-71] <br>----------- xxl-job job callback fail, callbackResult:ReturnT [code=500, msg=xxl-rpc remoting fail, StatusCode(404) invalid. for url : http://localhost:8080/xxl-job-admin/api/callback, content=null]
2026-07-12 21:54:50 [com.xxl.job.core.thread.TriggerCallbackThread#callbackLog]-[197]-[Thread-71] <br>----------- xxl-job job callback fail, callbackResult:ReturnT [code=500, msg=xxl-rpc remoting fail, StatusCode(404) invalid. for url : http://localhost:8080/xxl-job-admin/api/callback, content=null]
2026-07-12 21:55:20 [com.xxl.job.core.thread.TriggerCallbackThread#callbackLog]-[197]-[Thread-71] <br>----------- xxl-job job callback fail, callbackResult:ReturnT [code=500, msg=xxl-rpc remoting fail, StatusCode(404) invalid. for url : http://localhost:8080/xxl-job-admin/api/callback, content=null]
2026-07-12 21:55:50 [com.xxl.job.core.thread.TriggerCallbackThread#callbackLog]-[197]-[Thread-71] <br>----------- xxl-job job callback fail, callbackResult:ReturnT [code=500, msg=xxl-rpc remoting fail, StatusCode(404) invalid. for url : http://localhost:8080/xxl-job-admin/api/callback, content=null]
2026-07-12 21:56:20 [com.xxl.job.core.thread.TriggerCallbackThread#callbackLog]-[197]-[Thread-71] <br>----------- xxl-job job callback fail, callbackResult:ReturnT [code=500, msg=xxl-rpc remoting fail, StatusCode(404) invalid. for url : http://localhost:8080/xxl-job-admin/api/callback, content=null]
2026-07-12 21:56:50 [com.xxl.job.core.thread.TriggerCallbackThread#callbackLog]-[197]-[Thread-71] <br>----------- xxl-job job callback fail, callbackResult:ReturnT [code=500, msg=xxl-rpc remoting fail, StatusCode(404) invalid. for url : http://localhost:8080/xxl-job-admin/api/callback, content=null]
2026-07-12 21:57:20 [com.xxl.job.core.thread.TriggerCallbackThread#callbackLog]-[197]-[Thread-71] <br>----------- xxl-job job callback fail, callbackResult:ReturnT [code=500, msg=xxl-rpc remoting fail, StatusCode(404) invalid. for url : http://localhost:8080/xxl-job-admin/api/callback, content=null]
2026-07-12 21:57:50 [com.xxl.job.core.thread.TriggerCallbackThread#callbackLog]-[197]-[Thread-71] <br>----------- xxl-job job callback fail, callbackResult:ReturnT [code=500, msg=xxl-rpc remoting fail, StatusCode(404) invalid. for url : http://localhost:8080/xxl-job-admin/api/callback, content=null]
2026-07-12 21:58:20 [com.xxl.job.core.thread.TriggerCallbackThread#callbackLog]-[197]-[Thread-71] <br>----------- xxl-job job callback fail, callbackResult:ReturnT [code=500, msg=xxl-rpc remoting fail, StatusCode(404) invalid. for url : http://localhost:8080/xxl-job-admin/api/callback, content=null]
2026-07-12 21:58:50 [com.xxl.job.core.thread.TriggerCallbackThread#callbackLog]-[197]-[Thread-71] <br>----------- xxl-job job callback fail, callbackResult:ReturnT [code=500, msg=xxl-rpc remoting fail, StatusCode(404) invalid. for url : http://localhost:8080/xxl-job-admin/api/callback, content=null]
2026-07-12 21:59:20 [com.xxl.job.core.thread.TriggerCallbackThread#callbackLog]-[197]-[Thread-71] <br>----------- xxl-job job callback fail, callbackResult:ReturnT [code=500, msg=xxl-rpc remoting fail, StatusCode(404) invalid. for url : http://localhost:8080/xxl-job-admin/api/callback, content=null]
2026-07-12 21:59:50 [com.xxl.job.core.thread.TriggerCallbackThread#callbackLog]-[197]-[Thread-71] <br>----------- xxl-job job callback fail, callbackResult:ReturnT [code=500, msg=xxl-rpc remoting fail, StatusCode(404) invalid. for url : http://localhost:8080/xxl-job-admin/api/callback, content=null]
2026-07-12 22:00:20 [com.xxl.job.core.thread.TriggerCallbackThread#callbackLog]-[197]-[Thread-71] <br>----------- xxl-job job callback fail, callbackResult:ReturnT [code=500, msg=xxl-rpc remoting fail, StatusCode(404) invalid. for url : http://localhost:8080/xxl-job-admin/api/callback, content=null]
2026-07-12 22:00:50 [com.xxl.job.core.thread.TriggerCallbackThread#callbackLog]-[197]-[Thread-71] <br>----------- xxl-job job callback fail, callbackResult:ReturnT [code=500, msg=xxl-rpc remoting fail, StatusCode(404) invalid. for url : http://localhost:8080/xxl-job-admin/api/callback, content=null]
2026-07-12 22:01:20 [com.xxl.job.core.thread.TriggerCallbackThread#callbackLog]-[197]-[Thread-71] <br>----------- xxl-job job callback fail, callbackResult:ReturnT [code=500, msg=xxl-rpc remoting fail, StatusCode(404) invalid. for url : http://localhost:8080/xxl-job-admin/api/callback, content=null]
2026-07-12 22:01:50 [com.xxl.job.core.thread.TriggerCallbackThread#callbackLog]-[197]-[Thread-71] <br>----------- xxl-job job callback fail, callbackResult:ReturnT [code=500, msg=xxl-rpc remoting fail, StatusCode(404) invalid. for url : http://localhost:8080/xxl-job-admin/api/callback, content=null]
2026-07-12 22:02:20 [com.xxl.job.core.thread.TriggerCallbackThread#callbackLog]-[197]-[Thread-71] <br>----------- xxl-job job callback fail, callbackResult:ReturnT [code=500, msg=xxl-rpc remoting fail, StatusCode(404) invalid. for url : http://localhost:8080/xxl-job-admin/api/callback, content=null]
2026-07-12 22:02:50 [com.xxl.job.core.thread.TriggerCallbackThread#callbackLog]-[197]-[Thread-71] <br>----------- xxl-job job callback fail, callbackResult:ReturnT [code=500, msg=xxl-rpc remoting fail, StatusCode(404) invalid. for url : http://localhost:8080/xxl-job-admin/api/callback, content=null]
2026-07-12 22:03:20 [com.xxl.job.core.thread.TriggerCallbackThread#callbackLog]-[197]-[Thread-71] <br>----------- xxl-job job callback fail, callbackResult:ReturnT [code=500, msg=xxl-rpc remoting fail, StatusCode(404) invalid. for url : http://localhost:8080/xxl-job-admin/api/callback, content=null]
2026-07-12 22:03:50 [com.xxl.job.core.thread.TriggerCallbackThread#callbackLog]-[197]-[Thread-71] <br>----------- xxl-job job callback fail, callbackResult:ReturnT [code=500, msg=xxl-rpc remoting fail, StatusCode(404) invalid. for url : http://localhost:8080/xxl-job-admin/api/callback, content=null]
2026-07-12 22:04:20 [com.xxl.job.core.thread.TriggerCallbackThread#callbackLog]-[197]-[Thread-71] <br>----------- xxl-job job callback fail, callbackResult:ReturnT [code=500, msg=xxl-rpc remoting fail, StatusCode(404) invalid. for url : http://localhost:8080/xxl-job-admin/api/callback, content=null]
2026-07-12 22:04:50 [com.xxl.job.core.thread.TriggerCallbackThread#callbackLog]-[197]-[Thread-71] <br>----------- xxl-job job callback fail, callbackResult:ReturnT [code=500, msg=xxl-rpc remoting fail, StatusCode(404) invalid. for url : http://localhost:8080/xxl-job-admin/api/callback, content=null]
2026-07-12 22:05:20 [com.xxl.job.core.thread.TriggerCallbackThread#callbackLog]-[197]-[Thread-71] <br>----------- xxl-job job callback fail, callbackResult:ReturnT [code=500, msg=xxl-rpc remoting fail, StatusCode(404) invalid. for url : http://localhost:8080/xxl-job-admin/api/callback, content=null]
2026-07-12 22:05:50 [com.xxl.job.core.thread.TriggerCallbackThread#callbackLog]-[197]-[Thread-71] <br>----------- xxl-job job callback fail, callbackResult:ReturnT [code=500, msg=xxl-rpc remoting fail, StatusCode(404) invalid. for url : http://localhost:8080/xxl-job-admin/api/callback, content=null]
2026-07-12 22:06:20 [com.xxl.job.core.thread.TriggerCallbackThread#callbackLog]-[197]-[Thread-71] <br>----------- xxl-job job callback fail, callbackResult:ReturnT [code=500, msg=xxl-rpc remoting fail, StatusCode(404) invalid. for url : http://localhost:8080/xxl-job-admin/api/callback, content=null]
2026-07-12 22:06:50 [com.xxl.job.core.thread.TriggerCallbackThread#callbackLog]-[197]-[Thread-71] <br>----------- xxl-job job callback fail, callbackResult:ReturnT [code=500, msg=xxl-rpc remoting fail, StatusCode(404) invalid. for url : http://localhost:8080/xxl-job-admin/api/callback, content=null]
2026-07-12 22:07:20 [com.xxl.job.core.thread.TriggerCallbackThread#callbackLog]-[197]-[Thread-71] <br>----------- xxl-job job callback fail, callbackResult:ReturnT [code=500, msg=xxl-rpc remoting fail, StatusCode(404) invalid. for url : http://localhost:8080/xxl-job-admin/api/callback, content=null]
2026-07-12 22:07:50 [com.xxl.job.core.thread.TriggerCallbackThread#callbackLog]-[197]-[Thread-71] <br>----------- xxl-job job callback fail, callbackResult:ReturnT [code=500, msg=xxl-rpc remoting fail, StatusCode(404) invalid. for url : http://localhost:8080/xxl-job-admin/api/callback, content=null]
2026-07-12 22:08:20 [com.xxl.job.core.thread.TriggerCallbackThread#callbackLog]-[197]-[Thread-71] <br>----------- xxl-job job callback fail, callbackResult:ReturnT [code=500, msg=xxl-rpc remoting fail, StatusCode(404) invalid. for url : http://localhost:8080/xxl-job-admin/api/callback, content=null]
2026-07-12 22:08:50 [com.xxl.job.core.thread.TriggerCallbackThread#callbackLog]-[197]-[Thread-71] <br>----------- xxl-job job callback fail, callbackResult:ReturnT [code=500, msg=xxl-rpc remoting fail, StatusCode(404) invalid. for url : http://localhost:8080/xxl-job-admin/api/callback, content=null]
2026-07-12 22:09:20 [com.xxl.job.core.thread.TriggerCallbackThread#callbackLog]-[197]-[Thread-71] <br>----------- xxl-job job callback fail, callbackResult:ReturnT [code=500, msg=xxl-rpc remoting fail, StatusCode(404) invalid. for url : http://localhost:8080/xxl-job-admin/api/callback, content=null]
2026-07-12 22:09:50 [com.xxl.job.core.thread.TriggerCallbackThread#callbackLog]-[197]-[Thread-71] <br>----------- xxl-job job callback fail, callbackResult:ReturnT [code=500, msg=xxl-rpc remoting fail, StatusCode(404) invalid. for url : http://localhost:8080/xxl-job-admin/api/callback, content=null]
2026-07-12 22:10:20 [com.xxl.job.core.thread.TriggerCallbackThread#callbackLog]-[197]-[Thread-71] <br>----------- xxl-job job callback fail, callbackResult:ReturnT [code=500, msg=xxl-rpc remoting fail, StatusCode(404) invalid. for url : http://localhost:8080/xxl-job-admin/api/callback, content=null]
2026-07-12 22:10:50 [com.xxl.job.core.thread.TriggerCallbackThread#callbackLog]-[197]-[Thread-71] <br>----------- xxl-job job callback fail, callbackResult:ReturnT [code=500, msg=xxl-rpc remoting fail, StatusCode(404) invalid. for url : http://localhost:8080/xxl-job-admin/api/callback, content=null]
2026-07-12 22:11:20 [com.xxl.job.core.thread.TriggerCallbackThread#callbackLog]-[197]-[Thread-71] <br>----------- xxl-job job callback fail, callbackResult:ReturnT [code=500, msg=xxl-rpc remoting fail, StatusCode(404) invalid. for url : http://localhost:8080/xxl-job-admin/api/callback, content=null]
2026-07-12 22:11:50 [com.xxl.job.core.thread.TriggerCallbackThread#callbackLog]-[197]-[Thread-71] <br>----------- xxl-job job callback fail, callbackResult:ReturnT [code=500, msg=xxl-rpc remoting fail, StatusCode(404) invalid. for url : http://localhost:8080/xxl-job-admin/api/callback, content=null]
2026-07-12 22:12:20 [com.xxl.job.core.thread.TriggerCallbackThread#callbackLog]-[197]-[Thread-71] <br>----------- xxl-job job callback fail, callbackResult:ReturnT [code=500, msg=xxl-rpc remoting fail, StatusCode(404) invalid. for url : http://localhost:8080/xxl-job-admin/api/callback, content=null]
2026-07-12 22:12:50 [com.xxl.job.core.thread.TriggerCallbackThread#callbackLog]-[197]-[Thread-71] <br>----------- xxl-job job callback fail, callbackResult:ReturnT [code=500, msg=xxl-rpc remoting fail, StatusCode(404) invalid. for url : http://localhost:8080/xxl-job-admin/api/callback, content=null]
2026-07-12 22:13:20 [com.xxl.job.core.thread.TriggerCallbackThread#callbackLog]-[197]-[Thread-71] <br>----------- xxl-job job callback fail, callbackResult:ReturnT [code=500, msg=xxl-rpc remoting fail, StatusCode(404) invalid. for url : http://localhost:8080/xxl-job-admin/api/callback, content=null]
2026-07-12 22:13:50 [com.xxl.job.core.thread.TriggerCallbackThread#callbackLog]-[197]-[Thread-71] <br>----------- xxl-job job callback fail, callbackResult:ReturnT [code=500, msg=xxl-rpc remoting fail, StatusCode(404) invalid. for url : http://localhost:8080/xxl-job-admin/api/callback, content=null]
2026-07-12 22:14:20 [com.xxl.job.core.thread.TriggerCallbackThread#callbackLog]-[197]-[Thread-71] <br>----------- xxl-job job callback fail, callbackResult:ReturnT [code=500, msg=xxl-rpc remoting fail, StatusCode(404) invalid. for url : http://localhost:8080/xxl-job-admin/api/callback, content=null]
2026-07-12 22:14:50 [com.xxl.job.core.thread.TriggerCallbackThread#callbackLog]-[197]-[Thread-71] <br>----------- xxl-job job callback fail, callbackResult:ReturnT [code=500, msg=xxl-rpc remoting fail, StatusCode(404) invalid. for url : http://localhost:8080/xxl-job-admin/api/callback, content=null]
2026-07-12 22:15:20 [com.xxl.job.core.thread.TriggerCallbackThread#callbackLog]-[197]-[Thread-71] <br>----------- xxl-job job callback fail, callbackResult:ReturnT [code=500, msg=xxl-rpc remoting fail, StatusCode(404) invalid. for url : http://localhost:8080/xxl-job-admin/api/callback, content=null]
2026-07-12 22:15:50 [com.xxl.job.core.thread.TriggerCallbackThread#callbackLog]-[197]-[Thread-71] <br>----------- xxl-job job callback fail, callbackResult:ReturnT [code=500, msg=xxl-rpc remoting fail, StatusCode(404) invalid. for url : http://localhost:8080/xxl-job-admin/api/callback, content=null]
2026-07-12 22:16:20 [com.xxl.job.core.thread.TriggerCallbackThread#callbackLog]-[197]-[Thread-71] <br>----------- xxl-job job callback fail, callbackResult:ReturnT [code=500, msg=xxl-rpc remoting fail, StatusCode(404) invalid. for url : http://localhost:8080/xxl-job-admin/api/callback, content=null]
2026-07-12 22:16:50 [com.xxl.job.core.thread.TriggerCallbackThread#callbackLog]-[197]-[Thread-71] <br>----------- xxl-job job callback fail, callbackResult:ReturnT [code=500, msg=xxl-rpc remoting fail, StatusCode(404) invalid. for url : http://localhost:8080/xxl-job-admin/api/callback, content=null]
2026-07-12 22:17:20 [com.xxl.job.core.thread.TriggerCallbackThread#callbackLog]-[197]-[Thread-71] <br>----------- xxl-job job callback fail, callbackResult:ReturnT [code=500, msg=xxl-rpc remoting fail, StatusCode(404) invalid. for url : http://localhost:8080/xxl-job-admin/api/callback, content=null]
2026-07-12 22:17:50 [com.xxl.job.core.thread.TriggerCallbackThread#callbackLog]-[197]-[Thread-71] <br>----------- xxl-job job callback fail, callbackResult:ReturnT [code=500, msg=xxl-rpc remoting fail, StatusCode(404) invalid. for url : http://localhost:8080/xxl-job-admin/api/callback, content=null]
2026-07-12 22:18:20 [com.xxl.job.core.thread.TriggerCallbackThread#callbackLog]-[197]-[Thread-71] <br>----------- xxl-job job callback fail, callbackResult:ReturnT [code=500, msg=xxl-rpc remoting fail, StatusCode(404) invalid. for url : http://localhost:8080/xxl-job-admin/api/callback, content=null]
2026-07-12 22:18:50 [com.xxl.job.core.thread.TriggerCallbackThread#callbackLog]-[197]-[Thread-71] <br>----------- xxl-job job callback fail, callbackResult:ReturnT [code=500, msg=xxl-rpc remoting fail, StatusCode(404) invalid. for url : http://localhost:8080/xxl-job-admin/api/callback, content=null]
2026-07-12 22:19:20 [com.xxl.job.core.thread.TriggerCallbackThread#callbackLog]-[197]-[Thread-71] <br>----------- xxl-job job callback fail, callbackResult:ReturnT [code=500, msg=xxl-rpc remoting fail, StatusCode(404) invalid. for url : http://localhost:8080/xxl-job-admin/api/callback, content=null]
2026-07-12 22:19:51 [com.xxl.job.core.thread.TriggerCallbackThread#callbackLog]-[197]-[Thread-71] <br>----------- xxl-job job callback fail, callbackResult:ReturnT [code=500, msg=xxl-rpc remoting fail, StatusCode(404) invalid. for url : http://localhost:8080/xxl-job-admin/api/callback, content=null]
2026-07-12 22:20:21 [com.xxl.job.core.thread.TriggerCallbackThread#callbackLog]-[197]-[Thread-71] <br>----------- xxl-job job callback fail, callbackResult:ReturnT [code=500, msg=xxl-rpc remoting fail, StatusCode(404) invalid. for url : http://localhost:8080/xxl-job-admin/api/callback, content=null]
2026-07-12 22:20:51 [com.xxl.job.core.thread.TriggerCallbackThread#callbackLog]-[197]-[Thread-71] <br>----------- xxl-job job callback fail, callbackResult:ReturnT [code=500, msg=xxl-rpc remoting fail, StatusCode(404) invalid. for url : http://localhost:8080/xxl-job-admin/api/callback, content=null]
2026-07-12 22:21:21 [com.xxl.job.core.thread.TriggerCallbackThread#callbackLog]-[197]-[Thread-71] <br>----------- xxl-job job callback fail, callbackResult:ReturnT [code=500, msg=xxl-rpc remoting fail, StatusCode(404) invalid. for url : http://localhost:8080/xxl-job-admin/api/callback, content=null]
2026-07-12 22:21:51 [com.xxl.job.core.thread.TriggerCallbackThread#callbackLog]-[197]-[Thread-71] <br>----------- xxl-job job callback fail, callbackResult:ReturnT [code=500, msg=xxl-rpc remoting fail, StatusCode(404) invalid. for url : http://localhost:8080/xxl-job-admin/api/callback, content=null]
2026-07-12 22:22:21 [com.xxl.job.core.thread.TriggerCallbackThread#callbackLog]-[197]-[Thread-71] <br>----------- xxl-job job callback fail, callbackResult:ReturnT [code=500, msg=xxl-rpc remoting fail, StatusCode(404) invalid. for url : http://localhost:8080/xxl-job-admin/api/callback, content=null]
2026-07-12 22:22:51 [com.xxl.job.core.thread.TriggerCallbackThread#callbackLog]-[197]-[Thread-71] <br>----------- xxl-job job callback fail, callbackResult:ReturnT [code=500, msg=xxl-rpc remoting fail, StatusCode(404) invalid. for url : http://localhost:8080/xxl-job-admin/api/callback, content=null]
2026-07-12 22:23:21 [com.xxl.job.core.thread.TriggerCallbackThread#callbackLog]-[197]-[Thread-71] <br>----------- xxl-job job callback fail, callbackResult:ReturnT [code=500, msg=xxl-rpc remoting fail, StatusCode(404) invalid. for url : http://localhost:8080/xxl-job-admin/api/callback, content=null]
2026-07-12 22:23:51 [com.xxl.job.core.thread.TriggerCallbackThread#callbackLog]-[197]-[Thread-71] <br>----------- xxl-job job callback fail, callbackResult:ReturnT [code=500, msg=xxl-rpc remoting fail, StatusCode(404) invalid. for url : http://localhost:8080/xxl-job-admin/api/callback, content=null]
2026-07-12 22:24:21 [com.xxl.job.core.thread.TriggerCallbackThread#callbackLog]-[197]-[Thread-71] <br>----------- xxl-job job callback fail, callbackResult:ReturnT [code=500, msg=xxl-rpc remoting fail, StatusCode(404) invalid. for url : http://localhost:8080/xxl-job-admin/api/callback, content=null]
2026-07-12 22:24:51 [com.xxl.job.core.thread.TriggerCallbackThread#callbackLog]-[197]-[Thread-71] <br>----------- xxl-job job callback fail, callbackResult:ReturnT [code=500, msg=xxl-rpc remoting fail, StatusCode(404) invalid. for url : http://localhost:8080/xxl-job-admin/api/callback, content=null]
2026-07-12 22:25:21 [com.xxl.job.core.thread.TriggerCallbackThread#callbackLog]-[197]-[Thread-71] <br>----------- xxl-job job callback fail, callbackResult:ReturnT [code=500, msg=xxl-rpc remoting fail, StatusCode(404) invalid. for url : http://localhost:8080/xxl-job-admin/api/callback, content=null]
2026-07-12 22:25:51 [com.xxl.job.core.thread.TriggerCallbackThread#callbackLog]-[197]-[Thread-71] <br>----------- xxl-job job callback fail, callbackResult:ReturnT [code=500, msg=xxl-rpc remoting fail, StatusCode(404) invalid. for url : http://localhost:8080/xxl-job-admin/api/callback, content=null]
2026-07-12 22:26:21 [com.xxl.job.core.thread.TriggerCallbackThread#callbackLog]-[197]-[Thread-71] <br>----------- xxl-job job callback fail, callbackResult:ReturnT [code=500, msg=xxl-rpc remoting fail, StatusCode(404) invalid. for url : http://localhost:8080/xxl-job-admin/api/callback, content=null]
2026-07-12 22:26:51 [com.xxl.job.core.thread.TriggerCallbackThread#callbackLog]-[197]-[Thread-71] <br>----------- xxl-job job callback fail, callbackResult:ReturnT [code=500, msg=xxl-rpc remoting fail, StatusCode(404) invalid. for url : http://localhost:8080/xxl-job-admin/api/callback, content=null]
2026-07-12 22:27:21 [com.xxl.job.core.thread.TriggerCallbackThread#callbackLog]-[197]-[Thread-71] <br>----------- xxl-job job callback fail, callbackResult:ReturnT [code=500, msg=xxl-rpc remoting fail, StatusCode(404) invalid. for url : http://localhost:8080/xxl-job-admin/api/callback, content=null]
2026-07-12 22:27:51 [com.xxl.job.core.thread.TriggerCallbackThread#callbackLog]-[197]-[Thread-71] <br>----------- xxl-job job callback fail, callbackResult:ReturnT [code=500, msg=xxl-rpc remoting fail, StatusCode(404) invalid. for url : http://localhost:8080/xxl-job-admin/api/callback, content=null]
2026-07-12 22:28:21 [com.xxl.job.core.thread.TriggerCallbackThread#callbackLog]-[197]-[Thread-71] <br>----------- xxl-job job callback fail, callbackResult:ReturnT [code=500, msg=xxl-rpc remoting fail, StatusCode(404) invalid. for url : http://localhost:8080/xxl-job-admin/api/callback, content=null]
2026-07-12 22:28:51 [com.xxl.job.core.thread.TriggerCallbackThread#callbackLog]-[197]-[Thread-71] <br>----------- xxl-job job callback fail, callbackResult:ReturnT [code=500, msg=xxl-rpc remoting fail, StatusCode(404) invalid. for url : http://localhost:8080/xxl-job-admin/api/callback, content=null]
2026-07-12 22:29:21 [com.xxl.job.core.thread.TriggerCallbackThread#callbackLog]-[197]-[Thread-71] <br>----------- xxl-job job callback fail, callbackResult:ReturnT [code=500, msg=xxl-rpc remoting fail, StatusCode(404) invalid. for url : http://localhost:8080/xxl-job-admin/api/callback, content=null]
2026-07-12 22:29:51 [com.xxl.job.core.thread.TriggerCallbackThread#callbackLog]-[197]-[Thread-71] <br>----------- xxl-job job callback fail, callbackResult:ReturnT [code=500, msg=xxl-rpc remoting fail, StatusCode(404) invalid. for url : http://localhost:8080/xxl-job-admin/api/callback, content=null]
2026-07-12 22:30:21 [com.xxl.job.core.thread.TriggerCallbackThread#callbackLog]-[197]-[Thread-71] <br>----------- xxl-job job callback fail, callbackResult:ReturnT [code=500, msg=xxl-rpc remoting fail, StatusCode(404) invalid. for url : http://localhost:8080/xxl-job-admin/api/callback, content=null]
2026-07-12 22:30:51 [com.xxl.job.core.thread.TriggerCallbackThread#callbackLog]-[197]-[Thread-71] <br>----------- xxl-job job callback fail, callbackResult:ReturnT [code=500, msg=xxl-rpc remoting fail, StatusCode(404) invalid. for url : http://localhost:8080/xxl-job-admin/api/callback, content=null]
2026-07-12 22:32:19 [com.xxl.job.core.thread.TriggerCallbackThread#callbackLog]-[197]-[Thread-73] <br>----------- xxl-job job callback fail, callbackResult:ReturnT [code=500, msg=xxl-rpc remoting fail, StatusCode(404) invalid. for url : http://localhost:8080/xxl-job-admin/api/callback, content=null]
2026-07-12 22:32:49 [com.xxl.job.core.thread.TriggerCallbackThread#callbackLog]-[197]-[Thread-73] <br>----------- xxl-job job callback fail, callbackResult:ReturnT [code=500, msg=xxl-rpc remoting fail, StatusCode(404) invalid. for url : http://localhost:8080/xxl-job-admin/api/callback, content=null]
2026-07-12 22:33:19 [com.xxl.job.core.thread.TriggerCallbackThread#callbackLog]-[197]-[Thread-73] <br>----------- xxl-job job callback fail, callbackResult:ReturnT [code=500, msg=xxl-rpc remoting fail, StatusCode(404) invalid. for url : http://localhost:8080/xxl-job-admin/api/callback, content=null]
2026-07-12 22:33:49 [com.xxl.job.core.thread.TriggerCallbackThread#callbackLog]-[197]-[Thread-73] <br>----------- xxl-job job callback fail, callbackResult:ReturnT [code=500, msg=xxl-rpc remoting fail, StatusCode(404) invalid. for url : http://localhost:8080/xxl-job-admin/api/callback, content=null]
2026-07-12 22:34:19 [com.xxl.job.core.thread.TriggerCallbackThread#callbackLog]-[197]-[Thread-73] <br>----------- xxl-job job callback fail, callbackResult:ReturnT [code=500, msg=xxl-rpc remoting fail, StatusCode(404) invalid. for url : http://localhost:8080/xxl-job-admin/api/callback, content=null]
2026-07-12 22:34:49 [com.xxl.job.core.thread.TriggerCallbackThread#callbackLog]-[197]-[Thread-73] <br>----------- xxl-job job callback fail, callbackResult:ReturnT [code=500, msg=xxl-rpc remoting fail, StatusCode(404) invalid. for url : http://localhost:8080/xxl-job-admin/api/callback, content=null]
2026-07-12 22:35:19 [com.xxl.job.core.thread.TriggerCallbackThread#callbackLog]-[197]-[Thread-73] <br>----------- xxl-job job callback fail, callbackResult:ReturnT [code=500, msg=xxl-rpc remoting fail, StatusCode(404) invalid. for url : http://localhost:8080/xxl-job-admin/api/callback, content=null]
2026-07-12 22:35:49 [com.xxl.job.core.thread.TriggerCallbackThread#callbackLog]-[197]-[Thread-73] <br>----------- xxl-job job callback fail, callbackResult:ReturnT [code=500, msg=xxl-rpc remoting fail, StatusCode(404) invalid. for url : http://localhost:8080/xxl-job-admin/api/callback, content=null]
2026-07-12 22:36:19 [com.xxl.job.core.thread.TriggerCallbackThread#callbackLog]-[197]-[Thread-73] <br>----------- xxl-job job callback fail, callbackResult:ReturnT [code=500, msg=xxl-rpc remoting fail, StatusCode(404) invalid. for url : http://localhost:8080/xxl-job-admin/api/callback, content=null]
2026-07-12 22:36:49 [com.xxl.job.core.thread.TriggerCallbackThread#callbackLog]-[197]-[Thread-73] <br>----------- xxl-job job callback fail, callbackResult:ReturnT [code=500, msg=xxl-rpc remoting fail, StatusCode(404) invalid. for url : http://localhost:8080/xxl-job-admin/api/callback, content=null]
2026-07-12 22:37:19 [com.xxl.job.core.thread.TriggerCallbackThread#callbackLog]-[197]-[Thread-73] <br>----------- xxl-job job callback fail, callbackResult:ReturnT [code=500, msg=xxl-rpc remoting fail, StatusCode(404) invalid. for url : http://localhost:8080/xxl-job-admin/api/callback, content=null]
2026-07-12 22:37:49 [com.xxl.job.core.thread.TriggerCallbackThread#callbackLog]-[197]-[Thread-73] <br>----------- xxl-job job callback fail, callbackResult:ReturnT [code=500, msg=xxl-rpc remoting fail, StatusCode(404) invalid. for url : http://localhost:8080/xxl-job-admin/api/callback, content=null]
2026-07-12 22:38:19 [com.xxl.job.core.thread.TriggerCallbackThread#callbackLog]-[197]-[Thread-73] <br>----------- xxl-job job callback fail, callbackResult:ReturnT [code=500, msg=xxl-rpc remoting fail, StatusCode(404) invalid. for url : http://localhost:8080/xxl-job-admin/api/callback, content=null]
2026-07-12 22:38:49 [com.xxl.job.core.thread.TriggerCallbackThread#callbackLog]-[197]-[Thread-73] <br>----------- xxl-job job callback fail, callbackResult:ReturnT [code=500, msg=xxl-rpc remoting fail, StatusCode(404) invalid. for url : http://localhost:8080/xxl-job-admin/api/callback, content=null]
2026-07-12 22:39:19 [com.xxl.job.core.thread.TriggerCallbackThread#callbackLog]-[197]-[Thread-73] <br>----------- xxl-job job callback fail, callbackResult:ReturnT [code=500, msg=xxl-rpc remoting fail, StatusCode(404) invalid. for url : http://localhost:8080/xxl-job-admin/api/callback, content=null]
2026-07-12 22:39:49 [com.xxl.job.core.thread.TriggerCallbackThread#callbackLog]-[197]-[Thread-73] <br>----------- xxl-job job callback fail, callbackResult:ReturnT [code=500, msg=xxl-rpc remoting fail, StatusCode(404) invalid. for url : http://localhost:8080/xxl-job-admin/api/callback, content=null]
2026-07-12 22:40:19 [com.xxl.job.core.thread.TriggerCallbackThread#callbackLog]-[197]-[Thread-73] <br>----------- xxl-job job callback fail, callbackResult:ReturnT [code=500, msg=xxl-rpc remoting fail, StatusCode(404) invalid. for url : http://localhost:8080/xxl-job-admin/api/callback, content=null]
2026-07-12 22:40:49 [com.xxl.job.core.thread.TriggerCallbackThread#callbackLog]-[197]-[Thread-73] <br>----------- xxl-job job callback fail, callbackResult:ReturnT [code=500, msg=xxl-rpc remoting fail, StatusCode(404) invalid. for url : http://localhost:8080/xxl-job-admin/api/callback, content=null]
2026-07-12 22:41:19 [com.xxl.job.core.thread.TriggerCallbackThread#callbackLog]-[197]-[Thread-73] <br>----------- xxl-job job callback fail, callbackResult:ReturnT [code=500, msg=xxl-rpc remoting fail, StatusCode(404) invalid. for url : http://localhost:8080/xxl-job-admin/api/callback, content=null]
2026-07-12 22:41:49 [com.xxl.job.core.thread.TriggerCallbackThread#callbackLog]-[197]-[Thread-73] <br>----------- xxl-job job callback fail, callbackResult:ReturnT [code=500, msg=xxl-rpc remoting fail, StatusCode(404) invalid. for url : http://localhost:8080/xxl-job-admin/api/callback, content=null]
2026-07-12 22:42:19 [com.xxl.job.core.thread.TriggerCallbackThread#callbackLog]-[197]-[Thread-73] <br>----------- xxl-job job callback fail, callbackResult:ReturnT [code=500, msg=xxl-rpc remoting fail, StatusCode(404) invalid. for url : http://localhost:8080/xxl-job-admin/api/callback, content=null]
2026-07-12 22:42:49 [com.xxl.job.core.thread.TriggerCallbackThread#callbackLog]-[197]-[Thread-73] <br>----------- xxl-job job callback fail, callbackResult:ReturnT [code=500, msg=xxl-rpc remoting fail, StatusCode(404) invalid. for url : http://localhost:8080/xxl-job-admin/api/callback, content=null]
2026-07-12 22:43:19 [com.xxl.job.core.thread.TriggerCallbackThread#callbackLog]-[197]-[Thread-73] <br>----------- xxl-job job callback fail, callbackResult:ReturnT [code=500, msg=xxl-rpc remoting fail, StatusCode(404) invalid. for url : http://localhost:8080/xxl-job-admin/api/callback, content=null]
2026-07-12 22:43:49 [com.xxl.job.core.thread.TriggerCallbackThread#callbackLog]-[197]-[Thread-73] <br>----------- xxl-job job callback fail, callbackResult:ReturnT [code=500, msg=xxl-rpc remoting fail, StatusCode(404) invalid. for url : http://localhost:8080/xxl-job-admin/api/callback, content=null]
2026-07-12 22:44:19 [com.xxl.job.core.thread.TriggerCallbackThread#callbackLog]-[197]-[Thread-73] <br>----------- xxl-job job callback fail, callbackResult:ReturnT [code=500, msg=xxl-rpc remoting fail, StatusCode(404) invalid. for url : http://localhost:8080/xxl-job-admin/api/callback, content=null]
2026-07-12 22:44:49 [com.xxl.job.core.thread.TriggerCallbackThread#callbackLog]-[197]-[Thread-73] <br>----------- xxl-job job callback fail, callbackResult:ReturnT [code=500, msg=xxl-rpc remoting fail, StatusCode(404) invalid. for url : http://localhost:8080/xxl-job-admin/api/callback, content=null]
2026-07-12 22:45:19 [com.xxl.job.core.thread.TriggerCallbackThread#callbackLog]-[197]-[Thread-73] <br>----------- xxl-job job callback fail, callbackResult:ReturnT [code=500, msg=xxl-rpc remoting fail, StatusCode(404) invalid. for url : http://localhost:8080/xxl-job-admin/api/callback, content=null]
2026-07-12 22:45:49 [com.xxl.job.core.thread.TriggerCallbackThread#callbackLog]-[197]-[Thread-73] <br>----------- xxl-job job callback fail, callbackResult:ReturnT [code=500, msg=xxl-rpc remoting fail, StatusCode(404) invalid. for url : http://localhost:8080/xxl-job-admin/api/callback, content=null]
2026-07-12 22:46:19 [com.xxl.job.core.thread.TriggerCallbackThread#callbackLog]-[197]-[Thread-73] <br>----------- xxl-job job callback fail, callbackResult:ReturnT [code=500, msg=xxl-rpc remoting fail, StatusCode(404) invalid. for url : http://localhost:8080/xxl-job-admin/api/callback, content=null]
2026-07-12 22:46:49 [com.xxl.job.core.thread.TriggerCallbackThread#callbackLog]-[197]-[Thread-73] <br>----------- xxl-job job callback fail, callbackResult:ReturnT [code=500, msg=xxl-rpc remoting fail, StatusCode(404) invalid. for url : http://localhost:8080/xxl-job-admin/api/callback, content=null]
2026-07-12 22:47:20 [com.xxl.job.core.thread.TriggerCallbackThread#callbackLog]-[197]-[Thread-73] <br>----------- xxl-job job callback fail, callbackResult:ReturnT [code=500, msg=xxl-rpc remoting fail, StatusCode(404) invalid. for url : http://localhost:8080/xxl-job-admin/api/callback, content=null]
2026-07-12 22:47:50 [com.xxl.job.core.thread.TriggerCallbackThread#callbackLog]-[197]-[Thread-73] <br>----------- xxl-job job callback fail, callbackResult:ReturnT [code=500, msg=xxl-rpc remoting fail, StatusCode(404) invalid. for url : http://localhost:8080/xxl-job-admin/api/callback, content=null]
2026-07-12 22:48:20 [com.xxl.job.core.thread.TriggerCallbackThread#callbackLog]-[197]-[Thread-73] <br>----------- xxl-job job callback fail, callbackResult:ReturnT [code=500, msg=xxl-rpc remoting fail, StatusCode(404) invalid. for url : http://localhost:8080/xxl-job-admin/api/callback, content=null]
2026-07-12 22:48:50 [com.xxl.job.core.thread.TriggerCallbackThread#callbackLog]-[197]-[Thread-73] <br>----------- xxl-job job callback fail, callbackResult:ReturnT [code=500, msg=xxl-rpc remoting fail, StatusCode(404) invalid. for url : http://localhost:8080/xxl-job-admin/api/callback, content=null]
2026-07-12 22:49:20 [com.xxl.job.core.thread.TriggerCallbackThread#callbackLog]-[197]-[Thread-73] <br>----------- xxl-job job callback fail, callbackResult:ReturnT [code=500, msg=xxl-rpc remoting fail, StatusCode(404) invalid. for url : http://localhost:8080/xxl-job-admin/api/callback, content=null]
2026-07-12 22:49:50 [com.xxl.job.core.thread.TriggerCallbackThread#callbackLog]-[197]-[Thread-73] <br>----------- xxl-job job callback fail, callbackResult:ReturnT [code=500, msg=xxl-rpc remoting fail, StatusCode(404) invalid. for url : http://localhost:8080/xxl-job-admin/api/callback, content=null]
2026-07-12 22:50:20 [com.xxl.job.core.thread.TriggerCallbackThread#callbackLog]-[197]-[Thread-73] <br>----------- xxl-job job callback fail, callbackResult:ReturnT [code=500, msg=xxl-rpc remoting fail, StatusCode(404) invalid. for url : http://localhost:8080/xxl-job-admin/api/callback, content=null]
2026-07-12 22:50:50 [com.xxl.job.core.thread.TriggerCallbackThread#callbackLog]-[197]-[Thread-73] <br>----------- xxl-job job callback fail, callbackResult:ReturnT [code=500, msg=xxl-rpc remoting fail, StatusCode(404) invalid. for url : http://localhost:8080/xxl-job-admin/api/callback, content=null]
2026-07-12 22:51:20 [com.xxl.job.core.thread.TriggerCallbackThread#callbackLog]-[197]-[Thread-73] <br>----------- xxl-job job callback fail, callbackResult:ReturnT [code=500, msg=xxl-rpc remoting fail, StatusCode(404) invalid. for url : http://localhost:8080/xxl-job-admin/api/callback, content=null]
2026-07-12 22:52:34 [com.xxl.job.core.thread.TriggerCallbackThread#callbackLog]-[197]-[Thread-71] <br>----------- xxl-job job callback fail, callbackResult:ReturnT [code=500, msg=xxl-rpc remoting fail, StatusCode(404) invalid. for url : http://localhost:8080/xxl-job-admin/api/callback, content=null]
2026-07-12 22:53:04 [com.xxl.job.core.thread.TriggerCallbackThread#callbackLog]-[197]-[Thread-71] <br>----------- xxl-job job callback fail, callbackResult:ReturnT [code=500, msg=xxl-rpc remoting fail, StatusCode(404) invalid. for url : http://localhost:8080/xxl-job-admin/api/callback, content=null]
2026-07-12 22:53:34 [com.xxl.job.core.thread.TriggerCallbackThread#callbackLog]-[197]-[Thread-71] <br>----------- xxl-job job callback fail, callbackResult:ReturnT [code=500, msg=xxl-rpc remoting fail, StatusCode(404) invalid. for url : http://localhost:8080/xxl-job-admin/api/callback, content=null]
2026-07-12 22:54:04 [com.xxl.job.core.thread.TriggerCallbackThread#callbackLog]-[197]-[Thread-71] <br>----------- xxl-job job callback fail, callbackResult:ReturnT [code=500, msg=xxl-rpc remoting fail, StatusCode(404) invalid. for url : http://localhost:8080/xxl-job-admin/api/callback, content=null]
2026-07-12 22:54:34 [com.xxl.job.core.thread.TriggerCallbackThread#callbackLog]-[197]-[Thread-71] <br>----------- xxl-job job callback fail, callbackResult:ReturnT [code=500, msg=xxl-rpc remoting fail, StatusCode(404) invalid. for url : http://localhost:8080/xxl-job-admin/api/callback, content=null]
2026-07-12 22:55:04 [com.xxl.job.core.thread.TriggerCallbackThread#callbackLog]-[197]-[Thread-71] <br>----------- xxl-job job callback fail, callbackResult:ReturnT [code=500, msg=xxl-rpc remoting fail, StatusCode(404) invalid. for url : http://localhost:8080/xxl-job-admin/api/callback, content=null]
2026-07-12 22:55:34 [com.xxl.job.core.thread.TriggerCallbackThread#callbackLog]-[197]-[Thread-71] <br>----------- xxl-job job callback fail, callbackResult:ReturnT [code=500, msg=xxl-rpc remoting fail, StatusCode(404) invalid. for url : http://localhost:8080/xxl-job-admin/api/callback, content=null]
2026-07-12 22:56:04 [com.xxl.job.core.thread.TriggerCallbackThread#callbackLog]-[197]-[Thread-71] <br>----------- xxl-job job callback fail, callbackResult:ReturnT [code=500, msg=xxl-rpc remoting fail, StatusCode(404) invalid. for url : http://localhost:8080/xxl-job-admin/api/callback, content=null]
2026-07-12 22:56:34 [com.xxl.job.core.thread.TriggerCallbackThread#callbackLog]-[197]-[Thread-71] <br>----------- xxl-job job callback fail, callbackResult:ReturnT [code=500, msg=xxl-rpc remoting fail, StatusCode(404) invalid. for url : http://localhost:8080/xxl-job-admin/api/callback, content=null]
2026-07-12 22:57:04 [com.xxl.job.core.thread.TriggerCallbackThread#callbackLog]-[197]-[Thread-71] <br>----------- xxl-job job callback fail, callbackResult:ReturnT [code=500, msg=xxl-rpc remoting fail, StatusCode(404) invalid. for url : http://localhost:8080/xxl-job-admin/api/callback, content=null]
2026-07-12 22:57:34 [com.xxl.job.core.thread.TriggerCallbackThread#callbackLog]-[197]-[Thread-71] <br>----------- xxl-job job callback fail, callbackResult:ReturnT [code=500, msg=xxl-rpc remoting fail, StatusCode(404) invalid. for url : http://localhost:8080/xxl-job-admin/api/callback, content=null]
2026-07-12 22:58:04 [com.xxl.job.core.thread.TriggerCallbackThread#callbackLog]-[197]-[Thread-71] <br>----------- xxl-job job callback fail, callbackResult:ReturnT [code=500, msg=xxl-rpc remoting fail, StatusCode(404) invalid. for url : http://localhost:8080/xxl-job-admin/api/callback, content=null]
2026-07-12 22:58:34 [com.xxl.job.core.thread.TriggerCallbackThread#callbackLog]-[197]-[Thread-71] <br>----------- xxl-job job callback fail, callbackResult:ReturnT [code=500, msg=xxl-rpc remoting fail, StatusCode(404) invalid. for url : http://localhost:8080/xxl-job-admin/api/callback, content=null]
2026-07-12 22:59:04 [com.xxl.job.core.thread.TriggerCallbackThread#callbackLog]-[197]-[Thread-71] <br>----------- xxl-job job callback fail, callbackResult:ReturnT [code=500, msg=xxl-rpc remoting fail, StatusCode(404) invalid. for url : http://localhost:8080/xxl-job-admin/api/callback, content=null]
2026-07-12 22:59:34 [com.xxl.job.core.thread.TriggerCallbackThread#callbackLog]-[197]-[Thread-71] <br>----------- xxl-job job callback fail, callbackResult:ReturnT [code=500, msg=xxl-rpc remoting fail, StatusCode(404) invalid. for url : http://localhost:8080/xxl-job-admin/api/callback, content=null]
2026-07-12 23:00:04 [com.xxl.job.core.thread.TriggerCallbackThread#callbackLog]-[197]-[Thread-71] <br>----------- xxl-job job callback fail, callbackResult:ReturnT [code=500, msg=xxl-rpc remoting fail, StatusCode(404) invalid. for url : http://localhost:8080/xxl-job-admin/api/callback, content=null]
2026-07-12 23:00:34 [com.xxl.job.core.thread.TriggerCallbackThread#callbackLog]-[197]-[Thread-71] <br>----------- xxl-job job callback fail, callbackResult:ReturnT [code=500, msg=xxl-rpc remoting fail, StatusCode(404) invalid. for url : http://localhost:8080/xxl-job-admin/api/callback, content=null]
2026-07-12 23:01:04 [com.xxl.job.core.thread.TriggerCallbackThread#callbackLog]-[197]-[Thread-71] <br>----------- xxl-job job callback fail, callbackResult:ReturnT [code=500, msg=xxl-rpc remoting fail, StatusCode(404) invalid. for url : http://localhost:8080/xxl-job-admin/api/callback, content=null]
2026-07-12 23:01:34 [com.xxl.job.core.thread.TriggerCallbackThread#callbackLog]-[197]-[Thread-71] <br>----------- xxl-job job callback fail, callbackResult:ReturnT [code=500, msg=xxl-rpc remoting fail, StatusCode(404) invalid. for url : http://localhost:8080/xxl-job-admin/api/callback, content=null]
2026-07-12 23:02:04 [com.xxl.job.core.thread.TriggerCallbackThread#callbackLog]-[197]-[Thread-71] <br>----------- xxl-job job callback fail, callbackResult:ReturnT [code=500, msg=xxl-rpc remoting fail, StatusCode(404) invalid. for url : http://localhost:8080/xxl-job-admin/api/callback, content=null]
2026-07-12 23:02:34 [com.xxl.job.core.thread.TriggerCallbackThread#callbackLog]-[197]-[Thread-71] <br>----------- xxl-job job callback fail, callbackResult:ReturnT [code=500, msg=xxl-rpc remoting fail, StatusCode(404) invalid. for url : http://localhost:8080/xxl-job-admin/api/callback, content=null]
2026-07-12 23:03:04 [com.xxl.job.core.thread.TriggerCallbackThread#callbackLog]-[197]-[Thread-71] <br>----------- xxl-job job callback fail, callbackResult:ReturnT [code=500, msg=xxl-rpc remoting fail, StatusCode(404) invalid. for url : http://localhost:8080/xxl-job-admin/api/callback, content=null]
2026-07-12 23:03:34 [com.xxl.job.core.thread.TriggerCallbackThread#callbackLog]-[197]-[Thread-71] <br>----------- xxl-job job callback fail, callbackResult:ReturnT [code=500, msg=xxl-rpc remoting fail, StatusCode(404) invalid. for url : http://localhost:8080/xxl-job-admin/api/callback, content=null]
2026-07-12 23:04:04 [com.xxl.job.core.thread.TriggerCallbackThread#callbackLog]-[197]-[Thread-71] <br>----------- xxl-job job callback fail, callbackResult:ReturnT [code=500, msg=xxl-rpc remoting fail, StatusCode(404) invalid. for url : http://localhost:8080/xxl-job-admin/api/callback, content=null]
2026-07-12 23:04:34 [com.xxl.job.core.thread.TriggerCallbackThread#callbackLog]-[197]-[Thread-71] <br>----------- xxl-job job callback fail, callbackResult:ReturnT [code=500, msg=xxl-rpc remoting fail, StatusCode(404) invalid. for url : http://localhost:8080/xxl-job-admin/api/callback, content=null]
2026-07-12 23:05:04 [com.xxl.job.core.thread.TriggerCallbackThread#callbackLog]-[197]-[Thread-71] <br>----------- xxl-job job callback fail, callbackResult:ReturnT [code=500, msg=xxl-rpc remoting fail, StatusCode(404) invalid. for url : http://localhost:8080/xxl-job-admin/api/callback, content=null]
2026-07-12 23:05:34 [com.xxl.job.core.thread.TriggerCallbackThread#callbackLog]-[197]-[Thread-71] <br>----------- xxl-job job callback fail, callbackResult:ReturnT [code=500, msg=xxl-rpc remoting fail, StatusCode(404) invalid. for url : http://localhost:8080/xxl-job-admin/api/callback, content=null]
2026-07-12 23:06:04 [com.xxl.job.core.thread.TriggerCallbackThread#callbackLog]-[197]-[Thread-71] <br>----------- xxl-job job callback fail, callbackResult:ReturnT [code=500, msg=xxl-rpc remoting fail, StatusCode(404) invalid. for url : http://localhost:8080/xxl-job-admin/api/callback, content=null]
2026-07-12 23:06:34 [com.xxl.job.core.thread.TriggerCallbackThread#callbackLog]-[197]-[Thread-71] <br>----------- xxl-job job callback fail, callbackResult:ReturnT [code=500, msg=xxl-rpc remoting fail, StatusCode(404) invalid. for url : http://localhost:8080/xxl-job-admin/api/callback, content=null]
2026-07-12 23:07:04 [com.xxl.job.core.thread.TriggerCallbackThread#callbackLog]-[197]-[Thread-71] <br>----------- xxl-job job callback fail, callbackResult:ReturnT [code=500, msg=xxl-rpc remoting fail, StatusCode(404) invalid. for url : http://localhost:8080/xxl-job-admin/api/callback, content=null]
2026-07-12 23:07:34 [com.xxl.job.core.thread.TriggerCallbackThread#callbackLog]-[197]-[Thread-71] <br>----------- xxl-job job callback fail, callbackResult:ReturnT [code=500, msg=xxl-rpc remoting fail, StatusCode(404) invalid. for url : http://localhost:8080/xxl-job-admin/api/callback, content=null]
2026-07-12 23:08:04 [com.xxl.job.core.thread.TriggerCallbackThread#callbackLog]-[197]-[Thread-71] <br>----------- xxl-job job callback fail, callbackResult:ReturnT [code=500, msg=xxl-rpc remoting fail, StatusCode(404) invalid. for url : http://localhost:8080/xxl-job-admin/api/callback, content=null]
2026-07-12 23:08:34 [com.xxl.job.core.thread.TriggerCallbackThread#callbackLog]-[197]-[Thread-71] <br>----------- xxl-job job callback fail, callbackResult:ReturnT [code=500, msg=xxl-rpc remoting fail, StatusCode(404) invalid. for url : http://localhost:8080/xxl-job-admin/api/callback, content=null]
2026-07-12 23:09:04 [com.xxl.job.core.thread.TriggerCallbackThread#callbackLog]-[197]-[Thread-71] <br>----------- xxl-job job callback fail, callbackResult:ReturnT [code=500, msg=xxl-rpc remoting fail, StatusCode(404) invalid. for url : http://localhost:8080/xxl-job-admin/api/callback, content=null]
2026-07-12 23:09:34 [com.xxl.job.core.thread.TriggerCallbackThread#callbackLog]-[197]-[Thread-71] <br>----------- xxl-job job callback fail, callbackResult:ReturnT [code=500, msg=xxl-rpc remoting fail, StatusCode(404) invalid. for url : http://localhost:8080/xxl-job-admin/api/callback, content=null]
2026-07-12 23:10:04 [com.xxl.job.core.thread.TriggerCallbackThread#callbackLog]-[197]-[Thread-71] <br>----------- xxl-job job callback fail, callbackResult:ReturnT [code=500, msg=xxl-rpc remoting fail, StatusCode(404) invalid. for url : http://localhost:8080/xxl-job-admin/api/callback, content=null]
2026-07-12 23:10:34 [com.xxl.job.core.thread.TriggerCallbackThread#callbackLog]-[197]-[Thread-71] <br>----------- xxl-job job callback fail, callbackResult:ReturnT [code=500, msg=xxl-rpc remoting fail, StatusCode(404) invalid. for url : http://localhost:8080/xxl-job-admin/api/callback, content=null]
2026-07-12 23:11:04 [com.xxl.job.core.thread.TriggerCallbackThread#callbackLog]-[197]-[Thread-71] <br>----------- xxl-job job callback fail, callbackResult:ReturnT [code=500, msg=xxl-rpc remoting fail, StatusCode(404) invalid. for url : http://localhost:8080/xxl-job-admin/api/callback, content=null]
2026-07-12 23:11:34 [com.xxl.job.core.thread.TriggerCallbackThread#callbackLog]-[197]-[Thread-71] <br>----------- xxl-job job callback fail, callbackResult:ReturnT [code=500, msg=xxl-rpc remoting fail, StatusCode(404) invalid. for url : http://localhost:8080/xxl-job-admin/api/callback, content=null]
2026-07-12 23:12:04 [com.xxl.job.core.thread.TriggerCallbackThread#callbackLog]-[197]-[Thread-71] <br>----------- xxl-job job callback fail, callbackResult:ReturnT [code=500, msg=xxl-rpc remoting fail, StatusCode(404) invalid. for url : http://localhost:8080/xxl-job-admin/api/callback, content=null]
2026-07-12 23:12:34 [com.xxl.job.core.thread.TriggerCallbackThread#callbackLog]-[197]-[Thread-71] <br>----------- xxl-job job callback fail, callbackResult:ReturnT [code=500, msg=xxl-rpc remoting fail, StatusCode(404) invalid. for url : http://localhost:8080/xxl-job-admin/api/callback, content=null]
2026-07-12 23:13:04 [com.xxl.job.core.thread.TriggerCallbackThread#callbackLog]-[197]-[Thread-71] <br>----------- xxl-job job callback fail, callbackResult:ReturnT [code=500, msg=xxl-rpc remoting fail, StatusCode(404) invalid. for url : http://localhost:8080/xxl-job-admin/api/callback, content=null]
2026-07-12 23:13:34 [com.xxl.job.core.thread.TriggerCallbackThread#callbackLog]-[197]-[Thread-71] <br>----------- xxl-job job callback fail, callbackResult:ReturnT [code=500, msg=xxl-rpc remoting fail, StatusCode(404) invalid. for url : http://localhost:8080/xxl-job-admin/api/callback, content=null]
2026-07-12 23:14:04 [com.xxl.job.core.thread.TriggerCallbackThread#callbackLog]-[197]-[Thread-71] <br>----------- xxl-job job callback fail, callbackResult:ReturnT [code=500, msg=xxl-rpc remoting fail, StatusCode(404) invalid. for url : http://localhost:8080/xxl-job-admin/api/callback, content=null]
2026-07-12 23:14:34 [com.xxl.job.core.thread.TriggerCallbackThread#callbackLog]-[197]-[Thread-71] <br>----------- xxl-job job callback fail, callbackResult:ReturnT [code=500, msg=xxl-rpc remoting fail, StatusCode(404) invalid. for url : http://localhost:8080/xxl-job-admin/api/callback, content=null]
2026-07-12 23:15:04 [com.xxl.job.core.thread.TriggerCallbackThread#callbackLog]-[197]-[Thread-71] <br>----------- xxl-job job callback fail, callbackResult:ReturnT [code=500, msg=xxl-rpc remoting fail, StatusCode(404) invalid. for url : http://localhost:8080/xxl-job-admin/api/callback, content=null]
2026-07-12 23:15:34 [com.xxl.job.core.thread.TriggerCallbackThread#callbackLog]-[197]-[Thread-71] <br>----------- xxl-job job callback fail, callbackResult:ReturnT [code=500, msg=xxl-rpc remoting fail, StatusCode(404) invalid. for url : http://localhost:8080/xxl-job-admin/api/callback, content=null]
2026-07-12 23:16:04 [com.xxl.job.core.thread.TriggerCallbackThread#callbackLog]-[197]-[Thread-71] <br>----------- xxl-job job callback fail, callbackResult:ReturnT [code=500, msg=xxl-rpc remoting fail, StatusCode(404) invalid. for url : http://localhost:8080/xxl-job-admin/api/callback, content=null]
2026-07-12 23:16:35 [com.xxl.job.core.thread.TriggerCallbackThread#callbackLog]-[197]-[Thread-71] <br>----------- xxl-job job callback fail, callbackResult:ReturnT [code=500, msg=xxl-rpc remoting fail, StatusCode(404) invalid. for url : http://localhost:8080/xxl-job-admin/api/callback, content=null]
2026-07-12 23:17:05 [com.xxl.job.core.thread.TriggerCallbackThread#callbackLog]-[197]-[Thread-71] <br>----------- xxl-job job callback fail, callbackResult:ReturnT [code=500, msg=xxl-rpc remoting fail, StatusCode(404) invalid. for url : http://localhost:8080/xxl-job-admin/api/callback, content=null]
2026-07-12 23:17:35 [com.xxl.job.core.thread.TriggerCallbackThread#callbackLog]-[197]-[Thread-71] <br>----------- xxl-job job callback fail, callbackResult:ReturnT [code=500, msg=xxl-rpc remoting fail, StatusCode(404) invalid. for url : http://localhost:8080/xxl-job-admin/api/callback, content=null]
2026-07-12 23:18:05 [com.xxl.job.core.thread.TriggerCallbackThread#callbackLog]-[197]-[Thread-71] <br>----------- xxl-job job callback fail, callbackResult:ReturnT [code=500, msg=xxl-rpc remoting fail, StatusCode(404) invalid. for url : http://localhost:8080/xxl-job-admin/api/callback, content=null]
2026-07-12 23:18:35 [com.xxl.job.core.thread.TriggerCallbackThread#callbackLog]-[197]-[Thread-71] <br>----------- xxl-job job callback fail, callbackResult:ReturnT [code=500, msg=xxl-rpc remoting fail, StatusCode(404) invalid. for url : http://localhost:8080/xxl-job-admin/api/callback, content=null]
2026-07-12 23:19:05 [com.xxl.job.core.thread.TriggerCallbackThread#callbackLog]-[197]-[Thread-71] <br>----------- xxl-job job callback fail, callbackResult:ReturnT [code=500, msg=xxl-rpc remoting fail, StatusCode(404) invalid. for url : http://localhost:8080/xxl-job-admin/api/callback, content=null]
2026-07-12 23:19:35 [com.xxl.job.core.thread.TriggerCallbackThread#callbackLog]-[197]-[Thread-71] <br>----------- xxl-job job callback fail, callbackResult:ReturnT [code=500, msg=xxl-rpc remoting fail, StatusCode(404) invalid. for url : http://localhost:8080/xxl-job-admin/api/callback, content=null]
2026-07-12 23:20:05 [com.xxl.job.core.thread.TriggerCallbackThread#callbackLog]-[197]-[Thread-71] <br>----------- xxl-job job callback fail, callbackResult:ReturnT [code=500, msg=xxl-rpc remoting fail, StatusCode(404) invalid. for url : http://localhost:8080/xxl-job-admin/api/callback, content=null]
2026-07-12 23:20:35 [com.xxl.job.core.thread.TriggerCallbackThread#callbackLog]-[197]-[Thread-71] <br>----------- xxl-job job callback fail, callbackResult:ReturnT [code=500, msg=xxl-rpc remoting fail, StatusCode(404) invalid. for url : http://localhost:8080/xxl-job-admin/api/callback, content=null]
2026-07-12 23:21:05 [com.xxl.job.core.thread.TriggerCallbackThread#callbackLog]-[197]-[Thread-71] <br>----------- xxl-job job callback fail, callbackResult:ReturnT [code=500, msg=xxl-rpc remoting fail, StatusCode(404) invalid. for url : http://localhost:8080/xxl-job-admin/api/callback, content=null]
2026-07-12 23:21:35 [com.xxl.job.core.thread.TriggerCallbackThread#callbackLog]-[197]-[Thread-71] <br>----------- xxl-job job callback fail, callbackResult:ReturnT [code=500, msg=xxl-rpc remoting fail, StatusCode(404) invalid. for url : http://localhost:8080/xxl-job-admin/api/callback, content=null]
2026-07-12 23:22:05 [com.xxl.job.core.thread.TriggerCallbackThread#callbackLog]-[197]-[Thread-71] <br>----------- xxl-job job callback fail, callbackResult:ReturnT [code=500, msg=xxl-rpc remoting fail, StatusCode(404) invalid. for url : http://localhost:8080/xxl-job-admin/api/callback, content=null]
2026-07-12 23:22:35 [com.xxl.job.core.thread.TriggerCallbackThread#callbackLog]-[197]-[Thread-71] <br>----------- xxl-job job callback fail, callbackResult:ReturnT [code=500, msg=xxl-rpc remoting fail, StatusCode(404) invalid. for url : http://localhost:8080/xxl-job-admin/api/callback, content=null]
2026-07-12 23:23:05 [com.xxl.job.core.thread.TriggerCallbackThread#callbackLog]-[197]-[Thread-71] <br>----------- xxl-job job callback fail, callbackResult:ReturnT [code=500, msg=xxl-rpc remoting fail, StatusCode(404) invalid. for url : http://localhost:8080/xxl-job-admin/api/callback, content=null]
2026-07-12 23:23:35 [com.xxl.job.core.thread.TriggerCallbackThread#callbackLog]-[197]-[Thread-71] <br>----------- xxl-job job callback fail, callbackResult:ReturnT [code=500, msg=xxl-rpc remoting fail, StatusCode(404) invalid. for url : http://localhost:8080/xxl-job-admin/api/callback, content=null]
2026-07-12 23:24:05 [com.xxl.job.core.thread.TriggerCallbackThread#callbackLog]-[197]-[Thread-71] <br>----------- xxl-job job callback fail, callbackResult:ReturnT [code=500, msg=xxl-rpc remoting fail, StatusCode(404) invalid. for url : http://localhost:8080/xxl-job-admin/api/callback, content=null]
2026-07-12 23:24:35 [com.xxl.job.core.thread.TriggerCallbackThread#callbackLog]-[197]-[Thread-71] <br>----------- xxl-job job callback fail, callbackResult:ReturnT [code=500, msg=xxl-rpc remoting fail, StatusCode(404) invalid. for url : http://localhost:8080/xxl-job-admin/api/callback, content=null]
2026-07-12 23:25:05 [com.xxl.job.core.thread.TriggerCallbackThread#callbackLog]-[197]-[Thread-71] <br>----------- xxl-job job callback fail, callbackResult:ReturnT [code=500, msg=xxl-rpc remoting fail, StatusCode(404) invalid. for url : http://localhost:8080/xxl-job-admin/api/callback, content=null]
2026-07-12 23:25:35 [com.xxl.job.core.thread.TriggerCallbackThread#callbackLog]-[197]-[Thread-71] <br>----------- xxl-job job callback fail, callbackResult:ReturnT [code=500, msg=xxl-rpc remoting fail, StatusCode(404) invalid. for url : http://localhost:8080/xxl-job-admin/api/callback, content=null]
2026-07-12 23:26:05 [com.xxl.job.core.thread.TriggerCallbackThread#callbackLog]-[197]-[Thread-71] <br>----------- xxl-job job callback fail, callbackResult:ReturnT [code=500, msg=xxl-rpc remoting fail, StatusCode(404) invalid. for url : http://localhost:8080/xxl-job-admin/api/callback, content=null]
2026-07-12 23:26:35 [com.xxl.job.core.thread.TriggerCallbackThread#callbackLog]-[197]-[Thread-71] <br>----------- xxl-job job callback fail, callbackResult:ReturnT [code=500, msg=xxl-rpc remoting fail, StatusCode(404) invalid. for url : http://localhost:8080/xxl-job-admin/api/callback, content=null]
2026-07-12 23:27:05 [com.xxl.job.core.thread.TriggerCallbackThread#callbackLog]-[197]-[Thread-71] <br>----------- xxl-job job callback fail, callbackResult:ReturnT [code=500, msg=xxl-rpc remoting fail, StatusCode(404) invalid. for url : http://localhost:8080/xxl-job-admin/api/callback, content=null]
2026-07-12 23:27:35 [com.xxl.job.core.thread.TriggerCallbackThread#callbackLog]-[197]-[Thread-71] <br>----------- xxl-job job callback fail, callbackResult:ReturnT [code=500, msg=xxl-rpc remoting fail, StatusCode(404) invalid. for url : http://localhost:8080/xxl-job-admin/api/callback, content=null]
2026-07-12 23:28:05 [com.xxl.job.core.thread.TriggerCallbackThread#callbackLog]-[197]-[Thread-71] <br>----------- xxl-job job callback fail, callbackResult:ReturnT [code=500, msg=xxl-rpc remoting fail, StatusCode(404) invalid. for url : http://localhost:8080/xxl-job-admin/api/callback, content=null]
2026-07-12 23:28:35 [com.xxl.job.core.thread.TriggerCallbackThread#callbackLog]-[197]-[Thread-71] <br>----------- xxl-job job callback fail, callbackResult:ReturnT [code=500, msg=xxl-rpc remoting fail, StatusCode(404) invalid. for url : http://localhost:8080/xxl-job-admin/api/callback, content=null]
2026-07-12 23:29:05 [com.xxl.job.core.thread.TriggerCallbackThread#callbackLog]-[197]-[Thread-71] <br>----------- xxl-job job callback fail, callbackResult:ReturnT [code=500, msg=xxl-rpc remoting fail, StatusCode(404) invalid. for url : http://localhost:8080/xxl-job-admin/api/callback, content=null]
2026-07-12 23:29:35 [com.xxl.job.core.thread.TriggerCallbackThread#callbackLog]-[197]-[Thread-71] <br>----------- xxl-job job callback fail, callbackResult:ReturnT [code=500, msg=xxl-rpc remoting fail, StatusCode(404) invalid. for url : http://localhost:8080/xxl-job-admin/api/callback, content=null]
2026-07-12 23:30:05 [com.xxl.job.core.thread.TriggerCallbackThread#callbackLog]-[197]-[Thread-71] <br>----------- xxl-job job callback fail, callbackResult:ReturnT [code=500, msg=xxl-rpc remoting fail, StatusCode(404) invalid. for url : http://localhost:8080/xxl-job-admin/api/callback, content=null]
2026-07-12 23:30:35 [com.xxl.job.core.thread.TriggerCallbackThread#callbackLog]-[197]-[Thread-71] <br>----------- xxl-job job callback fail, callbackResult:ReturnT [code=500, msg=xxl-rpc remoting fail, StatusCode(404) invalid. for url : http://localhost:8080/xxl-job-admin/api/callback, content=null]
2026-07-12 23:31:05 [com.xxl.job.core.thread.TriggerCallbackThread#callbackLog]-[197]-[Thread-71] <br>----------- xxl-job job callback fail, callbackResult:ReturnT [code=500, msg=xxl-rpc remoting fail, StatusCode(404) invalid. for url : http://localhost:8080/xxl-job-admin/api/callback, content=null]
2026-07-12 23:31:35 [com.xxl.job.core.thread.TriggerCallbackThread#callbackLog]-[197]-[Thread-71] <br>----------- xxl-job job callback fail, callbackResult:ReturnT [code=500, msg=xxl-rpc remoting fail, StatusCode(404) invalid. for url : http://localhost:8080/xxl-job-admin/api/callback, content=null]
2026-07-12 23:32:05 [com.xxl.job.core.thread.TriggerCallbackThread#callbackLog]-[197]-[Thread-71] <br>----------- xxl-job job callback fail, callbackResult:ReturnT [code=500, msg=xxl-rpc remoting fail, StatusCode(404) invalid. for url : http://localhost:8080/xxl-job-admin/api/callback, content=null]
2026-07-12 23:32:35 [com.xxl.job.core.thread.TriggerCallbackThread#callbackLog]-[197]-[Thread-71] <br>----------- xxl-job job callback fail, callbackResult:ReturnT [code=500, msg=xxl-rpc remoting fail, StatusCode(404) invalid. for url : http://localhost:8080/xxl-job-admin/api/callback, content=null]
2026-07-12 23:33:41 [com.xxl.job.core.thread.TriggerCallbackThread#callbackLog]-[197]-[Thread-68] <br>----------- xxl-job job callback fail, callbackResult:ReturnT [code=500, msg=xxl-rpc remoting fail, StatusCode(404) invalid. for url : http://localhost:8080/xxl-job-admin/api/callback, content=null]
2026-07-12 23:34:11 [com.xxl.job.core.thread.TriggerCallbackThread#callbackLog]-[197]-[Thread-68] <br>----------- xxl-job job callback fail, callbackResult:ReturnT [code=500, msg=xxl-rpc remoting fail, StatusCode(404) invalid. for url : http://localhost:8080/xxl-job-admin/api/callback, content=null]
2026-07-12 23:34:41 [com.xxl.job.core.thread.TriggerCallbackThread#callbackLog]-[197]-[Thread-68] <br>----------- xxl-job job callback fail, callbackResult:ReturnT [code=500, msg=xxl-rpc remoting fail, StatusCode(404) invalid. for url : http://localhost:8080/xxl-job-admin/api/callback, content=null]
2026-07-12 23:35:11 [com.xxl.job.core.thread.TriggerCallbackThread#callbackLog]-[197]-[Thread-68] <br>----------- xxl-job job callback fail, callbackResult:ReturnT [code=500, msg=xxl-rpc remoting fail, StatusCode(404) invalid. for url : http://localhost:8080/xxl-job-admin/api/callback, content=null]
2026-07-12 23:35:41 [com.xxl.job.core.thread.TriggerCallbackThread#callbackLog]-[197]-[Thread-68] <br>----------- xxl-job job callback fail, callbackResult:ReturnT [code=500, msg=xxl-rpc remoting fail, StatusCode(404) invalid. for url : http://localhost:8080/xxl-job-admin/api/callback, content=null]
2026-07-12 23:36:11 [com.xxl.job.core.thread.TriggerCallbackThread#callbackLog]-[197]-[Thread-68] <br>----------- xxl-job job callback fail, callbackResult:ReturnT [code=500, msg=xxl-rpc remoting fail, StatusCode(404) invalid. for url : http://localhost:8080/xxl-job-admin/api/callback, content=null]
2026-07-12 23:36:41 [com.xxl.job.core.thread.TriggerCallbackThread#callbackLog]-[197]-[Thread-68] <br>----------- xxl-job job callback fail, callbackResult:ReturnT [code=500, msg=xxl-rpc remoting fail, StatusCode(404) invalid. for url : http://localhost:8080/xxl-job-admin/api/callback, content=null]
2026-07-12 23:37:11 [com.xxl.job.core.thread.TriggerCallbackThread#callbackLog]-[197]-[Thread-68] <br>----------- xxl-job job callback fail, callbackResult:ReturnT [code=500, msg=xxl-rpc remoting fail, StatusCode(404) invalid. for url : http://localhost:8080/xxl-job-admin/api/callback, content=null]
2026-07-12 23:37:41 [com.xxl.job.core.thread.TriggerCallbackThread#callbackLog]-[197]-[Thread-68] <br>----------- xxl-job job callback fail, callbackResult:ReturnT [code=500, msg=xxl-rpc remoting fail, StatusCode(404) invalid. for url : http://localhost:8080/xxl-job-admin/api/callback, content=null]
2026-07-12 23:38:11 [com.xxl.job.core.thread.TriggerCallbackThread#callbackLog]-[197]-[Thread-68] <br>----------- xxl-job job callback fail, callbackResult:ReturnT [code=500, msg=xxl-rpc remoting fail, StatusCode(404) invalid. for url : http://localhost:8080/xxl-job-admin/api/callback, content=null]
2026-07-12 23:38:41 [com.xxl.job.core.thread.TriggerCallbackThread#callbackLog]-[197]-[Thread-68] <br>----------- xxl-job job callback fail, callbackResult:ReturnT [code=500, msg=xxl-rpc remoting fail, StatusCode(404) invalid. for url : http://localhost:8080/xxl-job-admin/api/callback, content=null]
2026-07-12 23:39:11 [com.xxl.job.core.thread.TriggerCallbackThread#callbackLog]-[197]-[Thread-68] <br>----------- xxl-job job callback fail, callbackResult:ReturnT [code=500, msg=xxl-rpc remoting fail, StatusCode(404) invalid. for url : http://localhost:8080/xxl-job-admin/api/callback, content=null]
2026-07-12 23:39:41 [com.xxl.job.core.thread.TriggerCallbackThread#callbackLog]-[197]-[Thread-68] <br>----------- xxl-job job callback fail, callbackResult:ReturnT [code=500, msg=xxl-rpc remoting fail, StatusCode(404) invalid. for url : http://localhost:8080/xxl-job-admin/api/callback, content=null]
2026-07-12 23:40:11 [com.xxl.job.core.thread.TriggerCallbackThread#callbackLog]-[197]-[Thread-68] <br>----------- xxl-job job callback fail, callbackResult:ReturnT [code=500, msg=xxl-rpc remoting fail, StatusCode(404) invalid. for url : http://localhost:8080/xxl-job-admin/api/callback, content=null]
2026-07-12 23:40:41 [com.xxl.job.core.thread.TriggerCallbackThread#callbackLog]-[197]-[Thread-68] <br>----------- xxl-job job callback fail, callbackResult:ReturnT [code=500, msg=xxl-rpc remoting fail, StatusCode(404) invalid. for url : http://localhost:8080/xxl-job-admin/api/callback, content=null]
2026-07-12 23:41:11 [com.xxl.job.core.thread.TriggerCallbackThread#callbackLog]-[197]-[Thread-68] <br>----------- xxl-job job callback fail, callbackResult:ReturnT [code=500, msg=xxl-rpc remoting fail, StatusCode(404) invalid. for url : http://localhost:8080/xxl-job-admin/api/callback, content=null]
2026-07-12 23:41:41 [com.xxl.job.core.thread.TriggerCallbackThread#callbackLog]-[197]-[Thread-68] <br>----------- xxl-job job callback fail, callbackResult:ReturnT [code=500, msg=xxl-rpc remoting fail, StatusCode(404) invalid. for url : http://localhost:8080/xxl-job-admin/api/callback, content=null]
2026-07-12 23:42:11 [com.xxl.job.core.thread.TriggerCallbackThread#callbackLog]-[197]-[Thread-68] <br>----------- xxl-job job callback fail, callbackResult:ReturnT [code=500, msg=xxl-rpc remoting fail, StatusCode(404) invalid. for url : http://localhost:8080/xxl-job-admin/api/callback, content=null]
2026-07-12 23:42:41 [com.xxl.job.core.thread.TriggerCallbackThread#callbackLog]-[197]-[Thread-68] <br>----------- xxl-job job callback fail, callbackResult:ReturnT [code=500, msg=xxl-rpc remoting fail, StatusCode(404) invalid. for url : http://localhost:8080/xxl-job-admin/api/callback, content=null]
2026-07-12 23:43:11 [com.xxl.job.core.thread.TriggerCallbackThread#callbackLog]-[197]-[Thread-68] <br>----------- xxl-job job callback fail, callbackResult:ReturnT [code=500, msg=xxl-rpc remoting fail, StatusCode(404) invalid. for url : http://localhost:8080/xxl-job-admin/api/callback, content=null]
2026-07-12 23:43:41 [com.xxl.job.core.thread.TriggerCallbackThread#callbackLog]-[197]-[Thread-68] <br>----------- xxl-job job callback fail, callbackResult:ReturnT [code=500, msg=xxl-rpc remoting fail, StatusCode(404) invalid. for url : http://localhost:8080/xxl-job-admin/api/callback, content=null]
2026-07-12 23:44:11 [com.xxl.job.core.thread.TriggerCallbackThread#callbackLog]-[197]-[Thread-68] <br>----------- xxl-job job callback fail, callbackResult:ReturnT [code=500, msg=xxl-rpc remoting fail, StatusCode(404) invalid. for url : http://localhost:8080/xxl-job-admin/api/callback, content=null]
2026-07-12 23:44:41 [com.xxl.job.core.thread.TriggerCallbackThread#callbackLog]-[197]-[Thread-68] <br>----------- xxl-job job callback fail, callbackResult:ReturnT [code=500, msg=xxl-rpc remoting fail, StatusCode(404) invalid. for url : http://localhost:8080/xxl-job-admin/api/callback, content=null]
2026-07-12 23:45:12 [com.xxl.job.core.thread.TriggerCallbackThread#callbackLog]-[197]-[Thread-68] <br>----------- xxl-job job callback fail, callbackResult:ReturnT [code=500, msg=xxl-rpc remoting fail, StatusCode(404) invalid. for url : http://localhost:8080/xxl-job-admin/api/callback, content=null]
2026-07-12 23:45:42 [com.xxl.job.core.thread.TriggerCallbackThread#callbackLog]-[197]-[Thread-68] <br>----------- xxl-job job callback fail, callbackResult:ReturnT [code=500, msg=xxl-rpc remoting fail, StatusCode(404) invalid. for url : http://localhost:8080/xxl-job-admin/api/callback, content=null]
2026-07-12 23:46:12 [com.xxl.job.core.thread.TriggerCallbackThread#callbackLog]-[197]-[Thread-68] <br>----------- xxl-job job callback fail, callbackResult:ReturnT [code=500, msg=xxl-rpc remoting fail, StatusCode(404) invalid. for url : http://localhost:8080/xxl-job-admin/api/callback, content=null]
2026-07-12 23:46:42 [com.xxl.job.core.thread.TriggerCallbackThread#callbackLog]-[197]-[Thread-68] <br>----------- xxl-job job callback fail, callbackResult:ReturnT [code=500, msg=xxl-rpc remoting fail, StatusCode(404) invalid. for url : http://localhost:8080/xxl-job-admin/api/callback, content=null]
2026-07-12 23:47:12 [com.xxl.job.core.thread.TriggerCallbackThread#callbackLog]-[197]-[Thread-68] <br>----------- xxl-job job callback fail, callbackResult:ReturnT [code=500, msg=xxl-rpc remoting fail, StatusCode(404) invalid. for url : http://localhost:8080/xxl-job-admin/api/callback, content=null]
2026-07-12 23:47:42 [com.xxl.job.core.thread.TriggerCallbackThread#callbackLog]-[197]-[Thread-68] <br>----------- xxl-job job callback fail, callbackResult:ReturnT [code=500, msg=xxl-rpc remoting fail, StatusCode(404) invalid. for url : http://localhost:8080/xxl-job-admin/api/callback, content=null]
2026-07-12 23:48:12 [com.xxl.job.core.thread.TriggerCallbackThread#callbackLog]-[197]-[Thread-68] <br>----------- xxl-job job callback fail, callbackResult:ReturnT [code=500, msg=xxl-rpc remoting fail, StatusCode(404) invalid. for url : http://localhost:8080/xxl-job-admin/api/callback, content=null]
2026-07-12 23:48:42 [com.xxl.job.core.thread.TriggerCallbackThread#callbackLog]-[197]-[Thread-68] <br>----------- xxl-job job callback fail, callbackResult:ReturnT [code=500, msg=xxl-rpc remoting fail, StatusCode(404) invalid. for url : http://localhost:8080/xxl-job-admin/api/callback, content=null]
2026-07-12 23:50:51 [com.xxl.job.core.thread.TriggerCallbackThread#callbackLog]-[197]-[Thread-102] <br>----------- xxl-job job callback fail, callbackResult:ReturnT [code=500, msg=xxl-rpc remoting fail, StatusCode(404) invalid. for url : http://localhost:8080/xxl-job-admin/api/callback, content=null]
2026-07-12 23:51:21 [com.xxl.job.core.thread.TriggerCallbackThread#callbackLog]-[197]-[Thread-102] <br>----------- xxl-job job callback fail, callbackResult:ReturnT [code=500, msg=xxl-rpc remoting fail, StatusCode(404) invalid. for url : http://localhost:8080/xxl-job-admin/api/callback, content=null]
2026-07-12 23:51:51 [com.xxl.job.core.thread.TriggerCallbackThread#callbackLog]-[197]-[Thread-102] <br>----------- xxl-job job callback fail, callbackResult:ReturnT [code=500, msg=xxl-rpc remoting fail, StatusCode(404) invalid. for url : http://localhost:8080/xxl-job-admin/api/callback, content=null]
2026-07-12 23:52:21 [com.xxl.job.core.thread.TriggerCallbackThread#callbackLog]-[197]-[Thread-102] <br>----------- xxl-job job callback fail, callbackResult:ReturnT [code=500, msg=xxl-rpc remoting fail, StatusCode(404) invalid. for url : http://localhost:8080/xxl-job-admin/api/callback, content=null]
2026-07-12 23:52:51 [com.xxl.job.core.thread.TriggerCallbackThread#callbackLog]-[197]-[Thread-102] <br>----------- xxl-job job callback fail, callbackResult:ReturnT [code=500, msg=xxl-rpc remoting fail, StatusCode(404) invalid. for url : http://localhost:8080/xxl-job-admin/api/callback, content=null]
2026-07-12 23:53:21 [com.xxl.job.core.thread.TriggerCallbackThread#callbackLog]-[197]-[Thread-102] <br>----------- xxl-job job callback fail, callbackResult:ReturnT [code=500, msg=xxl-rpc remoting fail, StatusCode(404) invalid. for url : http://localhost:8080/xxl-job-admin/api/callback, content=null]
2026-07-12 23:53:51 [com.xxl.job.core.thread.TriggerCallbackThread#callbackLog]-[197]-[Thread-102] <br>----------- xxl-job job callback fail, callbackResult:ReturnT [code=500, msg=xxl-rpc remoting fail, StatusCode(404) invalid. for url : http://localhost:8080/xxl-job-admin/api/callback, content=null]
2026-07-12 23:54:21 [com.xxl.job.core.thread.TriggerCallbackThread#callbackLog]-[197]-[Thread-102] <br>----------- xxl-job job callback fail, callbackResult:ReturnT [code=500, msg=xxl-rpc remoting fail, StatusCode(404) invalid. for url : http://localhost:8080/xxl-job-admin/api/callback, content=null]
2026-07-12 23:54:51 [com.xxl.job.core.thread.TriggerCallbackThread#callbackLog]-[197]-[Thread-102] <br>----------- xxl-job job callback fail, callbackResult:ReturnT [code=500, msg=xxl-rpc remoting fail, StatusCode(404) invalid. for url : http://localhost:8080/xxl-job-admin/api/callback, content=null]
2026-07-12 23:55:21 [com.xxl.job.core.thread.TriggerCallbackThread#callbackLog]-[197]-[Thread-102] <br>----------- xxl-job job callback fail, callbackResult:ReturnT [code=500, msg=xxl-rpc remoting fail, StatusCode(404) invalid. for url : http://localhost:8080/xxl-job-admin/api/callback, content=null]
2026-07-12 23:55:51 [com.xxl.job.core.thread.TriggerCallbackThread#callbackLog]-[197]-[Thread-102] <br>----------- xxl-job job callback fail, callbackResult:ReturnT [code=500, msg=xxl-rpc remoting fail, StatusCode(404) invalid. for url : http://localhost:8080/xxl-job-admin/api/callback, content=null]
2026-07-12 23:56:21 [com.xxl.job.core.thread.TriggerCallbackThread#callbackLog]-[197]-[Thread-102] <br>----------- xxl-job job callback fail, callbackResult:ReturnT [code=500, msg=xxl-rpc remoting fail, StatusCode(404) invalid. for url : http://localhost:8080/xxl-job-admin/api/callback, content=null]
2026-07-12 23:56:51 [com.xxl.job.core.thread.TriggerCallbackThread#callbackLog]-[197]-[Thread-102] <br>----------- xxl-job job callback fail, callbackResult:ReturnT [code=500, msg=xxl-rpc remoting fail, StatusCode(404) invalid. for url : http://localhost:8080/xxl-job-admin/api/callback, content=null]
2026-07-12 23:57:21 [com.xxl.job.core.thread.TriggerCallbackThread#callbackLog]-[197]-[Thread-102] <br>----------- xxl-job job callback fail, callbackResult:ReturnT [code=500, msg=xxl-rpc remoting fail, StatusCode(404) invalid. for url : http://localhost:8080/xxl-job-admin/api/callback, content=null]
2026-07-12 23:57:51 [com.xxl.job.core.thread.TriggerCallbackThread#callbackLog]-[197]-[Thread-102] <br>----------- xxl-job job callback fail, callbackResult:ReturnT [code=500, msg=xxl-rpc remoting fail, StatusCode(404) invalid. for url : http://localhost:8080/xxl-job-admin/api/callback, content=null]
2026-07-12 23:58:21 [com.xxl.job.core.thread.TriggerCallbackThread#callbackLog]-[197]-[Thread-102] <br>----------- xxl-job job callback fail, callbackResult:ReturnT [code=500, msg=xxl-rpc remoting fail, StatusCode(404) invalid. for url : http://localhost:8080/xxl-job-admin/api/callback, content=null]
2026-07-12 23:58:51 [com.xxl.job.core.thread.TriggerCallbackThread#callbackLog]-[197]-[Thread-102] <br>----------- xxl-job job callback fail, callbackResult:ReturnT [code=500, msg=xxl-rpc remoting fail, StatusCode(404) invalid. for url : http://localhost:8080/xxl-job-admin/api/callback, content=null]
2026-07-12 23:59:21 [com.xxl.job.core.thread.TriggerCallbackThread#callbackLog]-[197]-[Thread-102] <br>----------- xxl-job job callback fail, callbackResult:ReturnT [code=500, msg=xxl-rpc remoting fail, StatusCode(404) invalid. for url : http://localhost:8080/xxl-job-admin/api/callback, content=null]
2026-07-12 23:59:51 [com.xxl.job.core.thread.TriggerCallbackThread#callbackLog]-[197]-[Thread-102] <br>----------- xxl-job job callback fail, callbackResult:ReturnT [code=500, msg=xxl-rpc remoting fail, StatusCode(404) invalid. for url : http://localhost:8080/xxl-job-admin/api/callback, content=null]
2026-07-13 00:00:21 [com.xxl.job.core.thread.TriggerCallbackThread#callbackLog]-[197]-[Thread-102] <br>----------- xxl-job job callback fail, callbackResult:ReturnT [code=500, msg=xxl-rpc remoting fail, StatusCode(404) invalid. for url : http://localhost:8080/xxl-job-admin/api/callback, content=null]
2026-07-13 00:00:51 [com.xxl.job.core.thread.TriggerCallbackThread#callbackLog]-[197]-[Thread-102] <br>----------- xxl-job job callback fail, callbackResult:ReturnT [code=500, msg=xxl-rpc remoting fail, StatusCode(404) invalid. for url : http://localhost:8080/xxl-job-admin/api/callback, content=null]
2026-07-13 00:01:21 [com.xxl.job.core.thread.TriggerCallbackThread#callbackLog]-[197]-[Thread-102] <br>----------- xxl-job job callback fail, callbackResult:ReturnT [code=500, msg=xxl-rpc remoting fail, StatusCode(404) invalid. for url : http://localhost:8080/xxl-job-admin/api/callback, content=null]
2026-07-13 00:01:51 [com.xxl.job.core.thread.TriggerCallbackThread#callbackLog]-[197]-[Thread-102] <br>----------- xxl-job job callback fail, callbackResult:ReturnT [code=500, msg=xxl-rpc remoting fail, StatusCode(404) invalid. for url : http://localhost:8080/xxl-job-admin/api/callback, content=null]
2026-07-13 00:02:21 [com.xxl.job.core.thread.TriggerCallbackThread#callbackLog]-[197]-[Thread-102] <br>----------- xxl-job job callback fail, callbackResult:ReturnT [code=500, msg=xxl-rpc remoting fail, StatusCode(404) invalid. for url : http://localhost:8080/xxl-job-admin/api/callback, content=null]
2026-07-13 00:02:51 [com.xxl.job.core.thread.TriggerCallbackThread#callbackLog]-[197]-[Thread-102] <br>----------- xxl-job job callback fail, callbackResult:ReturnT [code=500, msg=xxl-rpc remoting fail, StatusCode(404) invalid. for url : http://localhost:8080/xxl-job-admin/api/callback, content=null]
2026-07-13 00:03:21 [com.xxl.job.core.thread.TriggerCallbackThread#callbackLog]-[197]-[Thread-102] <br>----------- xxl-job job callback fail, callbackResult:ReturnT [code=500, msg=xxl-rpc remoting fail, StatusCode(404) invalid. for url : http://localhost:8080/xxl-job-admin/api/callback, content=null]
2026-07-13 00:03:51 [com.xxl.job.core.thread.TriggerCallbackThread#callbackLog]-[197]-[Thread-102] <br>----------- xxl-job job callback fail, callbackResult:ReturnT [code=500, msg=xxl-rpc remoting fail, StatusCode(404) invalid. for url : http://localhost:8080/xxl-job-admin/api/callback, content=null]
2026-07-13 00:04:21 [com.xxl.job.core.thread.TriggerCallbackThread#callbackLog]-[197]-[Thread-102] <br>----------- xxl-job job callback fail, callbackResult:ReturnT [code=500, msg=xxl-rpc remoting fail, StatusCode(404) invalid. for url : http://localhost:8080/xxl-job-admin/api/callback, content=null]
2026-07-13 00:04:51 [com.xxl.job.core.thread.TriggerCallbackThread#callbackLog]-[197]-[Thread-102] <br>----------- xxl-job job callback fail, callbackResult:ReturnT [code=500, msg=xxl-rpc remoting fail, StatusCode(404) invalid. for url : http://localhost:8080/xxl-job-admin/api/callback, content=null]
2026-07-13 00:05:21 [com.xxl.job.core.thread.TriggerCallbackThread#callbackLog]-[197]-[Thread-102] <br>----------- xxl-job job callback fail, callbackResult:ReturnT [code=500, msg=xxl-rpc remoting fail, StatusCode(404) invalid. for url : http://localhost:8080/xxl-job-admin/api/callback, content=null]
2026-07-13 00:05:51 [com.xxl.job.core.thread.TriggerCallbackThread#callbackLog]-[197]-[Thread-102] <br>----------- xxl-job job callback fail, callbackResult:ReturnT [code=500, msg=xxl-rpc remoting fail, StatusCode(404) invalid. for url : http://localhost:8080/xxl-job-admin/api/callback, content=null]
2026-07-13 00:06:22 [com.xxl.job.core.thread.TriggerCallbackThread#callbackLog]-[197]-[Thread-102] <br>----------- xxl-job job callback fail, callbackResult:ReturnT [code=500, msg=xxl-rpc remoting fail, StatusCode(404) invalid. for url : http://localhost:8080/xxl-job-admin/api/callback, content=null]
2026-07-13 00:06:52 [com.xxl.job.core.thread.TriggerCallbackThread#callbackLog]-[197]-[Thread-102] <br>----------- xxl-job job callback fail, callbackResult:ReturnT [code=500, msg=xxl-rpc remoting fail, StatusCode(404) invalid. for url : http://localhost:8080/xxl-job-admin/api/callback, content=null]
2026-07-13 00:07:22 [com.xxl.job.core.thread.TriggerCallbackThread#callbackLog]-[197]-[Thread-102] <br>----------- xxl-job job callback fail, callbackResult:ReturnT [code=500, msg=xxl-rpc remoting fail, StatusCode(404) invalid. for url : http://localhost:8080/xxl-job-admin/api/callback, content=null]
2026-07-13 00:07:52 [com.xxl.job.core.thread.TriggerCallbackThread#callbackLog]-[197]-[Thread-102] <br>----------- xxl-job job callback fail, callbackResult:ReturnT [code=500, msg=xxl-rpc remoting fail, StatusCode(404) invalid. for url : http://localhost:8080/xxl-job-admin/api/callback, content=null]
2026-07-13 00:08:22 [com.xxl.job.core.thread.TriggerCallbackThread#callbackLog]-[197]-[Thread-102] <br>----------- xxl-job job callback fail, callbackResult:ReturnT [code=500, msg=xxl-rpc remoting fail, StatusCode(404) invalid. for url : http://localhost:8080/xxl-job-admin/api/callback, content=null]
2026-07-13 00:08:52 [com.xxl.job.core.thread.TriggerCallbackThread#callbackLog]-[197]-[Thread-102] <br>----------- xxl-job job callback fail, callbackResult:ReturnT [code=500, msg=xxl-rpc remoting fail, StatusCode(404) invalid. for url : http://localhost:8080/xxl-job-admin/api/callback, content=null]
2026-07-13 00:09:22 [com.xxl.job.core.thread.TriggerCallbackThread#callbackLog]-[197]-[Thread-102] <br>----------- xxl-job job callback fail, callbackResult:ReturnT [code=500, msg=xxl-rpc remoting fail, StatusCode(404) invalid. for url : http://localhost:8080/xxl-job-admin/api/callback, content=null]
2026-07-13 00:09:52 [com.xxl.job.core.thread.TriggerCallbackThread#callbackLog]-[197]-[Thread-102] <br>----------- xxl-job job callback fail, callbackResult:ReturnT [code=500, msg=xxl-rpc remoting fail, StatusCode(404) invalid. for url : http://localhost:8080/xxl-job-admin/api/callback, content=null]
2026-07-13 00:10:22 [com.xxl.job.core.thread.TriggerCallbackThread#callbackLog]-[197]-[Thread-102] <br>----------- xxl-job job callback fail, callbackResult:ReturnT [code=500, msg=xxl-rpc remoting fail, StatusCode(404) invalid. for url : http://localhost:8080/xxl-job-admin/api/callback, content=null]
2026-07-13 00:10:52 [com.xxl.job.core.thread.TriggerCallbackThread#callbackLog]-[197]-[Thread-102] <br>----------- xxl-job job callback fail, callbackResult:ReturnT [code=500, msg=xxl-rpc remoting fail, StatusCode(404) invalid. for url : http://localhost:8080/xxl-job-admin/api/callback, content=null]
2026-07-13 00:12:38 [com.xxl.job.core.thread.TriggerCallbackThread#callbackLog]-[197]-[Thread-134] <br>----------- xxl-job job callback fail, callbackResult:ReturnT [code=500, msg=xxl-rpc remoting fail, StatusCode(404) invalid. for url : http://localhost:8080/xxl-job-admin/api/callback, content=null]
2026-07-13 00:13:08 [com.xxl.job.core.thread.TriggerCallbackThread#callbackLog]-[197]-[Thread-134] <br>----------- xxl-job job callback fail, callbackResult:ReturnT [code=500, msg=xxl-rpc remoting fail, StatusCode(404) invalid. for url : http://localhost:8080/xxl-job-admin/api/callback, content=null]
2026-07-13 00:13:38 [com.xxl.job.core.thread.TriggerCallbackThread#callbackLog]-[197]-[Thread-134] <br>----------- xxl-job job callback fail, callbackResult:ReturnT [code=500, msg=xxl-rpc remoting fail, StatusCode(404) invalid. for url : http://localhost:8080/xxl-job-admin/api/callback, content=null]
2026-07-13 00:14:08 [com.xxl.job.core.thread.TriggerCallbackThread#callbackLog]-[197]-[Thread-134] <br>----------- xxl-job job callback fail, callbackResult:ReturnT [code=500, msg=xxl-rpc remoting fail, StatusCode(404) invalid. for url : http://localhost:8080/xxl-job-admin/api/callback, content=null]
2026-07-13 00:14:38 [com.xxl.job.core.thread.TriggerCallbackThread#callbackLog]-[197]-[Thread-134] <br>----------- xxl-job job callback fail, callbackResult:ReturnT [code=500, msg=xxl-rpc remoting fail, StatusCode(404) invalid. for url : http://localhost:8080/xxl-job-admin/api/callback, content=null]
2026-07-13 00:15:08 [com.xxl.job.core.thread.TriggerCallbackThread#callbackLog]-[197]-[Thread-134] <br>----------- xxl-job job callback fail, callbackResult:ReturnT [code=500, msg=xxl-rpc remoting fail, StatusCode(404) invalid. for url : http://localhost:8080/xxl-job-admin/api/callback, content=null]
2026-07-13 00:15:39 [com.xxl.job.core.thread.TriggerCallbackThread#callbackLog]-[197]-[Thread-134] <br>----------- xxl-job job callback fail, callbackResult:ReturnT [code=500, msg=xxl-rpc remoting fail, StatusCode(404) invalid. for url : http://localhost:8080/xxl-job-admin/api/callback, content=null]
2026-07-13 00:16:09 [com.xxl.job.core.thread.TriggerCallbackThread#callbackLog]-[197]-[Thread-134] <br>----------- xxl-job job callback fail, callbackResult:ReturnT [code=500, msg=xxl-rpc remoting fail, StatusCode(404) invalid. for url : http://localhost:8080/xxl-job-admin/api/callback, content=null]
2026-07-13 00:16:39 [com.xxl.job.core.thread.TriggerCallbackThread#callbackLog]-[197]-[Thread-134] <br>----------- xxl-job job callback fail, callbackResult:ReturnT [code=500, msg=xxl-rpc remoting fail, StatusCode(404) invalid. for url : http://localhost:8080/xxl-job-admin/api/callback, content=null]
2026-07-13 00:17:09 [com.xxl.job.core.thread.TriggerCallbackThread#callbackLog]-[197]-[Thread-134] <br>----------- xxl-job job callback fail, callbackResult:ReturnT [code=500, msg=xxl-rpc remoting fail, StatusCode(404) invalid. for url : http://localhost:8080/xxl-job-admin/api/callback, content=null]
2026-07-13 00:17:39 [com.xxl.job.core.thread.TriggerCallbackThread#callbackLog]-[197]-[Thread-134] <br>----------- xxl-job job callback fail, callbackResult:ReturnT [code=500, msg=xxl-rpc remoting fail, StatusCode(404) invalid. for url : http://localhost:8080/xxl-job-admin/api/callback, content=null]
2026-07-13 00:18:09 [com.xxl.job.core.thread.TriggerCallbackThread#callbackLog]-[197]-[Thread-134] <br>----------- xxl-job job callback fail, callbackResult:ReturnT [code=500, msg=xxl-rpc remoting fail, StatusCode(404) invalid. for url : http://localhost:8080/xxl-job-admin/api/callback, content=null]
2026-07-13 00:18:39 [com.xxl.job.core.thread.TriggerCallbackThread#callbackLog]-[197]-[Thread-134] <br>----------- xxl-job job callback fail, callbackResult:ReturnT [code=500, msg=xxl-rpc remoting fail, StatusCode(404) invalid. for url : http://localhost:8080/xxl-job-admin/api/callback, content=null]
2026-07-13 00:20:39 [com.xxl.job.core.thread.TriggerCallbackThread#callbackLog]-[197]-[Thread-145] <br>----------- xxl-job job callback fail, callbackResult:ReturnT [code=500, msg=xxl-rpc remoting fail, StatusCode(404) invalid. for url : http://localhost:8080/xxl-job-admin/api/callback, content=null]
2026-07-13 00:21:09 [com.xxl.job.core.thread.TriggerCallbackThread#callbackLog]-[197]-[Thread-145] <br>----------- xxl-job job callback fail, callbackResult:ReturnT [code=500, msg=xxl-rpc remoting fail, StatusCode(404) invalid. for url : http://localhost:8080/xxl-job-admin/api/callback, content=null]
2026-07-13 00:21:39 [com.xxl.job.core.thread.TriggerCallbackThread#callbackLog]-[197]-[Thread-145] <br>----------- xxl-job job callback fail, callbackResult:ReturnT [code=500, msg=xxl-rpc remoting fail, StatusCode(404) invalid. for url : http://localhost:8080/xxl-job-admin/api/callback, content=null]
2026-07-13 00:22:09 [com.xxl.job.core.thread.TriggerCallbackThread#callbackLog]-[197]-[Thread-145] <br>----------- xxl-job job callback fail, callbackResult:ReturnT [code=500, msg=xxl-rpc remoting fail, StatusCode(404) invalid. for url : http://localhost:8080/xxl-job-admin/api/callback, content=null]
2026-07-13 00:22:39 [com.xxl.job.core.thread.TriggerCallbackThread#callbackLog]-[197]-[Thread-145] <br>----------- xxl-job job callback fail, callbackResult:ReturnT [code=500, msg=xxl-rpc remoting fail, StatusCode(404) invalid. for url : http://localhost:8080/xxl-job-admin/api/callback, content=null]
2026-07-13 00:23:09 [com.xxl.job.core.thread.TriggerCallbackThread#callbackLog]-[197]-[Thread-145] <br>----------- xxl-job job callback fail, callbackResult:ReturnT [code=500, msg=xxl-rpc remoting fail, StatusCode(404) invalid. for url : http://localhost:8080/xxl-job-admin/api/callback, content=null]
2026-07-13 00:23:39 [com.xxl.job.core.thread.TriggerCallbackThread#callbackLog]-[197]-[Thread-145] <br>----------- xxl-job job callback fail, callbackResult:ReturnT [code=500, msg=xxl-rpc remoting fail, StatusCode(404) invalid. for url : http://localhost:8080/xxl-job-admin/api/callback, content=null]
2026-07-13 00:24:09 [com.xxl.job.core.thread.TriggerCallbackThread#callbackLog]-[197]-[Thread-145] <br>----------- xxl-job job callback fail, callbackResult:ReturnT [code=500, msg=xxl-rpc remoting fail, StatusCode(404) invalid. for url : http://localhost:8080/xxl-job-admin/api/callback, content=null]
2026-07-13 00:24:39 [com.xxl.job.core.thread.TriggerCallbackThread#callbackLog]-[197]-[Thread-145] <br>----------- xxl-job job callback fail, callbackResult:ReturnT [code=500, msg=xxl-rpc remoting fail, StatusCode(404) invalid. for url : http://localhost:8080/xxl-job-admin/api/callback, content=null]
2026-07-13 00:25:09 [com.xxl.job.core.thread.TriggerCallbackThread#callbackLog]-[197]-[Thread-145] <br>----------- xxl-job job callback fail, callbackResult:ReturnT [code=500, msg=xxl-rpc remoting fail, StatusCode(404) invalid. for url : http://localhost:8080/xxl-job-admin/api/callback, content=null]
2026-07-13 00:25:39 [com.xxl.job.core.thread.TriggerCallbackThread#callbackLog]-[197]-[Thread-145] <br>----------- xxl-job job callback fail, callbackResult:ReturnT [code=500, msg=xxl-rpc remoting fail, StatusCode(404) invalid. for url : http://localhost:8080/xxl-job-admin/api/callback, content=null]
2026-07-13 00:26:09 [com.xxl.job.core.thread.TriggerCallbackThread#callbackLog]-[197]-[Thread-145] <br>----------- xxl-job job callback fail, callbackResult:ReturnT [code=500, msg=xxl-rpc remoting fail, StatusCode(404) invalid. for url : http://localhost:8080/xxl-job-admin/api/callback, content=null]
2026-07-13 00:26:39 [com.xxl.job.core.thread.TriggerCallbackThread#callbackLog]-[197]-[Thread-145] <br>----------- xxl-job job callback fail, callbackResult:ReturnT [code=500, msg=xxl-rpc remoting fail, StatusCode(404) invalid. for url : http://localhost:8080/xxl-job-admin/api/callback, content=null]
2026-07-13 00:27:09 [com.xxl.job.core.thread.TriggerCallbackThread#callbackLog]-[197]-[Thread-145] <br>----------- xxl-job job callback fail, callbackResult:ReturnT [code=500, msg=xxl-rpc remoting fail, StatusCode(404) invalid. for url : http://localhost:8080/xxl-job-admin/api/callback, content=null]
2026-07-13 00:27:39 [com.xxl.job.core.thread.TriggerCallbackThread#callbackLog]-[197]-[Thread-145] <br>----------- xxl-job job callback fail, callbackResult:ReturnT [code=500, msg=xxl-rpc remoting fail, StatusCode(404) invalid. for url : http://localhost:8080/xxl-job-admin/api/callback, content=null]
2026-07-13 00:28:09 [com.xxl.job.core.thread.TriggerCallbackThread#callbackLog]-[197]-[Thread-145] <br>----------- xxl-job job callback fail, callbackResult:ReturnT [code=500, msg=xxl-rpc remoting fail, StatusCode(404) invalid. for url : http://localhost:8080/xxl-job-admin/api/callback, content=null]
2026-07-13 00:28:39 [com.xxl.job.core.thread.TriggerCallbackThread#callbackLog]-[197]-[Thread-145] <br>----------- xxl-job job callback fail, callbackResult:ReturnT [code=500, msg=xxl-rpc remoting fail, StatusCode(404) invalid. for url : http://localhost:8080/xxl-job-admin/api/callback, content=null]
2026-07-13 00:29:09 [com.xxl.job.core.thread.TriggerCallbackThread#callbackLog]-[197]-[Thread-145] <br>----------- xxl-job job callback fail, callbackResult:ReturnT [code=500, msg=xxl-rpc remoting fail, StatusCode(404) invalid. for url : http://localhost:8080/xxl-job-admin/api/callback, content=null]
2026-07-13 00:29:39 [com.xxl.job.core.thread.TriggerCallbackThread#callbackLog]-[197]-[Thread-145] <br>----------- xxl-job job callback fail, callbackResult:ReturnT [code=500, msg=xxl-rpc remoting fail, StatusCode(404) invalid. for url : http://localhost:8080/xxl-job-admin/api/callback, content=null]
2026-07-13 00:30:09 [com.xxl.job.core.thread.TriggerCallbackThread#callbackLog]-[197]-[Thread-145] <br>----------- xxl-job job callback fail, callbackResult:ReturnT [code=500, msg=xxl-rpc remoting fail, StatusCode(404) invalid. for url : http://localhost:8080/xxl-job-admin/api/callback, content=null]
2026-07-13 00:30:39 [com.xxl.job.core.thread.TriggerCallbackThread#callbackLog]-[197]-[Thread-145] <br>----------- xxl-job job callback fail, callbackResult:ReturnT [code=500, msg=xxl-rpc remoting fail, StatusCode(404) invalid. for url : http://localhost:8080/xxl-job-admin/api/callback, content=null]
2026-07-13 00:31:09 [com.xxl.job.core.thread.TriggerCallbackThread#callbackLog]-[197]-[Thread-145] <br>----------- xxl-job job callback fail, callbackResult:ReturnT [code=500, msg=xxl-rpc remoting fail, StatusCode(404) invalid. for url : http://localhost:8080/xxl-job-admin/api/callback, content=null]
2026-07-13 00:31:39 [com.xxl.job.core.thread.TriggerCallbackThread#callbackLog]-[197]-[Thread-145] <br>----------- xxl-job job callback fail, callbackResult:ReturnT [code=500, msg=xxl-rpc remoting fail, StatusCode(404) invalid. for url : http://localhost:8080/xxl-job-admin/api/callback, content=null]
2026-07-13 00:32:09 [com.xxl.job.core.thread.TriggerCallbackThread#callbackLog]-[197]-[Thread-145] <br>----------- xxl-job job callback fail, callbackResult:ReturnT [code=500, msg=xxl-rpc remoting fail, StatusCode(404) invalid. for url : http://localhost:8080/xxl-job-admin/api/callback, content=null]
2026-07-13 00:32:39 [com.xxl.job.core.thread.TriggerCallbackThread#callbackLog]-[197]-[Thread-145] <br>----------- xxl-job job callback fail, callbackResult:ReturnT [code=500, msg=xxl-rpc remoting fail, StatusCode(404) invalid. for url : http://localhost:8080/xxl-job-admin/api/callback, content=null]
2026-07-13 00:33:09 [com.xxl.job.core.thread.TriggerCallbackThread#callbackLog]-[197]-[Thread-145] <br>----------- xxl-job job callback fail, callbackResult:ReturnT [code=500, msg=xxl-rpc remoting fail, StatusCode(404) invalid. for url : http://localhost:8080/xxl-job-admin/api/callback, content=null]
2026-07-13 00:33:39 [com.xxl.job.core.thread.TriggerCallbackThread#callbackLog]-[197]-[Thread-145] <br>----------- xxl-job job callback fail, callbackResult:ReturnT [code=500, msg=xxl-rpc remoting fail, StatusCode(404) invalid. for url : http://localhost:8080/xxl-job-admin/api/callback, content=null]
2026-07-13 00:34:09 [com.xxl.job.core.thread.TriggerCallbackThread#callbackLog]-[197]-[Thread-145] <br>----------- xxl-job job callback fail, callbackResult:ReturnT [code=500, msg=xxl-rpc remoting fail, StatusCode(404) invalid. for url : http://localhost:8080/xxl-job-admin/api/callback, content=null]
2026-07-13 00:34:39 [com.xxl.job.core.thread.TriggerCallbackThread#callbackLog]-[197]-[Thread-145] <br>----------- xxl-job job callback fail, callbackResult:ReturnT [code=500, msg=xxl-rpc remoting fail, StatusCode(404) invalid. for url : http://localhost:8080/xxl-job-admin/api/callback, content=null]
2026-07-13 00:35:09 [com.xxl.job.core.thread.TriggerCallbackThread#callbackLog]-[197]-[Thread-145] <br>----------- xxl-job job callback fail, callbackResult:ReturnT [code=500, msg=xxl-rpc remoting fail, StatusCode(404) invalid. for url : http://localhost:8080/xxl-job-admin/api/callback, content=null]
2026-07-13 00:35:39 [com.xxl.job.core.thread.TriggerCallbackThread#callbackLog]-[197]-[Thread-145] <br>----------- xxl-job job callback fail, callbackResult:ReturnT [code=500, msg=xxl-rpc remoting fail, StatusCode(404) invalid. for url : http://localhost:8080/xxl-job-admin/api/callback, content=null]
2026-07-13 00:36:10 [com.xxl.job.core.thread.TriggerCallbackThread#callbackLog]-[197]-[Thread-145] <br>----------- xxl-job job callback fail, callbackResult:ReturnT [code=500, msg=xxl-rpc remoting fail, StatusCode(404) invalid. for url : http://localhost:8080/xxl-job-admin/api/callback, content=null]
2026-07-13 00:36:40 [com.xxl.job.core.thread.TriggerCallbackThread#callbackLog]-[197]-[Thread-145] <br>----------- xxl-job job callback fail, callbackResult:ReturnT [code=500, msg=xxl-rpc remoting fail, StatusCode(404) invalid. for url : http://localhost:8080/xxl-job-admin/api/callback, content=null]
2026-07-13 00:37:10 [com.xxl.job.core.thread.TriggerCallbackThread#callbackLog]-[197]-[Thread-145] <br>----------- xxl-job job callback fail, callbackResult:ReturnT [code=500, msg=xxl-rpc remoting fail, StatusCode(404) invalid. for url : http://localhost:8080/xxl-job-admin/api/callback, content=null]
2026-07-13 00:37:40 [com.xxl.job.core.thread.TriggerCallbackThread#callbackLog]-[197]-[Thread-145] <br>----------- xxl-job job callback fail, callbackResult:ReturnT [code=500, msg=xxl-rpc remoting fail, StatusCode(404) invalid. for url : http://localhost:8080/xxl-job-admin/api/callback, content=null]
2026-07-13 08:26:17 [com.xxl.job.core.thread.TriggerCallbackThread#callbackLog]-[197]-[Thread-70] <br>----------- xxl-job job callback fail, callbackResult:ReturnT [code=500, msg=xxl-rpc remoting fail, StatusCode(404) invalid. for url : http://localhost:8080/xxl-job-admin/api/callback, content=null]
2026-07-13 08:26:47 [com.xxl.job.core.thread.TriggerCallbackThread#callbackLog]-[197]-[Thread-70] <br>----------- xxl-job job callback fail, callbackResult:ReturnT [code=500, msg=xxl-rpc remoting fail, StatusCode(404) invalid. for url : http://localhost:8080/xxl-job-admin/api/callback, content=null]
2026-07-13 08:27:17 [com.xxl.job.core.thread.TriggerCallbackThread#callbackLog]-[197]-[Thread-70] <br>----------- xxl-job job callback fail, callbackResult:ReturnT [code=500, msg=xxl-rpc remoting fail, StatusCode(404) invalid. for url : http://localhost:8080/xxl-job-admin/api/callback, content=null]
2026-07-13 08:27:47 [com.xxl.job.core.thread.TriggerCallbackThread#callbackLog]-[197]-[Thread-70] <br>----------- xxl-job job callback fail, callbackResult:ReturnT [code=500, msg=xxl-rpc remoting fail, StatusCode(404) invalid. for url : http://localhost:8080/xxl-job-admin/api/callback, content=null]
2026-07-13 08:28:17 [com.xxl.job.core.thread.TriggerCallbackThread#callbackLog]-[197]-[Thread-70] <br>----------- xxl-job job callback fail, callbackResult:ReturnT [code=500, msg=xxl-rpc remoting fail, StatusCode(404) invalid. for url : http://localhost:8080/xxl-job-admin/api/callback, content=null]
2026-07-13 08:28:47 [com.xxl.job.core.thread.TriggerCallbackThread#callbackLog]-[197]-[Thread-70] <br>----------- xxl-job job callback fail, callbackResult:ReturnT [code=500, msg=xxl-rpc remoting fail, StatusCode(404) invalid. for url : http://localhost:8080/xxl-job-admin/api/callback, content=null]
2026-07-13 08:29:17 [com.xxl.job.core.thread.TriggerCallbackThread#callbackLog]-[197]-[Thread-70] <br>----------- xxl-job job callback fail, callbackResult:ReturnT [code=500, msg=xxl-rpc remoting fail, StatusCode(404) invalid. for url : http://localhost:8080/xxl-job-admin/api/callback, content=null]
2026-07-13 08:29:47 [com.xxl.job.core.thread.TriggerCallbackThread#callbackLog]-[197]-[Thread-70] <br>----------- xxl-job job callback fail, callbackResult:ReturnT [code=500, msg=xxl-rpc remoting fail, StatusCode(404) invalid. for url : http://localhost:8080/xxl-job-admin/api/callback, content=null]
2026-07-13 08:30:17 [com.xxl.job.core.thread.TriggerCallbackThread#callbackLog]-[197]-[Thread-70] <br>----------- xxl-job job callback fail, callbackResult:ReturnT [code=500, msg=xxl-rpc remoting fail, StatusCode(404) invalid. for url : http://localhost:8080/xxl-job-admin/api/callback, content=null]
2026-07-13 08:30:47 [com.xxl.job.core.thread.TriggerCallbackThread#callbackLog]-[197]-[Thread-70] <br>----------- xxl-job job callback fail, callbackResult:ReturnT [code=500, msg=xxl-rpc remoting fail, StatusCode(404) invalid. for url : http://localhost:8080/xxl-job-admin/api/callback, content=null]
2026-07-13 08:31:17 [com.xxl.job.core.thread.TriggerCallbackThread#callbackLog]-[197]-[Thread-70] <br>----------- xxl-job job callback fail, callbackResult:ReturnT [code=500, msg=xxl-rpc remoting fail, StatusCode(404) invalid. for url : http://localhost:8080/xxl-job-admin/api/callback, content=null]
2026-07-13 08:31:47 [com.xxl.job.core.thread.TriggerCallbackThread#callbackLog]-[197]-[Thread-70] <br>----------- xxl-job job callback fail, callbackResult:ReturnT [code=500, msg=xxl-rpc remoting fail, StatusCode(404) invalid. for url : http://localhost:8080/xxl-job-admin/api/callback, content=null]
2026-07-13 08:32:17 [com.xxl.job.core.thread.TriggerCallbackThread#callbackLog]-[197]-[Thread-70] <br>----------- xxl-job job callback fail, callbackResult:ReturnT [code=500, msg=xxl-rpc remoting fail, StatusCode(404) invalid. for url : http://localhost:8080/xxl-job-admin/api/callback, content=null]
2026-07-13 08:32:47 [com.xxl.job.core.thread.TriggerCallbackThread#callbackLog]-[197]-[Thread-70] <br>----------- xxl-job job callback fail, callbackResult:ReturnT [code=500, msg=xxl-rpc remoting fail, StatusCode(404) invalid. for url : http://localhost:8080/xxl-job-admin/api/callback, content=null]
2026-07-13 08:33:17 [com.xxl.job.core.thread.TriggerCallbackThread#callbackLog]-[197]-[Thread-70] <br>----------- xxl-job job callback fail, callbackResult:ReturnT [code=500, msg=xxl-rpc remoting fail, StatusCode(404) invalid. for url : http://localhost:8080/xxl-job-admin/api/callback, content=null]
2026-07-13 08:33:47 [com.xxl.job.core.thread.TriggerCallbackThread#callbackLog]-[197]-[Thread-70] <br>----------- xxl-job job callback fail, callbackResult:ReturnT [code=500, msg=xxl-rpc remoting fail, StatusCode(404) invalid. for url : http://localhost:8080/xxl-job-admin/api/callback, content=null]
2026-07-13 08:34:17 [com.xxl.job.core.thread.TriggerCallbackThread#callbackLog]-[197]-[Thread-70] <br>----------- xxl-job job callback fail, callbackResult:ReturnT [code=500, msg=xxl-rpc remoting fail, StatusCode(404) invalid. for url : http://localhost:8080/xxl-job-admin/api/callback, content=null]
2026-07-13 08:34:47 [com.xxl.job.core.thread.TriggerCallbackThread#callbackLog]-[197]-[Thread-70] <br>----------- xxl-job job callback fail, callbackResult:ReturnT [code=500, msg=xxl-rpc remoting fail, StatusCode(404) invalid. for url : http://localhost:8080/xxl-job-admin/api/callback, content=null]
2026-07-13 08:35:17 [com.xxl.job.core.thread.TriggerCallbackThread#callbackLog]-[197]-[Thread-70] <br>----------- xxl-job job callback fail, callbackResult:ReturnT [code=500, msg=xxl-rpc remoting fail, StatusCode(404) invalid. for url : http://localhost:8080/xxl-job-admin/api/callback, content=null]
2026-07-13 15:33:19 [com.xxl.job.core.thread.TriggerCallbackThread#callbackLog]-[197]-[Thread-86] <br>----------- xxl-job job callback fail, callbackResult:ReturnT [code=500, msg=xxl-rpc remoting fail, StatusCode(404) invalid. for url : http://localhost:8080/xxl-job-admin/api/callback, content=null]
2026-07-13 15:33:49 [com.xxl.job.core.thread.TriggerCallbackThread#callbackLog]-[197]-[Thread-86] <br>----------- xxl-job job callback fail, callbackResult:ReturnT [code=500, msg=xxl-rpc remoting fail, StatusCode(404) invalid. for url : http://localhost:8080/xxl-job-admin/api/callback, content=null]
2026-07-13 15:34:19 [com.xxl.job.core.thread.TriggerCallbackThread#callbackLog]-[197]-[Thread-86] <br>----------- xxl-job job callback fail, callbackResult:ReturnT [code=500, msg=xxl-rpc remoting fail, StatusCode(404) invalid. for url : http://localhost:8080/xxl-job-admin/api/callback, content=null]
2026-07-13 15:34:49 [com.xxl.job.core.thread.TriggerCallbackThread#callbackLog]-[197]-[Thread-86] <br>----------- xxl-job job callback fail, callbackResult:ReturnT [code=500, msg=xxl-rpc remoting fail, StatusCode(404) invalid. for url : http://localhost:8080/xxl-job-admin/api/callback, content=null]
2026-07-13 15:35:19 [com.xxl.job.core.thread.TriggerCallbackThread#callbackLog]-[197]-[Thread-86] <br>----------- xxl-job job callback fail, callbackResult:ReturnT [code=500, msg=xxl-rpc remoting fail, StatusCode(404) invalid. for url : http://localhost:8080/xxl-job-admin/api/callback, content=null]
2026-07-13 15:35:49 [com.xxl.job.core.thread.TriggerCallbackThread#callbackLog]-[197]-[Thread-86] <br>----------- xxl-job job callback fail, callbackResult:ReturnT [code=500, msg=xxl-rpc remoting fail, StatusCode(404) invalid. for url : http://localhost:8080/xxl-job-admin/api/callback, content=null]
2026-07-13 15:36:19 [com.xxl.job.core.thread.TriggerCallbackThread#callbackLog]-[197]-[Thread-86] <br>----------- xxl-job job callback fail, callbackResult:ReturnT [code=500, msg=xxl-rpc remoting fail, StatusCode(404) invalid. for url : http://localhost:8080/xxl-job-admin/api/callback, content=null]
2026-07-13 15:36:49 [com.xxl.job.core.thread.TriggerCallbackThread#callbackLog]-[197]-[Thread-86] <br>----------- xxl-job job callback fail, callbackResult:ReturnT [code=500, msg=xxl-rpc remoting fail, StatusCode(404) invalid. for url : http://localhost:8080/xxl-job-admin/api/callback, content=null]
2026-07-13 15:37:19 [com.xxl.job.core.thread.TriggerCallbackThread#callbackLog]-[197]-[Thread-86] <br>----------- xxl-job job callback fail, callbackResult:ReturnT [code=500, msg=xxl-rpc remoting fail, StatusCode(404) invalid. for url : http://localhost:8080/xxl-job-admin/api/callback, content=null]
2026-07-13 15:37:49 [com.xxl.job.core.thread.TriggerCallbackThread#callbackLog]-[197]-[Thread-86] <br>----------- xxl-job job callback fail, callbackResult:ReturnT [code=500, msg=xxl-rpc remoting fail, StatusCode(404) invalid. for url : http://localhost:8080/xxl-job-admin/api/callback, content=null]
2026-07-13 15:38:19 [com.xxl.job.core.thread.TriggerCallbackThread#callbackLog]-[197]-[Thread-86] <br>----------- xxl-job job callback fail, callbackResult:ReturnT [code=500, msg=xxl-rpc remoting fail, StatusCode(404) invalid. for url : http://localhost:8080/xxl-job-admin/api/callback, content=null]
2026-07-13 15:38:49 [com.xxl.job.core.thread.TriggerCallbackThread#callbackLog]-[197]-[Thread-86] <br>----------- xxl-job job callback fail, callbackResult:ReturnT [code=500, msg=xxl-rpc remoting fail, StatusCode(404) invalid. for url : http://localhost:8080/xxl-job-admin/api/callback, content=null]
2026-07-13 15:39:19 [com.xxl.job.core.thread.TriggerCallbackThread#callbackLog]-[197]-[Thread-86] <br>----------- xxl-job job callback fail, callbackResult:ReturnT [code=500, msg=xxl-rpc remoting fail, StatusCode(404) invalid. for url : http://localhost:8080/xxl-job-admin/api/callback, content=null]
2026-07-13 15:39:49 [com.xxl.job.core.thread.TriggerCallbackThread#callbackLog]-[197]-[Thread-86] <br>----------- xxl-job job callback fail, callbackResult:ReturnT [code=500, msg=xxl-rpc remoting fail, StatusCode(404) invalid. for url : http://localhost:8080/xxl-job-admin/api/callback, content=null]
2026-07-13 15:40:19 [com.xxl.job.core.thread.TriggerCallbackThread#callbackLog]-[197]-[Thread-86] <br>----------- xxl-job job callback fail, callbackResult:ReturnT [code=500, msg=xxl-rpc remoting fail, StatusCode(404) invalid. for url : http://localhost:8080/xxl-job-admin/api/callback, content=null]
2026-07-13 15:40:49 [com.xxl.job.core.thread.TriggerCallbackThread#callbackLog]-[197]-[Thread-86] <br>----------- xxl-job job callback fail, callbackResult:ReturnT [code=500, msg=xxl-rpc remoting fail, StatusCode(404) invalid. for url : http://localhost:8080/xxl-job-admin/api/callback, content=null]
2026-07-13 15:41:19 [com.xxl.job.core.thread.TriggerCallbackThread#callbackLog]-[197]-[Thread-86] <br>----------- xxl-job job callback fail, callbackResult:ReturnT [code=500, msg=xxl-rpc remoting fail, StatusCode(404) invalid. for url : http://localhost:8080/xxl-job-admin/api/callback, content=null]
2026-07-13 15:41:50 [com.xxl.job.core.thread.TriggerCallbackThread#callbackLog]-[197]-[Thread-86] <br>----------- xxl-job job callback fail, callbackResult:ReturnT [code=500, msg=xxl-rpc remoting fail, StatusCode(404) invalid. for url : http://localhost:8080/xxl-job-admin/api/callback, content=null]
2026-07-13 15:42:20 [com.xxl.job.core.thread.TriggerCallbackThread#callbackLog]-[197]-[Thread-86] <br>----------- xxl-job job callback fail, callbackResult:ReturnT [code=500, msg=xxl-rpc remoting fail, StatusCode(404) invalid. for url : http://localhost:8080/xxl-job-admin/api/callback, content=null]
2026-07-13 15:42:50 [com.xxl.job.core.thread.TriggerCallbackThread#callbackLog]-[197]-[Thread-86] <br>----------- xxl-job job callback fail, callbackResult:ReturnT [code=500, msg=xxl-rpc remoting fail, StatusCode(404) invalid. for url : http://localhost:8080/xxl-job-admin/api/callback, content=null]
2026-07-13 15:43:20 [com.xxl.job.core.thread.TriggerCallbackThread#callbackLog]-[197]-[Thread-86] <br>----------- xxl-job job callback fail, callbackResult:ReturnT [code=500, msg=xxl-rpc remoting fail, StatusCode(404) invalid. for url : http://localhost:8080/xxl-job-admin/api/callback, content=null]
2026-07-13 15:43:50 [com.xxl.job.core.thread.TriggerCallbackThread#callbackLog]-[197]-[Thread-86] <br>----------- xxl-job job callback fail, callbackResult:ReturnT [code=500, msg=xxl-rpc remoting fail, StatusCode(404) invalid. for url : http://localhost:8080/xxl-job-admin/api/callback, content=null]
2026-07-13 15:44:20 [com.xxl.job.core.thread.TriggerCallbackThread#callbackLog]-[197]-[Thread-86] <br>----------- xxl-job job callback fail, callbackResult:ReturnT [code=500, msg=xxl-rpc remoting fail, StatusCode(404) invalid. for url : http://localhost:8080/xxl-job-admin/api/callback, content=null]
2026-07-13 15:44:50 [com.xxl.job.core.thread.TriggerCallbackThread#callbackLog]-[197]-[Thread-86] <br>----------- xxl-job job callback fail, callbackResult:ReturnT [code=500, msg=xxl-rpc remoting fail, StatusCode(404) invalid. for url : http://localhost:8080/xxl-job-admin/api/callback, content=null]
2026-07-13 15:45:20 [com.xxl.job.core.thread.TriggerCallbackThread#callbackLog]-[197]-[Thread-86] <br>----------- xxl-job job callback fail, callbackResult:ReturnT [code=500, msg=xxl-rpc remoting fail, StatusCode(404) invalid. for url : http://localhost:8080/xxl-job-admin/api/callback, content=null]
2026-07-13 15:45:50 [com.xxl.job.core.thread.TriggerCallbackThread#callbackLog]-[197]-[Thread-86] <br>----------- xxl-job job callback fail, callbackResult:ReturnT [code=500, msg=xxl-rpc remoting fail, StatusCode(404) invalid. for url : http://localhost:8080/xxl-job-admin/api/callback, content=null]
2026-07-13 15:46:20 [com.xxl.job.core.thread.TriggerCallbackThread#callbackLog]-[197]-[Thread-86] <br>----------- xxl-job job callback fail, callbackResult:ReturnT [code=500, msg=xxl-rpc remoting fail, StatusCode(404) invalid. for url : http://localhost:8080/xxl-job-admin/api/callback, content=null]
2026-07-13 15:46:50 [com.xxl.job.core.thread.TriggerCallbackThread#callbackLog]-[197]-[Thread-86] <br>----------- xxl-job job callback fail, callbackResult:ReturnT [code=500, msg=xxl-rpc remoting fail, StatusCode(404) invalid. for url : http://localhost:8080/xxl-job-admin/api/callback, content=null]
2026-07-13 15:47:20 [com.xxl.job.core.thread.TriggerCallbackThread#callbackLog]-[197]-[Thread-86] <br>----------- xxl-job job callback fail, callbackResult:ReturnT [code=500, msg=xxl-rpc remoting fail, StatusCode(404) invalid. for url : http://localhost:8080/xxl-job-admin/api/callback, content=null]
2026-07-13 15:47:50 [com.xxl.job.core.thread.TriggerCallbackThread#callbackLog]-[197]-[Thread-86] <br>----------- xxl-job job callback fail, callbackResult:ReturnT [code=500, msg=xxl-rpc remoting fail, StatusCode(404) invalid. for url : http://localhost:8080/xxl-job-admin/api/callback, content=null]
2026-07-13 15:48:20 [com.xxl.job.core.thread.TriggerCallbackThread#callbackLog]-[197]-[Thread-86] <br>----------- xxl-job job callback fail, callbackResult:ReturnT [code=500, msg=xxl-rpc remoting fail, StatusCode(404) invalid. for url : http://localhost:8080/xxl-job-admin/api/callback, content=null]
2026-07-13 15:48:50 [com.xxl.job.core.thread.TriggerCallbackThread#callbackLog]-[197]-[Thread-86] <br>----------- xxl-job job callback fail, callbackResult:ReturnT [code=500, msg=xxl-rpc remoting fail, StatusCode(404) invalid. for url : http://localhost:8080/xxl-job-admin/api/callback, content=null]
2026-07-13 15:49:20 [com.xxl.job.core.thread.TriggerCallbackThread#callbackLog]-[197]-[Thread-86] <br>----------- xxl-job job callback fail, callbackResult:ReturnT [code=500, msg=xxl-rpc remoting fail, StatusCode(404) invalid. for url : http://localhost:8080/xxl-job-admin/api/callback, content=null]
2026-07-13 15:49:50 [com.xxl.job.core.thread.TriggerCallbackThread#callbackLog]-[197]-[Thread-86] <br>----------- xxl-job job callback fail, callbackResult:ReturnT [code=500, msg=xxl-rpc remoting fail, StatusCode(404) invalid. for url : http://localhost:8080/xxl-job-admin/api/callback, content=null]
2026-07-13 15:50:20 [com.xxl.job.core.thread.TriggerCallbackThread#callbackLog]-[197]-[Thread-86] <br>----------- xxl-job job callback fail, callbackResult:ReturnT [code=500, msg=xxl-rpc remoting fail, StatusCode(404) invalid. for url : http://localhost:8080/xxl-job-admin/api/callback, content=null]
2026-07-13 15:50:50 [com.xxl.job.core.thread.TriggerCallbackThread#callbackLog]-[197]-[Thread-86] <br>----------- xxl-job job callback fail, callbackResult:ReturnT [code=500, msg=xxl-rpc remoting fail, StatusCode(404) invalid. for url : http://localhost:8080/xxl-job-admin/api/callback, content=null]
2026-07-13 15:51:20 [com.xxl.job.core.thread.TriggerCallbackThread#callbackLog]-[197]-[Thread-86] <br>----------- xxl-job job callback fail, callbackResult:ReturnT [code=500, msg=xxl-rpc remoting fail, StatusCode(404) invalid. for url : http://localhost:8080/xxl-job-admin/api/callback, content=null]
2026-07-13 15:51:50 [com.xxl.job.core.thread.TriggerCallbackThread#callbackLog]-[197]-[Thread-86] <br>----------- xxl-job job callback fail, callbackResult:ReturnT [code=500, msg=xxl-rpc remoting fail, StatusCode(404) invalid. for url : http://localhost:8080/xxl-job-admin/api/callback, content=null]
2026-07-13 15:52:20 [com.xxl.job.core.thread.TriggerCallbackThread#callbackLog]-[197]-[Thread-86] <br>----------- xxl-job job callback fail, callbackResult:ReturnT [code=500, msg=xxl-rpc remoting fail, StatusCode(404) invalid. for url : http://localhost:8080/xxl-job-admin/api/callback, content=null]
2026-07-13 15:52:50 [com.xxl.job.core.thread.TriggerCallbackThread#callbackLog]-[197]-[Thread-86] <br>----------- xxl-job job callback fail, callbackResult:ReturnT [code=500, msg=xxl-rpc remoting fail, StatusCode(404) invalid. for url : http://localhost:8080/xxl-job-admin/api/callback, content=null]
2026-07-13 15:53:20 [com.xxl.job.core.thread.TriggerCallbackThread#callbackLog]-[197]-[Thread-86] <br>----------- xxl-job job callback fail, callbackResult:ReturnT [code=500, msg=xxl-rpc remoting fail, StatusCode(404) invalid. for url : http://localhost:8080/xxl-job-admin/api/callback, content=null]
2026-07-13 15:53:50 [com.xxl.job.core.thread.TriggerCallbackThread#callbackLog]-[197]-[Thread-86] <br>----------- xxl-job job callback fail, callbackResult:ReturnT [code=500, msg=xxl-rpc remoting fail, StatusCode(404) invalid. for url : http://localhost:8080/xxl-job-admin/api/callback, content=null]
2026-07-13 15:54:20 [com.xxl.job.core.thread.TriggerCallbackThread#callbackLog]-[197]-[Thread-86] <br>----------- xxl-job job callback fail, callbackResult:ReturnT [code=500, msg=xxl-rpc remoting fail, StatusCode(404) invalid. for url : http://localhost:8080/xxl-job-admin/api/callback, content=null]
2026-07-13 15:54:50 [com.xxl.job.core.thread.TriggerCallbackThread#callbackLog]-[197]-[Thread-86] <br>----------- xxl-job job callback fail, callbackResult:ReturnT [code=500, msg=xxl-rpc remoting fail, StatusCode(404) invalid. for url : http://localhost:8080/xxl-job-admin/api/callback, content=null]
2026-07-13 15:55:20 [com.xxl.job.core.thread.TriggerCallbackThread#callbackLog]-[197]-[Thread-86] <br>----------- xxl-job job callback fail, callbackResult:ReturnT [code=500, msg=xxl-rpc remoting fail, StatusCode(404) invalid. for url : http://localhost:8080/xxl-job-admin/api/callback, content=null]
2026-07-13 15:55:50 [com.xxl.job.core.thread.TriggerCallbackThread#callbackLog]-[197]-[Thread-86] <br>----------- xxl-job job callback fail, callbackResult:ReturnT [code=500, msg=xxl-rpc remoting fail, StatusCode(404) invalid. for url : http://localhost:8080/xxl-job-admin/api/callback, content=null]
2026-07-13 15:56:20 [com.xxl.job.core.thread.TriggerCallbackThread#callbackLog]-[197]-[Thread-86] <br>----------- xxl-job job callback fail, callbackResult:ReturnT [code=500, msg=xxl-rpc remoting fail, StatusCode(404) invalid. for url : http://localhost:8080/xxl-job-admin/api/callback, content=null]
2026-07-13 15:56:50 [com.xxl.job.core.thread.TriggerCallbackThread#callbackLog]-[197]-[Thread-86] <br>----------- xxl-job job callback fail, callbackResult:ReturnT [code=500, msg=xxl-rpc remoting fail, StatusCode(404) invalid. for url : http://localhost:8080/xxl-job-admin/api/callback, content=null]
2026-07-13 15:57:20 [com.xxl.job.core.thread.TriggerCallbackThread#callbackLog]-[197]-[Thread-86] <br>----------- xxl-job job callback fail, callbackResult:ReturnT [code=500, msg=xxl-rpc remoting fail, StatusCode(404) invalid. for url : http://localhost:8080/xxl-job-admin/api/callback, content=null]
2026-07-13 15:57:50 [com.xxl.job.core.thread.TriggerCallbackThread#callbackLog]-[197]-[Thread-86] <br>----------- xxl-job job callback fail, callbackResult:ReturnT [code=500, msg=xxl-rpc remoting fail, StatusCode(404) invalid. for url : http://localhost:8080/xxl-job-admin/api/callback, content=null]
2026-07-13 15:58:20 [com.xxl.job.core.thread.TriggerCallbackThread#callbackLog]-[197]-[Thread-86] <br>----------- xxl-job job callback fail, callbackResult:ReturnT [code=500, msg=xxl-rpc remoting fail, StatusCode(404) invalid. for url : http://localhost:8080/xxl-job-admin/api/callback, content=null]
2026-07-13 15:58:50 [com.xxl.job.core.thread.TriggerCallbackThread#callbackLog]-[197]-[Thread-86] <br>----------- xxl-job job callback fail, callbackResult:ReturnT [code=500, msg=xxl-rpc remoting fail, StatusCode(404) invalid. for url : http://localhost:8080/xxl-job-admin/api/callback, content=null]
2026-07-13 15:59:20 [com.xxl.job.core.thread.TriggerCallbackThread#callbackLog]-[197]-[Thread-86] <br>----------- xxl-job job callback fail, callbackResult:ReturnT [code=500, msg=xxl-rpc remoting fail, StatusCode(404) invalid. for url : http://localhost:8080/xxl-job-admin/api/callback, content=null]
2026-07-13 15:59:50 [com.xxl.job.core.thread.TriggerCallbackThread#callbackLog]-[197]-[Thread-86] <br>----------- xxl-job job callback fail, callbackResult:ReturnT [code=500, msg=xxl-rpc remoting fail, StatusCode(404) invalid. for url : http://localhost:8080/xxl-job-admin/api/callback, content=null]
2026-07-13 16:00:20 [com.xxl.job.core.thread.TriggerCallbackThread#callbackLog]-[197]-[Thread-86] <br>----------- xxl-job job callback fail, callbackResult:ReturnT [code=500, msg=xxl-rpc remoting fail, StatusCode(404) invalid. for url : http://localhost:8080/xxl-job-admin/api/callback, content=null]
2026-07-13 16:00:50 [com.xxl.job.core.thread.TriggerCallbackThread#callbackLog]-[197]-[Thread-86] <br>----------- xxl-job job callback fail, callbackResult:ReturnT [code=500, msg=xxl-rpc remoting fail, StatusCode(404) invalid. for url : http://localhost:8080/xxl-job-admin/api/callback, content=null]
2026-07-13 16:01:20 [com.xxl.job.core.thread.TriggerCallbackThread#callbackLog]-[197]-[Thread-86] <br>----------- xxl-job job callback fail, callbackResult:ReturnT [code=500, msg=xxl-rpc remoting fail, StatusCode(404) invalid. for url : http://localhost:8080/xxl-job-admin/api/callback, content=null]
2026-07-13 16:01:50 [com.xxl.job.core.thread.TriggerCallbackThread#callbackLog]-[197]-[Thread-86] <br>----------- xxl-job job callback fail, callbackResult:ReturnT [code=500, msg=xxl-rpc remoting fail, StatusCode(404) invalid. for url : http://localhost:8080/xxl-job-admin/api/callback, content=null]
2026-07-13 16:02:20 [com.xxl.job.core.thread.TriggerCallbackThread#callbackLog]-[197]-[Thread-86] <br>----------- xxl-job job callback fail, callbackResult:ReturnT [code=500, msg=xxl-rpc remoting fail, StatusCode(404) invalid. for url : http://localhost:8080/xxl-job-admin/api/callback, content=null]
2026-07-13 16:02:50 [com.xxl.job.core.thread.TriggerCallbackThread#callbackLog]-[197]-[Thread-86] <br>----------- xxl-job job callback fail, callbackResult:ReturnT [code=500, msg=xxl-rpc remoting fail, StatusCode(404) invalid. for url : http://localhost:8080/xxl-job-admin/api/callback, content=null]
2026-07-13 16:03:20 [com.xxl.job.core.thread.TriggerCallbackThread#callbackLog]-[197]-[Thread-86] <br>----------- xxl-job job callback fail, callbackResult:ReturnT [code=500, msg=xxl-rpc remoting fail, StatusCode(404) invalid. for url : http://localhost:8080/xxl-job-admin/api/callback, content=null]
2026-07-13 16:03:50 [com.xxl.job.core.thread.TriggerCallbackThread#callbackLog]-[197]-[Thread-86] <br>----------- xxl-job job callback fail, callbackResult:ReturnT [code=500, msg=xxl-rpc remoting fail, StatusCode(404) invalid. for url : http://localhost:8080/xxl-job-admin/api/callback, content=null]
2026-07-13 16:04:20 [com.xxl.job.core.thread.TriggerCallbackThread#callbackLog]-[197]-[Thread-86] <br>----------- xxl-job job callback fail, callbackResult:ReturnT [code=500, msg=xxl-rpc remoting fail, StatusCode(404) invalid. for url : http://localhost:8080/xxl-job-admin/api/callback, content=null]
2026-07-13 16:04:50 [com.xxl.job.core.thread.TriggerCallbackThread#callbackLog]-[197]-[Thread-86] <br>----------- xxl-job job callback fail, callbackResult:ReturnT [code=500, msg=xxl-rpc remoting fail, StatusCode(404) invalid. for url : http://localhost:8080/xxl-job-admin/api/callback, content=null]
2026-07-13 16:05:20 [com.xxl.job.core.thread.TriggerCallbackThread#callbackLog]-[197]-[Thread-86] <br>----------- xxl-job job callback fail, callbackResult:ReturnT [code=500, msg=xxl-rpc remoting fail, StatusCode(404) invalid. for url : http://localhost:8080/xxl-job-admin/api/callback, content=null]
2026-07-13 16:05:50 [com.xxl.job.core.thread.TriggerCallbackThread#callbackLog]-[197]-[Thread-86] <br>----------- xxl-job job callback fail, callbackResult:ReturnT [code=500, msg=xxl-rpc remoting fail, StatusCode(404) invalid. for url : http://localhost:8080/xxl-job-admin/api/callback, content=null]
2026-07-13 16:06:21 [com.xxl.job.core.thread.TriggerCallbackThread#callbackLog]-[197]-[Thread-86] <br>----------- xxl-job job callback fail, callbackResult:ReturnT [code=500, msg=xxl-rpc remoting fail, StatusCode(404) invalid. for url : http://localhost:8080/xxl-job-admin/api/callback, content=null]
2026-07-13 16:06:51 [com.xxl.job.core.thread.TriggerCallbackThread#callbackLog]-[197]-[Thread-86] <br>----------- xxl-job job callback fail, callbackResult:ReturnT [code=500, msg=xxl-rpc remoting fail, StatusCode(404) invalid. for url : http://localhost:8080/xxl-job-admin/api/callback, content=null]
2026-07-13 16:07:21 [com.xxl.job.core.thread.TriggerCallbackThread#callbackLog]-[197]-[Thread-86] <br>----------- xxl-job job callback fail, callbackResult:ReturnT [code=500, msg=xxl-rpc remoting fail, StatusCode(404) invalid. for url : http://localhost:8080/xxl-job-admin/api/callback, content=null]
2026-07-13 16:07:51 [com.xxl.job.core.thread.TriggerCallbackThread#callbackLog]-[197]-[Thread-86] <br>----------- xxl-job job callback fail, callbackResult:ReturnT [code=500, msg=xxl-rpc remoting fail, StatusCode(404) invalid. for url : http://localhost:8080/xxl-job-admin/api/callback, content=null]
2026-07-13 16:08:21 [com.xxl.job.core.thread.TriggerCallbackThread#callbackLog]-[197]-[Thread-86] <br>----------- xxl-job job callback fail, callbackResult:ReturnT [code=500, msg=xxl-rpc remoting fail, StatusCode(404) invalid. for url : http://localhost:8080/xxl-job-admin/api/callback, content=null]
2026-07-13 16:08:51 [com.xxl.job.core.thread.TriggerCallbackThread#callbackLog]-[197]-[Thread-86] <br>----------- xxl-job job callback fail, callbackResult:ReturnT [code=500, msg=xxl-rpc remoting fail, StatusCode(404) invalid. for url : http://localhost:8080/xxl-job-admin/api/callback, content=null]
2026-07-13 16:09:21 [com.xxl.job.core.thread.TriggerCallbackThread#callbackLog]-[197]-[Thread-86] <br>----------- xxl-job job callback fail, callbackResult:ReturnT [code=500, msg=xxl-rpc remoting fail, StatusCode(404) invalid. for url : http://localhost:8080/xxl-job-admin/api/callback, content=null]
2026-07-13 16:09:51 [com.xxl.job.core.thread.TriggerCallbackThread#callbackLog]-[197]-[Thread-86] <br>----------- xxl-job job callback fail, callbackResult:ReturnT [code=500, msg=xxl-rpc remoting fail, StatusCode(404) invalid. for url : http://localhost:8080/xxl-job-admin/api/callback, content=null]
2026-07-13 16:10:21 [com.xxl.job.core.thread.TriggerCallbackThread#callbackLog]-[197]-[Thread-86] <br>----------- xxl-job job callback fail, callbackResult:ReturnT [code=500, msg=xxl-rpc remoting fail, StatusCode(404) invalid. for url : http://localhost:8080/xxl-job-admin/api/callback, content=null]
2026-07-13 16:10:51 [com.xxl.job.core.thread.TriggerCallbackThread#callbackLog]-[197]-[Thread-86] <br>----------- xxl-job job callback fail, callbackResult:ReturnT [code=500, msg=xxl-rpc remoting fail, StatusCode(404) invalid. for url : http://localhost:8080/xxl-job-admin/api/callback, content=null]
2026-07-13 16:11:21 [com.xxl.job.core.thread.TriggerCallbackThread#callbackLog]-[197]-[Thread-86] <br>----------- xxl-job job callback fail, callbackResult:ReturnT [code=500, msg=xxl-rpc remoting fail, StatusCode(404) invalid. for url : http://localhost:8080/xxl-job-admin/api/callback, content=null]
2026-07-13 16:11:51 [com.xxl.job.core.thread.TriggerCallbackThread#callbackLog]-[197]-[Thread-86] <br>----------- xxl-job job callback fail, callbackResult:ReturnT [code=500, msg=xxl-rpc remoting fail, StatusCode(404) invalid. for url : http://localhost:8080/xxl-job-admin/api/callback, content=null]
2026-07-13 16:12:21 [com.xxl.job.core.thread.TriggerCallbackThread#callbackLog]-[197]-[Thread-86] <br>----------- xxl-job job callback fail, callbackResult:ReturnT [code=500, msg=xxl-rpc remoting fail, StatusCode(404) invalid. for url : http://localhost:8080/xxl-job-admin/api/callback, content=null]
2026-07-13 16:12:51 [com.xxl.job.core.thread.TriggerCallbackThread#callbackLog]-[197]-[Thread-86] <br>----------- xxl-job job callback fail, callbackResult:ReturnT [code=500, msg=xxl-rpc remoting fail, StatusCode(404) invalid. for url : http://localhost:8080/xxl-job-admin/api/callback, content=null]
2026-07-13 16:13:21 [com.xxl.job.core.thread.TriggerCallbackThread#callbackLog]-[197]-[Thread-86] <br>----------- xxl-job job callback fail, callbackResult:ReturnT [code=500, msg=xxl-rpc remoting fail, StatusCode(404) invalid. for url : http://localhost:8080/xxl-job-admin/api/callback, content=null]
2026-07-13 16:13:51 [com.xxl.job.core.thread.TriggerCallbackThread#callbackLog]-[197]-[Thread-86] <br>----------- xxl-job job callback fail, callbackResult:ReturnT [code=500, msg=xxl-rpc remoting fail, StatusCode(404) invalid. for url : http://localhost:8080/xxl-job-admin/api/callback, content=null]
2026-07-13 16:14:21 [com.xxl.job.core.thread.TriggerCallbackThread#callbackLog]-[197]-[Thread-86] <br>----------- xxl-job job callback fail, callbackResult:ReturnT [code=500, msg=xxl-rpc remoting fail, StatusCode(404) invalid. for url : http://localhost:8080/xxl-job-admin/api/callback, content=null]
2026-07-13 16:14:51 [com.xxl.job.core.thread.TriggerCallbackThread#callbackLog]-[197]-[Thread-86] <br>----------- xxl-job job callback fail, callbackResult:ReturnT [code=500, msg=xxl-rpc remoting fail, StatusCode(404) invalid. for url : http://localhost:8080/xxl-job-admin/api/callback, content=null]
2026-07-13 16:15:21 [com.xxl.job.core.thread.TriggerCallbackThread#callbackLog]-[197]-[Thread-86] <br>----------- xxl-job job callback fail, callbackResult:ReturnT [code=500, msg=xxl-rpc remoting fail, StatusCode(404) invalid. for url : http://localhost:8080/xxl-job-admin/api/callback, content=null]
2026-07-13 16:15:51 [com.xxl.job.core.thread.TriggerCallbackThread#callbackLog]-[197]-[Thread-86] <br>----------- xxl-job job callback fail, callbackResult:ReturnT [code=500, msg=xxl-rpc remoting fail, StatusCode(404) invalid. for url : http://localhost:8080/xxl-job-admin/api/callback, content=null]
2026-07-13 16:16:21 [com.xxl.job.core.thread.TriggerCallbackThread#callbackLog]-[197]-[Thread-86] <br>----------- xxl-job job callback fail, callbackResult:ReturnT [code=500, msg=xxl-rpc remoting fail, StatusCode(404) invalid. for url : http://localhost:8080/xxl-job-admin/api/callback, content=null]
2026-07-13 16:16:51 [com.xxl.job.core.thread.TriggerCallbackThread#callbackLog]-[197]-[Thread-86] <br>----------- xxl-job job callback fail, callbackResult:ReturnT [code=500, msg=xxl-rpc remoting fail, StatusCode(404) invalid. for url : http://localhost:8080/xxl-job-admin/api/callback, content=null]
2026-07-13 16:17:21 [com.xxl.job.core.thread.TriggerCallbackThread#callbackLog]-[197]-[Thread-86] <br>----------- xxl-job job callback fail, callbackResult:ReturnT [code=500, msg=xxl-rpc remoting fail, StatusCode(404) invalid. for url : http://localhost:8080/xxl-job-admin/api/callback, content=null]
2026-07-13 16:17:51 [com.xxl.job.core.thread.TriggerCallbackThread#callbackLog]-[197]-[Thread-86] <br>----------- xxl-job job callback fail, callbackResult:ReturnT [code=500, msg=xxl-rpc remoting fail, StatusCode(404) invalid. for url : http://localhost:8080/xxl-job-admin/api/callback, content=null]
2026-07-13 16:18:21 [com.xxl.job.core.thread.TriggerCallbackThread#callbackLog]-[197]-[Thread-86] <br>----------- xxl-job job callback fail, callbackResult:ReturnT [code=500, msg=xxl-rpc remoting fail, StatusCode(404) invalid. for url : http://localhost:8080/xxl-job-admin/api/callback, content=null]
2026-07-13 16:18:51 [com.xxl.job.core.thread.TriggerCallbackThread#callbackLog]-[197]-[Thread-86] <br>----------- xxl-job job callback fail, callbackResult:ReturnT [code=500, msg=xxl-rpc remoting fail, StatusCode(404) invalid. for url : http://localhost:8080/xxl-job-admin/api/callback, content=null]
2026-07-13 16:19:21 [com.xxl.job.core.thread.TriggerCallbackThread#callbackLog]-[197]-[Thread-86] <br>----------- xxl-job job callback fail, callbackResult:ReturnT [code=500, msg=xxl-rpc remoting fail, StatusCode(404) invalid. for url : http://localhost:8080/xxl-job-admin/api/callback, content=null]
2026-07-13 16:19:51 [com.xxl.job.core.thread.TriggerCallbackThread#callbackLog]-[197]-[Thread-86] <br>----------- xxl-job job callback fail, callbackResult:ReturnT [code=500, msg=xxl-rpc remoting fail, StatusCode(404) invalid. for url : http://localhost:8080/xxl-job-admin/api/callback, content=null]
2026-07-13 16:20:21 [com.xxl.job.core.thread.TriggerCallbackThread#callbackLog]-[197]-[Thread-86] <br>----------- xxl-job job callback fail, callbackResult:ReturnT [code=500, msg=xxl-rpc remoting fail, StatusCode(404) invalid. for url : http://localhost:8080/xxl-job-admin/api/callback, content=null]
2026-07-13 16:20:51 [com.xxl.job.core.thread.TriggerCallbackThread#callbackLog]-[197]-[Thread-86] <br>----------- xxl-job job callback fail, callbackResult:ReturnT [code=500, msg=xxl-rpc remoting fail, StatusCode(404) invalid. for url : http://localhost:8080/xxl-job-admin/api/callback, content=null]
2026-07-13 16:21:21 [com.xxl.job.core.thread.TriggerCallbackThread#callbackLog]-[197]-[Thread-86] <br>----------- xxl-job job callback fail, callbackResult:ReturnT [code=500, msg=xxl-rpc remoting fail, StatusCode(404) invalid. for url : http://localhost:8080/xxl-job-admin/api/callback, content=null]
2026-07-13 16:21:51 [com.xxl.job.core.thread.TriggerCallbackThread#callbackLog]-[197]-[Thread-86] <br>----------- xxl-job job callback fail, callbackResult:ReturnT [code=500, msg=xxl-rpc remoting fail, StatusCode(404) invalid. for url : http://localhost:8080/xxl-job-admin/api/callback, content=null]
2026-07-13 16:22:21 [com.xxl.job.core.thread.TriggerCallbackThread#callbackLog]-[197]-[Thread-86] <br>----------- xxl-job job callback fail, callbackResult:ReturnT [code=500, msg=xxl-rpc remoting fail, StatusCode(404) invalid. for url : http://localhost:8080/xxl-job-admin/api/callback, content=null]
2026-07-13 16:22:51 [com.xxl.job.core.thread.TriggerCallbackThread#callbackLog]-[197]-[Thread-86] <br>----------- xxl-job job callback fail, callbackResult:ReturnT [code=500, msg=xxl-rpc remoting fail, StatusCode(404) invalid. for url : http://localhost:8080/xxl-job-admin/api/callback, content=null]
2026-07-13 16:23:21 [com.xxl.job.core.thread.TriggerCallbackThread#callbackLog]-[197]-[Thread-86] <br>----------- xxl-job job callback fail, callbackResult:ReturnT [code=500, msg=xxl-rpc remoting fail, StatusCode(404) invalid. for url : http://localhost:8080/xxl-job-admin/api/callback, content=null]
2026-07-13 16:23:51 [com.xxl.job.core.thread.TriggerCallbackThread#callbackLog]-[197]-[Thread-86] <br>----------- xxl-job job callback fail, callbackResult:ReturnT [code=500, msg=xxl-rpc remoting fail, StatusCode(404) invalid. for url : http://localhost:8080/xxl-job-admin/api/callback, content=null]
2026-07-13 16:24:21 [com.xxl.job.core.thread.TriggerCallbackThread#callbackLog]-[197]-[Thread-86] <br>----------- xxl-job job callback fail, callbackResult:ReturnT [code=500, msg=xxl-rpc remoting fail, StatusCode(404) invalid. for url : http://localhost:8080/xxl-job-admin/api/callback, content=null]
2026-07-13 16:24:51 [com.xxl.job.core.thread.TriggerCallbackThread#callbackLog]-[197]-[Thread-86] <br>----------- xxl-job job callback fail, callbackResult:ReturnT [code=500, msg=xxl-rpc remoting fail, StatusCode(404) invalid. for url : http://localhost:8080/xxl-job-admin/api/callback, content=null]
2026-07-13 16:25:21 [com.xxl.job.core.thread.TriggerCallbackThread#callbackLog]-[197]-[Thread-86] <br>----------- xxl-job job callback fail, callbackResult:ReturnT [code=500, msg=xxl-rpc remoting fail, StatusCode(404) invalid. for url : http://localhost:8080/xxl-job-admin/api/callback, content=null]
2026-07-13 16:25:51 [com.xxl.job.core.thread.TriggerCallbackThread#callbackLog]-[197]-[Thread-86] <br>----------- xxl-job job callback fail, callbackResult:ReturnT [code=500, msg=xxl-rpc remoting fail, StatusCode(404) invalid. for url : http://localhost:8080/xxl-job-admin/api/callback, content=null]
2026-07-13 16:26:21 [com.xxl.job.core.thread.TriggerCallbackThread#callbackLog]-[197]-[Thread-86] <br>----------- xxl-job job callback fail, callbackResult:ReturnT [code=500, msg=xxl-rpc remoting fail, StatusCode(404) invalid. for url : http://localhost:8080/xxl-job-admin/api/callback, content=null]
2026-07-13 16:26:51 [com.xxl.job.core.thread.TriggerCallbackThread#callbackLog]-[197]-[Thread-86] <br>----------- xxl-job job callback fail, callbackResult:ReturnT [code=500, msg=xxl-rpc remoting fail, StatusCode(404) invalid. for url : http://localhost:8080/xxl-job-admin/api/callback, content=null]
2026-07-13 16:27:21 [com.xxl.job.core.thread.TriggerCallbackThread#callbackLog]-[197]-[Thread-86] <br>----------- xxl-job job callback fail, callbackResult:ReturnT [code=500, msg=xxl-rpc remoting fail, StatusCode(404) invalid. for url : http://localhost:8080/xxl-job-admin/api/callback, content=null]
2026-07-13 16:27:51 [com.xxl.job.core.thread.TriggerCallbackThread#callbackLog]-[197]-[Thread-86] <br>----------- xxl-job job callback fail, callbackResult:ReturnT [code=500, msg=xxl-rpc remoting fail, StatusCode(404) invalid. for url : http://localhost:8080/xxl-job-admin/api/callback, content=null]
2026-07-13 16:28:21 [com.xxl.job.core.thread.TriggerCallbackThread#callbackLog]-[197]-[Thread-86] <br>----------- xxl-job job callback fail, callbackResult:ReturnT [code=500, msg=xxl-rpc remoting fail, StatusCode(404) invalid. for url : http://localhost:8080/xxl-job-admin/api/callback, content=null]
2026-07-13 16:28:51 [com.xxl.job.core.thread.TriggerCallbackThread#callbackLog]-[197]-[Thread-86] <br>----------- xxl-job job callback fail, callbackResult:ReturnT [code=500, msg=xxl-rpc remoting fail, StatusCode(404) invalid. for url : http://localhost:8080/xxl-job-admin/api/callback, content=null]
2026-07-13 16:29:21 [com.xxl.job.core.thread.TriggerCallbackThread#callbackLog]-[197]-[Thread-86] <br>----------- xxl-job job callback fail, callbackResult:ReturnT [code=500, msg=xxl-rpc remoting fail, StatusCode(404) invalid. for url : http://localhost:8080/xxl-job-admin/api/callback, content=null]
2026-07-13 16:29:51 [com.xxl.job.core.thread.TriggerCallbackThread#callbackLog]-[197]-[Thread-86] <br>----------- xxl-job job callback fail, callbackResult:ReturnT [code=500, msg=xxl-rpc remoting fail, StatusCode(404) invalid. for url : http://localhost:8080/xxl-job-admin/api/callback, content=null]
2026-07-13 16:30:21 [com.xxl.job.core.thread.TriggerCallbackThread#callbackLog]-[197]-[Thread-86] <br>----------- xxl-job job callback fail, callbackResult:ReturnT [code=500, msg=xxl-rpc remoting fail, StatusCode(404) invalid. for url : http://localhost:8080/xxl-job-admin/api/callback, content=null]
2026-07-13 16:30:51 [com.xxl.job.core.thread.TriggerCallbackThread#callbackLog]-[197]-[Thread-86] <br>----------- xxl-job job callback fail, callbackResult:ReturnT [code=500, msg=xxl-rpc remoting fail, StatusCode(404) invalid. for url : http://localhost:8080/xxl-job-admin/api/callback, content=null]
2026-07-13 16:31:22 [com.xxl.job.core.thread.TriggerCallbackThread#callbackLog]-[197]-[Thread-86] <br>----------- xxl-job job callback fail, callbackResult:ReturnT [code=500, msg=xxl-rpc remoting fail, StatusCode(404) invalid. for url : http://localhost:8080/xxl-job-admin/api/callback, content=null]
2026-07-13 16:31:52 [com.xxl.job.core.thread.TriggerCallbackThread#callbackLog]-[197]-[Thread-86] <br>----------- xxl-job job callback fail, callbackResult:ReturnT [code=500, msg=xxl-rpc remoting fail, StatusCode(404) invalid. for url : http://localhost:8080/xxl-job-admin/api/callback, content=null]
2026-07-13 16:32:22 [com.xxl.job.core.thread.TriggerCallbackThread#callbackLog]-[197]-[Thread-86] <br>----------- xxl-job job callback fail, callbackResult:ReturnT [code=500, msg=xxl-rpc remoting fail, StatusCode(404) invalid. for url : http://localhost:8080/xxl-job-admin/api/callback, content=null]
2026-07-13 16:32:52 [com.xxl.job.core.thread.TriggerCallbackThread#callbackLog]-[197]-[Thread-86] <br>----------- xxl-job job callback fail, callbackResult:ReturnT [code=500, msg=xxl-rpc remoting fail, StatusCode(404) invalid. for url : http://localhost:8080/xxl-job-admin/api/callback, content=null]
2026-07-13 16:33:22 [com.xxl.job.core.thread.TriggerCallbackThread#callbackLog]-[197]-[Thread-86] <br>----------- xxl-job job callback fail, callbackResult:ReturnT [code=500, msg=xxl-rpc remoting fail, StatusCode(404) invalid. for url : http://localhost:8080/xxl-job-admin/api/callback, content=null]
2026-07-13 16:33:52 [com.xxl.job.core.thread.TriggerCallbackThread#callbackLog]-[197]-[Thread-86] <br>----------- xxl-job job callback fail, callbackResult:ReturnT [code=500, msg=xxl-rpc remoting fail, StatusCode(404) invalid. for url : http://localhost:8080/xxl-job-admin/api/callback, content=null]
2026-07-13 16:34:22 [com.xxl.job.core.thread.TriggerCallbackThread#callbackLog]-[197]-[Thread-86] <br>----------- xxl-job job callback fail, callbackResult:ReturnT [code=500, msg=xxl-rpc remoting fail, StatusCode(404) invalid. for url : http://localhost:8080/xxl-job-admin/api/callback, content=null]
2026-07-13 16:34:52 [com.xxl.job.core.thread.TriggerCallbackThread#callbackLog]-[197]-[Thread-86] <br>----------- xxl-job job callback fail, callbackResult:ReturnT [code=500, msg=xxl-rpc remoting fail, StatusCode(404) invalid. for url : http://localhost:8080/xxl-job-admin/api/callback, content=null]
2026-07-13 16:35:22 [com.xxl.job.core.thread.TriggerCallbackThread#callbackLog]-[197]-[Thread-86] <br>----------- xxl-job job callback fail, callbackResult:ReturnT [code=500, msg=xxl-rpc remoting fail, StatusCode(404) invalid. for url : http://localhost:8080/xxl-job-admin/api/callback, content=null]
2026-07-13 16:35:52 [com.xxl.job.core.thread.TriggerCallbackThread#callbackLog]-[197]-[Thread-86] <br>----------- xxl-job job callback fail, callbackResult:ReturnT [code=500, msg=xxl-rpc remoting fail, StatusCode(404) invalid. for url : http://localhost:8080/xxl-job-admin/api/callback, content=null]
2026-07-13 16:36:22 [com.xxl.job.core.thread.TriggerCallbackThread#callbackLog]-[197]-[Thread-86] <br>----------- xxl-job job callback fail, callbackResult:ReturnT [code=500, msg=xxl-rpc remoting fail, StatusCode(404) invalid. for url : http://localhost:8080/xxl-job-admin/api/callback, content=null]
2026-07-13 16:36:52 [com.xxl.job.core.thread.TriggerCallbackThread#callbackLog]-[197]-[Thread-86] <br>----------- xxl-job job callback fail, callbackResult:ReturnT [code=500, msg=xxl-rpc remoting fail, StatusCode(404) invalid. for url : http://localhost:8080/xxl-job-admin/api/callback, content=null]
2026-07-13 16:37:22 [com.xxl.job.core.thread.TriggerCallbackThread#callbackLog]-[197]-[Thread-86] <br>----------- xxl-job job callback fail, callbackResult:ReturnT [code=500, msg=xxl-rpc remoting fail, StatusCode(404) invalid. for url : http://localhost:8080/xxl-job-admin/api/callback, content=null]
2026-07-13 16:37:52 [com.xxl.job.core.thread.TriggerCallbackThread#callbackLog]-[197]-[Thread-86] <br>----------- xxl-job job callback fail, callbackResult:ReturnT [code=500, msg=xxl-rpc remoting fail, StatusCode(404) invalid. for url : http://localhost:8080/xxl-job-admin/api/callback, content=null]
2026-07-13 16:38:22 [com.xxl.job.core.thread.TriggerCallbackThread#callbackLog]-[197]-[Thread-86] <br>----------- xxl-job job callback fail, callbackResult:ReturnT [code=500, msg=xxl-rpc remoting fail, StatusCode(404) invalid. for url : http://localhost:8080/xxl-job-admin/api/callback, content=null]
2026-07-13 16:38:52 [com.xxl.job.core.thread.TriggerCallbackThread#callbackLog]-[197]-[Thread-86] <br>----------- xxl-job job callback fail, callbackResult:ReturnT [code=500, msg=xxl-rpc remoting fail, StatusCode(404) invalid. for url : http://localhost:8080/xxl-job-admin/api/callback, content=null]
2026-07-13 16:39:22 [com.xxl.job.core.thread.TriggerCallbackThread#callbackLog]-[197]-[Thread-86] <br>----------- xxl-job job callback fail, callbackResult:ReturnT [code=500, msg=xxl-rpc remoting fail, StatusCode(404) invalid. for url : http://localhost:8080/xxl-job-admin/api/callback, content=null]
2026-07-13 16:39:52 [com.xxl.job.core.thread.TriggerCallbackThread#callbackLog]-[197]-[Thread-86] <br>----------- xxl-job job callback fail, callbackResult:ReturnT [code=500, msg=xxl-rpc remoting fail, StatusCode(404) invalid. for url : http://localhost:8080/xxl-job-admin/api/callback, content=null]
2026-07-13 16:40:22 [com.xxl.job.core.thread.TriggerCallbackThread#callbackLog]-[197]-[Thread-86] <br>----------- xxl-job job callback fail, callbackResult:ReturnT [code=500, msg=xxl-rpc remoting fail, StatusCode(404) invalid. for url : http://localhost:8080/xxl-job-admin/api/callback, content=null]
2026-07-13 16:40:52 [com.xxl.job.core.thread.TriggerCallbackThread#callbackLog]-[197]-[Thread-86] <br>----------- xxl-job job callback fail, callbackResult:ReturnT [code=500, msg=xxl-rpc remoting fail, StatusCode(404) invalid. for url : http://localhost:8080/xxl-job-admin/api/callback, content=null]
2026-07-13 16:41:22 [com.xxl.job.core.thread.TriggerCallbackThread#callbackLog]-[197]-[Thread-86] <br>----------- xxl-job job callback fail, callbackResult:ReturnT [code=500, msg=xxl-rpc remoting fail, StatusCode(404) invalid. for url : http://localhost:8080/xxl-job-admin/api/callback, content=null]
2026-07-13 16:41:52 [com.xxl.job.core.thread.TriggerCallbackThread#callbackLog]-[197]-[Thread-86] <br>----------- xxl-job job callback fail, callbackResult:ReturnT [code=500, msg=xxl-rpc remoting fail, StatusCode(404) invalid. for url : http://localhost:8080/xxl-job-admin/api/callback, content=null]
2026-07-13 16:42:22 [com.xxl.job.core.thread.TriggerCallbackThread#callbackLog]-[197]-[Thread-86] <br>----------- xxl-job job callback fail, callbackResult:ReturnT [code=500, msg=xxl-rpc remoting fail, StatusCode(404) invalid. for url : http://localhost:8080/xxl-job-admin/api/callback, content=null]
2026-07-13 16:42:52 [com.xxl.job.core.thread.TriggerCallbackThread#callbackLog]-[197]-[Thread-86] <br>----------- xxl-job job callback fail, callbackResult:ReturnT [code=500, msg=xxl-rpc remoting fail, StatusCode(404) invalid. for url : http://localhost:8080/xxl-job-admin/api/callback, content=null]
2026-07-13 16:43:22 [com.xxl.job.core.thread.TriggerCallbackThread#callbackLog]-[197]-[Thread-86] <br>----------- xxl-job job callback fail, callbackResult:ReturnT [code=500, msg=xxl-rpc remoting fail, StatusCode(404) invalid. for url : http://localhost:8080/xxl-job-admin/api/callback, content=null]
2026-07-13 16:43:52 [com.xxl.job.core.thread.TriggerCallbackThread#callbackLog]-[197]-[Thread-86] <br>----------- xxl-job job callback fail, callbackResult:ReturnT [code=500, msg=xxl-rpc remoting fail, StatusCode(404) invalid. for url : http://localhost:8080/xxl-job-admin/api/callback, content=null]
2026-07-13 16:44:22 [com.xxl.job.core.thread.TriggerCallbackThread#callbackLog]-[197]-[Thread-86] <br>----------- xxl-job job callback fail, callbackResult:ReturnT [code=500, msg=xxl-rpc remoting fail, StatusCode(404) invalid. for url : http://localhost:8080/xxl-job-admin/api/callback, content=null]
2026-07-13 16:44:52 [com.xxl.job.core.thread.TriggerCallbackThread#callbackLog]-[197]-[Thread-86] <br>----------- xxl-job job callback fail, callbackResult:ReturnT [code=500, msg=xxl-rpc remoting fail, StatusCode(404) invalid. for url : http://localhost:8080/xxl-job-admin/api/callback, content=null]
2026-07-13 16:45:22 [com.xxl.job.core.thread.TriggerCallbackThread#callbackLog]-[197]-[Thread-86] <br>----------- xxl-job job callback fail, callbackResult:ReturnT [code=500, msg=xxl-rpc remoting fail, StatusCode(404) invalid. for url : http://localhost:8080/xxl-job-admin/api/callback, content=null]
2026-07-13 16:45:52 [com.xxl.job.core.thread.TriggerCallbackThread#callbackLog]-[197]-[Thread-86] <br>----------- xxl-job job callback fail, callbackResult:ReturnT [code=500, msg=xxl-rpc remoting fail, StatusCode(404) invalid. for url : http://localhost:8080/xxl-job-admin/api/callback, content=null]
2026-07-13 16:46:22 [com.xxl.job.core.thread.TriggerCallbackThread#callbackLog]-[197]-[Thread-86] <br>----------- xxl-job job callback fail, callbackResult:ReturnT [code=500, msg=xxl-rpc remoting fail, StatusCode(404) invalid. for url : http://localhost:8080/xxl-job-admin/api/callback, content=null]
2026-07-13 16:46:52 [com.xxl.job.core.thread.TriggerCallbackThread#callbackLog]-[197]-[Thread-86] <br>----------- xxl-job job callback fail, callbackResult:ReturnT [code=500, msg=xxl-rpc remoting fail, StatusCode(404) invalid. for url : http://localhost:8080/xxl-job-admin/api/callback, content=null]
2026-07-13 16:47:22 [com.xxl.job.core.thread.TriggerCallbackThread#callbackLog]-[197]-[Thread-86] <br>----------- xxl-job job callback fail, callbackResult:ReturnT [code=500, msg=xxl-rpc remoting fail, StatusCode(404) invalid. for url : http://localhost:8080/xxl-job-admin/api/callback, content=null]
2026-07-13 16:47:52 [com.xxl.job.core.thread.TriggerCallbackThread#callbackLog]-[197]-[Thread-86] <br>----------- xxl-job job callback fail, callbackResult:ReturnT [code=500, msg=xxl-rpc remoting fail, StatusCode(404) invalid. for url : http://localhost:8080/xxl-job-admin/api/callback, content=null]
2026-07-13 16:48:22 [com.xxl.job.core.thread.TriggerCallbackThread#callbackLog]-[197]-[Thread-86] <br>----------- xxl-job job callback fail, callbackResult:ReturnT [code=500, msg=xxl-rpc remoting fail, StatusCode(404) invalid. for url : http://localhost:8080/xxl-job-admin/api/callback, content=null]
2026-07-13 16:48:52 [com.xxl.job.core.thread.TriggerCallbackThread#callbackLog]-[197]-[Thread-86] <br>----------- xxl-job job callback fail, callbackResult:ReturnT [code=500, msg=xxl-rpc remoting fail, StatusCode(404) invalid. for url : http://localhost:8080/xxl-job-admin/api/callback, content=null]
2026-07-13 16:49:22 [com.xxl.job.core.thread.TriggerCallbackThread#callbackLog]-[197]-[Thread-86] <br>----------- xxl-job job callback fail, callbackResult:ReturnT [code=500, msg=xxl-rpc remoting fail, StatusCode(404) invalid. for url : http://localhost:8080/xxl-job-admin/api/callback, content=null]
2026-07-13 16:49:52 [com.xxl.job.core.thread.TriggerCallbackThread#callbackLog]-[197]-[Thread-86] <br>----------- xxl-job job callback fail, callbackResult:ReturnT [code=500, msg=xxl-rpc remoting fail, StatusCode(404) invalid. for url : http://localhost:8080/xxl-job-admin/api/callback, content=null]
2026-07-13 16:50:22 [com.xxl.job.core.thread.TriggerCallbackThread#callbackLog]-[197]-[Thread-86] <br>----------- xxl-job job callback fail, callbackResult:ReturnT [code=500, msg=xxl-rpc remoting fail, StatusCode(404) invalid. for url : http://localhost:8080/xxl-job-admin/api/callback, content=null]
2026-07-13 16:50:52 [com.xxl.job.core.thread.TriggerCallbackThread#callbackLog]-[197]-[Thread-86] <br>----------- xxl-job job callback fail, callbackResult:ReturnT [code=500, msg=xxl-rpc remoting fail, StatusCode(404) invalid. for url : http://localhost:8080/xxl-job-admin/api/callback, content=null]
2026-07-13 16:51:22 [com.xxl.job.core.thread.TriggerCallbackThread#callbackLog]-[197]-[Thread-86] <br>----------- xxl-job job callback fail, callbackResult:ReturnT [code=500, msg=xxl-rpc remoting fail, StatusCode(404) invalid. for url : http://localhost:8080/xxl-job-admin/api/callback, content=null]
2026-07-13 16:51:52 [com.xxl.job.core.thread.TriggerCallbackThread#callbackLog]-[197]-[Thread-86] <br>----------- xxl-job job callback fail, callbackResult:ReturnT [code=500, msg=xxl-rpc remoting fail, StatusCode(404) invalid. for url : http://localhost:8080/xxl-job-admin/api/callback, content=null]
2026-07-13 16:52:22 [com.xxl.job.core.thread.TriggerCallbackThread#callbackLog]-[197]-[Thread-86] <br>----------- xxl-job job callback fail, callbackResult:ReturnT [code=500, msg=xxl-rpc remoting fail, StatusCode(404) invalid. for url : http://localhost:8080/xxl-job-admin/api/callback, content=null]
2026-07-13 16:52:53 [com.xxl.job.core.thread.TriggerCallbackThread#callbackLog]-[197]-[Thread-86] <br>----------- xxl-job job callback fail, callbackResult:ReturnT [code=500, msg=xxl-rpc remoting fail, StatusCode(404) invalid. for url : http://localhost:8080/xxl-job-admin/api/callback, content=null]
2026-07-13 16:53:23 [com.xxl.job.core.thread.TriggerCallbackThread#callbackLog]-[197]-[Thread-86] <br>----------- xxl-job job callback fail, callbackResult:ReturnT [code=500, msg=xxl-rpc remoting fail, StatusCode(404) invalid. for url : http://localhost:8080/xxl-job-admin/api/callback, content=null]
2026-07-13 16:53:53 [com.xxl.job.core.thread.TriggerCallbackThread#callbackLog]-[197]-[Thread-86] <br>----------- xxl-job job callback fail, callbackResult:ReturnT [code=500, msg=xxl-rpc remoting fail, StatusCode(404) invalid. for url : http://localhost:8080/xxl-job-admin/api/callback, content=null]
2026-07-13 16:54:23 [com.xxl.job.core.thread.TriggerCallbackThread#callbackLog]-[197]-[Thread-86] <br>----------- xxl-job job callback fail, callbackResult:ReturnT [code=500, msg=xxl-rpc remoting fail, StatusCode(404) invalid. for url : http://localhost:8080/xxl-job-admin/api/callback, content=null]
2026-07-13 16:54:53 [com.xxl.job.core.thread.TriggerCallbackThread#callbackLog]-[197]-[Thread-86] <br>----------- xxl-job job callback fail, callbackResult:ReturnT [code=500, msg=xxl-rpc remoting fail, StatusCode(404) invalid. for url : http://localhost:8080/xxl-job-admin/api/callback, content=null]
2026-07-13 16:55:23 [com.xxl.job.core.thread.TriggerCallbackThread#callbackLog]-[197]-[Thread-86] <br>----------- xxl-job job callback fail, callbackResult:ReturnT [code=500, msg=xxl-rpc remoting fail, StatusCode(404) invalid. for url : http://localhost:8080/xxl-job-admin/api/callback, content=null]
2026-07-13 16:55:53 [com.xxl.job.core.thread.TriggerCallbackThread#callbackLog]-[197]-[Thread-86] <br>----------- xxl-job job callback fail, callbackResult:ReturnT [code=500, msg=xxl-rpc remoting fail, StatusCode(404) invalid. for url : http://localhost:8080/xxl-job-admin/api/callback, content=null]
2026-07-13 16:56:23 [com.xxl.job.core.thread.TriggerCallbackThread#callbackLog]-[197]-[Thread-86] <br>----------- xxl-job job callback fail, callbackResult:ReturnT [code=500, msg=xxl-rpc remoting fail, StatusCode(404) invalid. for url : http://localhost:8080/xxl-job-admin/api/callback, content=null]
2026-07-13 16:56:53 [com.xxl.job.core.thread.TriggerCallbackThread#callbackLog]-[197]-[Thread-86] <br>----------- xxl-job job callback fail, callbackResult:ReturnT [code=500, msg=xxl-rpc remoting fail, StatusCode(404) invalid. for url : http://localhost:8080/xxl-job-admin/api/callback, content=null]
2026-07-13 16:57:23 [com.xxl.job.core.thread.TriggerCallbackThread#callbackLog]-[197]-[Thread-86] <br>----------- xxl-job job callback fail, callbackResult:ReturnT [code=500, msg=xxl-rpc remoting fail, StatusCode(404) invalid. for url : http://localhost:8080/xxl-job-admin/api/callback, content=null]
2026-07-13 16:57:53 [com.xxl.job.core.thread.TriggerCallbackThread#callbackLog]-[197]-[Thread-86] <br>----------- xxl-job job callback fail, callbackResult:ReturnT [code=500, msg=xxl-rpc remoting fail, StatusCode(404) invalid. for url : http://localhost:8080/xxl-job-admin/api/callback, content=null]
2026-07-13 16:58:23 [com.xxl.job.core.thread.TriggerCallbackThread#callbackLog]-[197]-[Thread-86] <br>----------- xxl-job job callback fail, callbackResult:ReturnT [code=500, msg=xxl-rpc remoting fail, StatusCode(404) invalid. for url : http://localhost:8080/xxl-job-admin/api/callback, content=null]
2026-07-13 16:58:53 [com.xxl.job.core.thread.TriggerCallbackThread#callbackLog]-[197]-[Thread-86] <br>----------- xxl-job job callback fail, callbackResult:ReturnT [code=500, msg=xxl-rpc remoting fail, StatusCode(404) invalid. for url : http://localhost:8080/xxl-job-admin/api/callback, content=null]
2026-07-13 16:59:23 [com.xxl.job.core.thread.TriggerCallbackThread#callbackLog]-[197]-[Thread-86] <br>----------- xxl-job job callback fail, callbackResult:ReturnT [code=500, msg=xxl-rpc remoting fail, StatusCode(404) invalid. for url : http://localhost:8080/xxl-job-admin/api/callback, content=null]
2026-07-13 16:59:53 [com.xxl.job.core.thread.TriggerCallbackThread#callbackLog]-[197]-[Thread-86] <br>----------- xxl-job job callback fail, callbackResult:ReturnT [code=500, msg=xxl-rpc remoting fail, StatusCode(404) invalid. for url : http://localhost:8080/xxl-job-admin/api/callback, content=null]
2026-07-13 17:00:23 [com.xxl.job.core.thread.TriggerCallbackThread#callbackLog]-[197]-[Thread-86] <br>----------- xxl-job job callback fail, callbackResult:ReturnT [code=500, msg=xxl-rpc remoting fail, StatusCode(404) invalid. for url : http://localhost:8080/xxl-job-admin/api/callback, content=null]
2026-07-13 17:00:53 [com.xxl.job.core.thread.TriggerCallbackThread#callbackLog]-[197]-[Thread-86] <br>----------- xxl-job job callback fail, callbackResult:ReturnT [code=500, msg=xxl-rpc remoting fail, StatusCode(404) invalid. for url : http://localhost:8080/xxl-job-admin/api/callback, content=null]
2026-07-13 17:01:23 [com.xxl.job.core.thread.TriggerCallbackThread#callbackLog]-[197]-[Thread-86] <br>----------- xxl-job job callback fail, callbackResult:ReturnT [code=500, msg=xxl-rpc remoting fail, StatusCode(404) invalid. for url : http://localhost:8080/xxl-job-admin/api/callback, content=null]
2026-07-13 17:01:53 [com.xxl.job.core.thread.TriggerCallbackThread#callbackLog]-[197]-[Thread-86] <br>----------- xxl-job job callback fail, callbackResult:ReturnT [code=500, msg=xxl-rpc remoting fail, StatusCode(404) invalid. for url : http://localhost:8080/xxl-job-admin/api/callback, content=null]
2026-07-13 17:02:23 [com.xxl.job.core.thread.TriggerCallbackThread#callbackLog]-[197]-[Thread-86] <br>----------- xxl-job job callback fail, callbackResult:ReturnT [code=500, msg=xxl-rpc remoting fail, StatusCode(404) invalid. for url : http://localhost:8080/xxl-job-admin/api/callback, content=null]
2026-07-13 17:02:53 [com.xxl.job.core.thread.TriggerCallbackThread#callbackLog]-[197]-[Thread-86] <br>----------- xxl-job job callback fail, callbackResult:ReturnT [code=500, msg=xxl-rpc remoting fail, StatusCode(404) invalid. for url : http://localhost:8080/xxl-job-admin/api/callback, content=null]
2026-07-13 17:03:23 [com.xxl.job.core.thread.TriggerCallbackThread#callbackLog]-[197]-[Thread-86] <br>----------- xxl-job job callback fail, callbackResult:ReturnT [code=500, msg=xxl-rpc remoting fail, StatusCode(404) invalid. for url : http://localhost:8080/xxl-job-admin/api/callback, content=null]
2026-07-13 17:03:53 [com.xxl.job.core.thread.TriggerCallbackThread#callbackLog]-[197]-[Thread-86] <br>----------- xxl-job job callback fail, callbackResult:ReturnT [code=500, msg=xxl-rpc remoting fail, StatusCode(404) invalid. for url : http://localhost:8080/xxl-job-admin/api/callback, content=null]
2026-07-13 17:04:23 [com.xxl.job.core.thread.TriggerCallbackThread#callbackLog]-[197]-[Thread-86] <br>----------- xxl-job job callback fail, callbackResult:ReturnT [code=500, msg=xxl-rpc remoting fail, StatusCode(404) invalid. for url : http://localhost:8080/xxl-job-admin/api/callback, content=null]
2026-07-13 17:04:53 [com.xxl.job.core.thread.TriggerCallbackThread#callbackLog]-[197]-[Thread-86] <br>----------- xxl-job job callback fail, callbackResult:ReturnT [code=500, msg=xxl-rpc remoting fail, StatusCode(404) invalid. for url : http://localhost:8080/xxl-job-admin/api/callback, content=null]
2026-07-13 17:05:23 [com.xxl.job.core.thread.TriggerCallbackThread#callbackLog]-[197]-[Thread-86] <br>----------- xxl-job job callback fail, callbackResult:ReturnT [code=500, msg=xxl-rpc remoting fail, StatusCode(404) invalid. for url : http://localhost:8080/xxl-job-admin/api/callback, content=null]
2026-07-13 17:05:53 [com.xxl.job.core.thread.TriggerCallbackThread#callbackLog]-[197]-[Thread-86] <br>----------- xxl-job job callback fail, callbackResult:ReturnT [code=500, msg=xxl-rpc remoting fail, StatusCode(404) invalid. for url : http://localhost:8080/xxl-job-admin/api/callback, content=null]
2026-07-13 17:06:23 [com.xxl.job.core.thread.TriggerCallbackThread#callbackLog]-[197]-[Thread-86] <br>----------- xxl-job job callback fail, callbackResult:ReturnT [code=500, msg=xxl-rpc remoting fail, StatusCode(404) invalid. for url : http://localhost:8080/xxl-job-admin/api/callback, content=null]
2026-07-13 17:06:53 [com.xxl.job.core.thread.TriggerCallbackThread#callbackLog]-[197]-[Thread-86] <br>----------- xxl-job job callback fail, callbackResult:ReturnT [code=500, msg=xxl-rpc remoting fail, StatusCode(404) invalid. for url : http://localhost:8080/xxl-job-admin/api/callback, content=null]
2026-07-13 17:07:23 [com.xxl.job.core.thread.TriggerCallbackThread#callbackLog]-[197]-[Thread-86] <br>----------- xxl-job job callback fail, callbackResult:ReturnT [code=500, msg=xxl-rpc remoting fail, StatusCode(404) invalid. for url : http://localhost:8080/xxl-job-admin/api/callback, content=null]
2026-07-13 17:07:53 [com.xxl.job.core.thread.TriggerCallbackThread#callbackLog]-[197]-[Thread-86] <br>----------- xxl-job job callback fail, callbackResult:ReturnT [code=500, msg=xxl-rpc remoting fail, StatusCode(404) invalid. for url : http://localhost:8080/xxl-job-admin/api/callback, content=null]
2026-07-13 17:08:23 [com.xxl.job.core.thread.TriggerCallbackThread#callbackLog]-[197]-[Thread-86] <br>----------- xxl-job job callback fail, callbackResult:ReturnT [code=500, msg=xxl-rpc remoting fail, StatusCode(404) invalid. for url : http://localhost:8080/xxl-job-admin/api/callback, content=null]
2026-07-13 17:08:53 [com.xxl.job.core.thread.TriggerCallbackThread#callbackLog]-[197]-[Thread-86] <br>----------- xxl-job job callback fail, callbackResult:ReturnT [code=500, msg=xxl-rpc remoting fail, StatusCode(404) invalid. for url : http://localhost:8080/xxl-job-admin/api/callback, content=null]
2026-07-13 17:09:23 [com.xxl.job.core.thread.TriggerCallbackThread#callbackLog]-[197]-[Thread-86] <br>----------- xxl-job job callback fail, callbackResult:ReturnT [code=500, msg=xxl-rpc remoting fail, StatusCode(404) invalid. for url : http://localhost:8080/xxl-job-admin/api/callback, content=null]
2026-07-13 17:09:53 [com.xxl.job.core.thread.TriggerCallbackThread#callbackLog]-[197]-[Thread-86] <br>----------- xxl-job job callback fail, callbackResult:ReturnT [code=500, msg=xxl-rpc remoting fail, StatusCode(404) invalid. for url : http://localhost:8080/xxl-job-admin/api/callback, content=null]
2026-07-13 17:10:23 [com.xxl.job.core.thread.TriggerCallbackThread#callbackLog]-[197]-[Thread-86] <br>----------- xxl-job job callback fail, callbackResult:ReturnT [code=500, msg=xxl-rpc remoting fail, StatusCode(404) invalid. for url : http://localhost:8080/xxl-job-admin/api/callback, content=null]
2026-07-13 17:10:53 [com.xxl.job.core.thread.TriggerCallbackThread#callbackLog]-[197]-[Thread-86] <br>----------- xxl-job job callback fail, callbackResult:ReturnT [code=500, msg=xxl-rpc remoting fail, StatusCode(404) invalid. for url : http://localhost:8080/xxl-job-admin/api/callback, content=null]
2026-07-13 17:11:28 [com.xxl.job.core.thread.TriggerCallbackThread#callbackLog]-[197]-[Thread-64] <br>----------- xxl-job job callback fail, callbackResult:ReturnT [code=500, msg=xxl-rpc remoting fail, StatusCode(404) invalid. for url : http://localhost:8080/xxl-job-admin/api/callback, content=null]
2026-07-13 17:11:58 [com.xxl.job.core.thread.TriggerCallbackThread#callbackLog]-[197]-[Thread-64] <br>----------- xxl-job job callback fail, callbackResult:ReturnT [code=500, msg=xxl-rpc remoting fail, StatusCode(404) invalid. for url : http://localhost:8080/xxl-job-admin/api/callback, content=null]
2026-07-13 17:12:28 [com.xxl.job.core.thread.TriggerCallbackThread#callbackLog]-[197]-[Thread-64] <br>----------- xxl-job job callback fail, callbackResult:ReturnT [code=500, msg=xxl-rpc remoting fail, StatusCode(404) invalid. for url : http://localhost:8080/xxl-job-admin/api/callback, content=null]
2026-07-13 17:12:58 [com.xxl.job.core.thread.TriggerCallbackThread#callbackLog]-[197]-[Thread-64] <br>----------- xxl-job job callback fail, callbackResult:ReturnT [code=500, msg=xxl-rpc remoting fail, StatusCode(404) invalid. for url : http://localhost:8080/xxl-job-admin/api/callback, content=null]
2026-07-13 17:13:28 [com.xxl.job.core.thread.TriggerCallbackThread#callbackLog]-[197]-[Thread-64] <br>----------- xxl-job job callback fail, callbackResult:ReturnT [code=500, msg=xxl-rpc remoting fail, StatusCode(404) invalid. for url : http://localhost:8080/xxl-job-admin/api/callback, content=null]
2026-07-13 17:13:58 [com.xxl.job.core.thread.TriggerCallbackThread#callbackLog]-[197]-[Thread-64] <br>----------- xxl-job job callback fail, callbackResult:ReturnT [code=500, msg=xxl-rpc remoting fail, StatusCode(404) invalid. for url : http://localhost:8080/xxl-job-admin/api/callback, content=null]
2026-07-13 17:14:28 [com.xxl.job.core.thread.TriggerCallbackThread#callbackLog]-[197]-[Thread-64] <br>----------- xxl-job job callback fail, callbackResult:ReturnT [code=500, msg=xxl-rpc remoting fail, StatusCode(404) invalid. for url : http://localhost:8080/xxl-job-admin/api/callback, content=null]
2026-07-13 17:14:58 [com.xxl.job.core.thread.TriggerCallbackThread#callbackLog]-[197]-[Thread-64] <br>----------- xxl-job job callback fail, callbackResult:ReturnT [code=500, msg=xxl-rpc remoting fail, StatusCode(404) invalid. for url : http://localhost:8080/xxl-job-admin/api/callback, content=null]
2026-07-13 17:15:28 [com.xxl.job.core.thread.TriggerCallbackThread#callbackLog]-[197]-[Thread-64] <br>----------- xxl-job job callback fail, callbackResult:ReturnT [code=500, msg=xxl-rpc remoting fail, StatusCode(404) invalid. for url : http://localhost:8080/xxl-job-admin/api/callback, content=null]
2026-07-13 17:15:58 [com.xxl.job.core.thread.TriggerCallbackThread#callbackLog]-[197]-[Thread-64] <br>----------- xxl-job job callback fail, callbackResult:ReturnT [code=500, msg=xxl-rpc remoting fail, StatusCode(404) invalid. for url : http://localhost:8080/xxl-job-admin/api/callback, content=null]
2026-07-13 17:16:28 [com.xxl.job.core.thread.TriggerCallbackThread#callbackLog]-[197]-[Thread-64] <br>----------- xxl-job job callback fail, callbackResult:ReturnT [code=500, msg=xxl-rpc remoting fail, StatusCode(404) invalid. for url : http://localhost:8080/xxl-job-admin/api/callback, content=null]
2026-07-13 17:16:58 [com.xxl.job.core.thread.TriggerCallbackThread#callbackLog]-[197]-[Thread-64] <br>----------- xxl-job job callback fail, callbackResult:ReturnT [code=500, msg=xxl-rpc remoting fail, StatusCode(404) invalid. for url : http://localhost:8080/xxl-job-admin/api/callback, content=null]
2026-07-13 17:17:28 [com.xxl.job.core.thread.TriggerCallbackThread#callbackLog]-[197]-[Thread-64] <br>----------- xxl-job job callback fail, callbackResult:ReturnT [code=500, msg=xxl-rpc remoting fail, StatusCode(404) invalid. for url : http://localhost:8080/xxl-job-admin/api/callback, content=null]
2026-07-13 17:17:58 [com.xxl.job.core.thread.TriggerCallbackThread#callbackLog]-[197]-[Thread-64] <br>----------- xxl-job job callback fail, callbackResult:ReturnT [code=500, msg=xxl-rpc remoting fail, StatusCode(404) invalid. for url : http://localhost:8080/xxl-job-admin/api/callback, content=null]
2026-07-13 17:18:28 [com.xxl.job.core.thread.TriggerCallbackThread#callbackLog]-[197]-[Thread-64] <br>----------- xxl-job job callback fail, callbackResult:ReturnT [code=500, msg=xxl-rpc remoting fail, StatusCode(404) invalid. for url : http://localhost:8080/xxl-job-admin/api/callback, content=null]
2026-07-13 17:18:58 [com.xxl.job.core.thread.TriggerCallbackThread#callbackLog]-[197]-[Thread-64] <br>----------- xxl-job job callback fail, callbackResult:ReturnT [code=500, msg=xxl-rpc remoting fail, StatusCode(404) invalid. for url : http://localhost:8080/xxl-job-admin/api/callback, content=null]
2026-07-13 17:19:28 [com.xxl.job.core.thread.TriggerCallbackThread#callbackLog]-[197]-[Thread-64] <br>----------- xxl-job job callback fail, callbackResult:ReturnT [code=500, msg=xxl-rpc remoting fail, StatusCode(404) invalid. for url : http://localhost:8080/xxl-job-admin/api/callback, content=null]
2026-07-13 17:19:58 [com.xxl.job.core.thread.TriggerCallbackThread#callbackLog]-[197]-[Thread-64] <br>----------- xxl-job job callback fail, callbackResult:ReturnT [code=500, msg=xxl-rpc remoting fail, StatusCode(404) invalid. for url : http://localhost:8080/xxl-job-admin/api/callback, content=null]
2026-07-13 17:20:28 [com.xxl.job.core.thread.TriggerCallbackThread#callbackLog]-[197]-[Thread-64] <br>----------- xxl-job job callback fail, callbackResult:ReturnT [code=500, msg=xxl-rpc remoting fail, StatusCode(404) invalid. for url : http://localhost:8080/xxl-job-admin/api/callback, content=null]
2026-07-13 17:20:58 [com.xxl.job.core.thread.TriggerCallbackThread#callbackLog]-[197]-[Thread-64] <br>----------- xxl-job job callback fail, callbackResult:ReturnT [code=500, msg=xxl-rpc remoting fail, StatusCode(404) invalid. for url : http://localhost:8080/xxl-job-admin/api/callback, content=null]
2026-07-13 17:21:28 [com.xxl.job.core.thread.TriggerCallbackThread#callbackLog]-[197]-[Thread-64] <br>----------- xxl-job job callback fail, callbackResult:ReturnT [code=500, msg=xxl-rpc remoting fail, StatusCode(404) invalid. for url : http://localhost:8080/xxl-job-admin/api/callback, content=null]
2026-07-13 17:21:58 [com.xxl.job.core.thread.TriggerCallbackThread#callbackLog]-[197]-[Thread-64] <br>----------- xxl-job job callback fail, callbackResult:ReturnT [code=500, msg=xxl-rpc remoting fail, StatusCode(404) invalid. for url : http://localhost:8080/xxl-job-admin/api/callback, content=null]
2026-07-13 17:22:28 [com.xxl.job.core.thread.TriggerCallbackThread#callbackLog]-[197]-[Thread-64] <br>----------- xxl-job job callback fail, callbackResult:ReturnT [code=500, msg=xxl-rpc remoting fail, StatusCode(404) invalid. for url : http://localhost:8080/xxl-job-admin/api/callback, content=null]
2026-07-13 17:22:58 [com.xxl.job.core.thread.TriggerCallbackThread#callbackLog]-[197]-[Thread-64] <br>----------- xxl-job job callback fail, callbackResult:ReturnT [code=500, msg=xxl-rpc remoting fail, StatusCode(404) invalid. for url : http://localhost:8080/xxl-job-admin/api/callback, content=null]
2026-07-13 17:23:28 [com.xxl.job.core.thread.TriggerCallbackThread#callbackLog]-[197]-[Thread-64] <br>----------- xxl-job job callback fail, callbackResult:ReturnT [code=500, msg=xxl-rpc remoting fail, StatusCode(404) invalid. for url : http://localhost:8080/xxl-job-admin/api/callback, content=null]
2026-07-13 17:23:58 [com.xxl.job.core.thread.TriggerCallbackThread#callbackLog]-[197]-[Thread-64] <br>----------- xxl-job job callback fail, callbackResult:ReturnT [code=500, msg=xxl-rpc remoting fail, StatusCode(404) invalid. for url : http://localhost:8080/xxl-job-admin/api/callback, content=null]
2026-07-13 17:24:28 [com.xxl.job.core.thread.TriggerCallbackThread#callbackLog]-[197]-[Thread-64] <br>----------- xxl-job job callback fail, callbackResult:ReturnT [code=500, msg=xxl-rpc remoting fail, StatusCode(404) invalid. for url : http://localhost:8080/xxl-job-admin/api/callback, content=null]
2026-07-13 17:24:58 [com.xxl.job.core.thread.TriggerCallbackThread#callbackLog]-[197]-[Thread-64] <br>----------- xxl-job job callback fail, callbackResult:ReturnT [code=500, msg=xxl-rpc remoting fail, StatusCode(404) invalid. for url : http://localhost:8080/xxl-job-admin/api/callback, content=null]
2026-07-13 17:25:28 [com.xxl.job.core.thread.TriggerCallbackThread#callbackLog]-[197]-[Thread-64] <br>----------- xxl-job job callback fail, callbackResult:ReturnT [code=500, msg=xxl-rpc remoting fail, StatusCode(404) invalid. for url : http://localhost:8080/xxl-job-admin/api/callback, content=null]
2026-07-13 17:25:59 [com.xxl.job.core.thread.TriggerCallbackThread#callbackLog]-[197]-[Thread-64] <br>----------- xxl-job job callback fail, callbackResult:ReturnT [code=500, msg=xxl-rpc remoting fail, StatusCode(404) invalid. for url : http://localhost:8080/xxl-job-admin/api/callback, content=null]
2026-07-13 17:26:29 [com.xxl.job.core.thread.TriggerCallbackThread#callbackLog]-[197]-[Thread-64] <br>----------- xxl-job job callback fail, callbackResult:ReturnT [code=500, msg=xxl-rpc remoting fail, StatusCode(404) invalid. for url : http://localhost:8080/xxl-job-admin/api/callback, content=null]
2026-07-13 17:26:59 [com.xxl.job.core.thread.TriggerCallbackThread#callbackLog]-[197]-[Thread-64] <br>----------- xxl-job job callback fail, callbackResult:ReturnT [code=500, msg=xxl-rpc remoting fail, StatusCode(404) invalid. for url : http://localhost:8080/xxl-job-admin/api/callback, content=null]
2026-07-13 17:27:29 [com.xxl.job.core.thread.TriggerCallbackThread#callbackLog]-[197]-[Thread-64] <br>----------- xxl-job job callback fail, callbackResult:ReturnT [code=500, msg=xxl-rpc remoting fail, StatusCode(404) invalid. for url : http://localhost:8080/xxl-job-admin/api/callback, content=null]
2026-07-13 17:27:59 [com.xxl.job.core.thread.TriggerCallbackThread#callbackLog]-[197]-[Thread-64] <br>----------- xxl-job job callback fail, callbackResult:ReturnT [code=500, msg=xxl-rpc remoting fail, StatusCode(404) invalid. for url : http://localhost:8080/xxl-job-admin/api/callback, content=null]
2026-07-13 17:28:29 [com.xxl.job.core.thread.TriggerCallbackThread#callbackLog]-[197]-[Thread-64] <br>----------- xxl-job job callback fail, callbackResult:ReturnT [code=500, msg=xxl-rpc remoting fail, StatusCode(404) invalid. for url : http://localhost:8080/xxl-job-admin/api/callback, content=null]
2026-07-13 17:28:59 [com.xxl.job.core.thread.TriggerCallbackThread#callbackLog]-[197]-[Thread-64] <br>----------- xxl-job job callback fail, callbackResult:ReturnT [code=500, msg=xxl-rpc remoting fail, StatusCode(404) invalid. for url : http://localhost:8080/xxl-job-admin/api/callback, content=null]
2026-07-13 17:29:29 [com.xxl.job.core.thread.TriggerCallbackThread#callbackLog]-[197]-[Thread-64] <br>----------- xxl-job job callback fail, callbackResult:ReturnT [code=500, msg=xxl-rpc remoting fail, StatusCode(404) invalid. for url : http://localhost:8080/xxl-job-admin/api/callback, content=null]
2026-07-13 17:29:59 [com.xxl.job.core.thread.TriggerCallbackThread#callbackLog]-[197]-[Thread-64] <br>----------- xxl-job job callback fail, callbackResult:ReturnT [code=500, msg=xxl-rpc remoting fail, StatusCode(404) invalid. for url : http://localhost:8080/xxl-job-admin/api/callback, content=null]
2026-07-13 17:30:29 [com.xxl.job.core.thread.TriggerCallbackThread#callbackLog]-[197]-[Thread-64] <br>----------- xxl-job job callback fail, callbackResult:ReturnT [code=500, msg=xxl-rpc remoting fail, StatusCode(404) invalid. for url : http://localhost:8080/xxl-job-admin/api/callback, content=null]
2026-07-13 17:30:59 [com.xxl.job.core.thread.TriggerCallbackThread#callbackLog]-[197]-[Thread-64] <br>----------- xxl-job job callback fail, callbackResult:ReturnT [code=500, msg=xxl-rpc remoting fail, StatusCode(404) invalid. for url : http://localhost:8080/xxl-job-admin/api/callback, content=null]
2026-07-13 17:31:29 [com.xxl.job.core.thread.TriggerCallbackThread#callbackLog]-[197]-[Thread-64] <br>----------- xxl-job job callback fail, callbackResult:ReturnT [code=500, msg=xxl-rpc remoting fail, StatusCode(404) invalid. for url : http://localhost:8080/xxl-job-admin/api/callback, content=null]
2026-07-13 17:31:59 [com.xxl.job.core.thread.TriggerCallbackThread#callbackLog]-[197]-[Thread-64] <br>----------- xxl-job job callback fail, callbackResult:ReturnT [code=500, msg=xxl-rpc remoting fail, StatusCode(404) invalid. for url : http://localhost:8080/xxl-job-admin/api/callback, content=null]
2026-07-13 17:32:29 [com.xxl.job.core.thread.TriggerCallbackThread#callbackLog]-[197]-[Thread-64] <br>----------- xxl-job job callback fail, callbackResult:ReturnT [code=500, msg=xxl-rpc remoting fail, StatusCode(404) invalid. for url : http://localhost:8080/xxl-job-admin/api/callback, content=null]
2026-07-13 17:32:59 [com.xxl.job.core.thread.TriggerCallbackThread#callbackLog]-[197]-[Thread-64] <br>----------- xxl-job job callback fail, callbackResult:ReturnT [code=500, msg=xxl-rpc remoting fail, StatusCode(404) invalid. for url : http://localhost:8080/xxl-job-admin/api/callback, content=null]
2026-07-13 17:33:29 [com.xxl.job.core.thread.TriggerCallbackThread#callbackLog]-[197]-[Thread-64] <br>----------- xxl-job job callback fail, callbackResult:ReturnT [code=500, msg=xxl-rpc remoting fail, StatusCode(404) invalid. for url : http://localhost:8080/xxl-job-admin/api/callback, content=null]
2026-07-13 17:33:59 [com.xxl.job.core.thread.TriggerCallbackThread#callbackLog]-[197]-[Thread-64] <br>----------- xxl-job job callback fail, callbackResult:ReturnT [code=500, msg=xxl-rpc remoting fail, StatusCode(404) invalid. for url : http://localhost:8080/xxl-job-admin/api/callback, content=null]
2026-07-13 17:34:29 [com.xxl.job.core.thread.TriggerCallbackThread#callbackLog]-[197]-[Thread-64] <br>----------- xxl-job job callback fail, callbackResult:ReturnT [code=500, msg=xxl-rpc remoting fail, StatusCode(404) invalid. for url : http://localhost:8080/xxl-job-admin/api/callback, content=null]
2026-07-13 17:34:59 [com.xxl.job.core.thread.TriggerCallbackThread#callbackLog]-[197]-[Thread-64] <br>----------- xxl-job job callback fail, callbackResult:ReturnT [code=500, msg=xxl-rpc remoting fail, StatusCode(404) invalid. for url : http://localhost:8080/xxl-job-admin/api/callback, content=null]
2026-07-13 17:35:29 [com.xxl.job.core.thread.TriggerCallbackThread#callbackLog]-[197]-[Thread-64] <br>----------- xxl-job job callback fail, callbackResult:ReturnT [code=500, msg=xxl-rpc remoting fail, StatusCode(404) invalid. for url : http://localhost:8080/xxl-job-admin/api/callback, content=null]
2026-07-13 17:35:59 [com.xxl.job.core.thread.TriggerCallbackThread#callbackLog]-[197]-[Thread-64] <br>----------- xxl-job job callback fail, callbackResult:ReturnT [code=500, msg=xxl-rpc remoting fail, StatusCode(404) invalid. for url : http://localhost:8080/xxl-job-admin/api/callback, content=null]
2026-07-13 17:36:29 [com.xxl.job.core.thread.TriggerCallbackThread#callbackLog]-[197]-[Thread-64] <br>----------- xxl-job job callback fail, callbackResult:ReturnT [code=500, msg=xxl-rpc remoting fail, StatusCode(404) invalid. for url : http://localhost:8080/xxl-job-admin/api/callback, content=null]
2026-07-13 17:36:59 [com.xxl.job.core.thread.TriggerCallbackThread#callbackLog]-[197]-[Thread-64] <br>----------- xxl-job job callback fail, callbackResult:ReturnT [code=500, msg=xxl-rpc remoting fail, StatusCode(404) invalid. for url : http://localhost:8080/xxl-job-admin/api/callback, content=null]
2026-07-13 17:37:29 [com.xxl.job.core.thread.TriggerCallbackThread#callbackLog]-[197]-[Thread-64] <br>----------- xxl-job job callback fail, callbackResult:ReturnT [code=500, msg=xxl-rpc remoting fail, StatusCode(404) invalid. for url : http://localhost:8080/xxl-job-admin/api/callback, content=null]
2026-07-13 17:37:59 [com.xxl.job.core.thread.TriggerCallbackThread#callbackLog]-[197]-[Thread-64] <br>----------- xxl-job job callback fail, callbackResult:ReturnT [code=500, msg=xxl-rpc remoting fail, StatusCode(404) invalid. for url : http://localhost:8080/xxl-job-admin/api/callback, content=null]
2026-07-13 17:38:29 [com.xxl.job.core.thread.TriggerCallbackThread#callbackLog]-[197]-[Thread-64] <br>----------- xxl-job job callback fail, callbackResult:ReturnT [code=500, msg=xxl-rpc remoting fail, StatusCode(404) invalid. for url : http://localhost:8080/xxl-job-admin/api/callback, content=null]
2026-07-13 17:38:59 [com.xxl.job.core.thread.TriggerCallbackThread#callbackLog]-[197]-[Thread-64] <br>----------- xxl-job job callback fail, callbackResult:ReturnT [code=500, msg=xxl-rpc remoting fail, StatusCode(404) invalid. for url : http://localhost:8080/xxl-job-admin/api/callback, content=null]
2026-07-13 17:39:29 [com.xxl.job.core.thread.TriggerCallbackThread#callbackLog]-[197]-[Thread-64] <br>----------- xxl-job job callback fail, callbackResult:ReturnT [code=500, msg=xxl-rpc remoting fail, StatusCode(404) invalid. for url : http://localhost:8080/xxl-job-admin/api/callback, content=null]
2026-07-13 17:39:59 [com.xxl.job.core.thread.TriggerCallbackThread#callbackLog]-[197]-[Thread-64] <br>----------- xxl-job job callback fail, callbackResult:ReturnT [code=500, msg=xxl-rpc remoting fail, StatusCode(404) invalid. for url : http://localhost:8080/xxl-job-admin/api/callback, content=null]
2026-07-13 17:40:29 [com.xxl.job.core.thread.TriggerCallbackThread#callbackLog]-[197]-[Thread-64] <br>----------- xxl-job job callback fail, callbackResult:ReturnT [code=500, msg=xxl-rpc remoting fail, StatusCode(404) invalid. for url : http://localhost:8080/xxl-job-admin/api/callback, content=null]
2026-07-13 17:40:59 [com.xxl.job.core.thread.TriggerCallbackThread#callbackLog]-[197]-[Thread-64] <br>----------- xxl-job job callback fail, callbackResult:ReturnT [code=500, msg=xxl-rpc remoting fail, StatusCode(404) invalid. for url : http://localhost:8080/xxl-job-admin/api/callback, content=null]
2026-07-13 17:41:29 [com.xxl.job.core.thread.TriggerCallbackThread#callbackLog]-[197]-[Thread-64] <br>----------- xxl-job job callback fail, callbackResult:ReturnT [code=500, msg=xxl-rpc remoting fail, StatusCode(404) invalid. for url : http://localhost:8080/xxl-job-admin/api/callback, content=null]
2026-07-13 19:38:06 [com.xxl.job.core.thread.TriggerCallbackThread#callbackLog]-[197]-[Thread-73] <br>----------- xxl-job job callback fail, callbackResult:ReturnT [code=500, msg=xxl-rpc remoting fail, StatusCode(404) invalid. for url : http://localhost:8080/xxl-job-admin/api/callback, content=null]
2026-07-13 19:38:36 [com.xxl.job.core.thread.TriggerCallbackThread#callbackLog]-[197]-[Thread-73] <br>----------- xxl-job job callback fail, callbackResult:ReturnT [code=500, msg=xxl-rpc remoting fail, StatusCode(404) invalid. for url : http://localhost:8080/xxl-job-admin/api/callback, content=null]
2026-07-13 19:39:06 [com.xxl.job.core.thread.TriggerCallbackThread#callbackLog]-[197]-[Thread-73] <br>----------- xxl-job job callback fail, callbackResult:ReturnT [code=500, msg=xxl-rpc remoting fail, StatusCode(404) invalid. for url : http://localhost:8080/xxl-job-admin/api/callback, content=null]
2026-07-13 19:39:36 [com.xxl.job.core.thread.TriggerCallbackThread#callbackLog]-[197]-[Thread-73] <br>----------- xxl-job job callback fail, callbackResult:ReturnT [code=500, msg=xxl-rpc remoting fail, StatusCode(404) invalid. for url : http://localhost:8080/xxl-job-admin/api/callback, content=null]
2026-07-13 19:40:06 [com.xxl.job.core.thread.TriggerCallbackThread#callbackLog]-[197]-[Thread-73] <br>----------- xxl-job job callback fail, callbackResult:ReturnT [code=500, msg=xxl-rpc remoting fail, StatusCode(404) invalid. for url : http://localhost:8080/xxl-job-admin/api/callback, content=null]
2026-07-13 19:40:36 [com.xxl.job.core.thread.TriggerCallbackThread#callbackLog]-[197]-[Thread-73] <br>----------- xxl-job job callback fail, callbackResult:ReturnT [code=500, msg=xxl-rpc remoting fail, StatusCode(404) invalid. for url : http://localhost:8080/xxl-job-admin/api/callback, content=null]
2026-07-13 19:41:06 [com.xxl.job.core.thread.TriggerCallbackThread#callbackLog]-[197]-[Thread-73] <br>----------- xxl-job job callback fail, callbackResult:ReturnT [code=500, msg=xxl-rpc remoting fail, StatusCode(404) invalid. for url : http://localhost:8080/xxl-job-admin/api/callback, content=null]
2026-07-13 19:41:36 [com.xxl.job.core.thread.TriggerCallbackThread#callbackLog]-[197]-[Thread-73] <br>----------- xxl-job job callback fail, callbackResult:ReturnT [code=500, msg=xxl-rpc remoting fail, StatusCode(404) invalid. for url : http://localhost:8080/xxl-job-admin/api/callback, content=null]
2026-07-13 19:42:06 [com.xxl.job.core.thread.TriggerCallbackThread#callbackLog]-[197]-[Thread-73] <br>----------- xxl-job job callback fail, callbackResult:ReturnT [code=500, msg=xxl-rpc remoting fail, StatusCode(404) invalid. for url : http://localhost:8080/xxl-job-admin/api/callback, content=null]
2026-07-13 19:42:36 [com.xxl.job.core.thread.TriggerCallbackThread#callbackLog]-[197]-[Thread-73] <br>----------- xxl-job job callback fail, callbackResult:ReturnT [code=500, msg=xxl-rpc remoting fail, StatusCode(404) invalid. for url : http://localhost:8080/xxl-job-admin/api/callback, content=null]
2026-07-13 19:43:06 [com.xxl.job.core.thread.TriggerCallbackThread#callbackLog]-[197]-[Thread-73] <br>----------- xxl-job job callback fail, callbackResult:ReturnT [code=500, msg=xxl-rpc remoting fail, StatusCode(404) invalid. for url : http://localhost:8080/xxl-job-admin/api/callback, content=null]
2026-07-13 19:43:36 [com.xxl.job.core.thread.TriggerCallbackThread#callbackLog]-[197]-[Thread-73] <br>----------- xxl-job job callback fail, callbackResult:ReturnT [code=500, msg=xxl-rpc remoting fail, StatusCode(404) invalid. for url : http://localhost:8080/xxl-job-admin/api/callback, content=null]
2026-07-13 19:44:06 [com.xxl.job.core.thread.TriggerCallbackThread#callbackLog]-[197]-[Thread-73] <br>----------- xxl-job job callback fail, callbackResult:ReturnT [code=500, msg=xxl-rpc remoting fail, StatusCode(404) invalid. for url : http://localhost:8080/xxl-job-admin/api/callback, content=null]
2026-07-13 19:44:36 [com.xxl.job.core.thread.TriggerCallbackThread#callbackLog]-[197]-[Thread-73] <br>----------- xxl-job job callback fail, callbackResult:ReturnT [code=500, msg=xxl-rpc remoting fail, StatusCode(404) invalid. for url : http://localhost:8080/xxl-job-admin/api/callback, content=null]
2026-07-13 19:45:06 [com.xxl.job.core.thread.TriggerCallbackThread#callbackLog]-[197]-[Thread-73] <br>----------- xxl-job job callback fail, callbackResult:ReturnT [code=500, msg=xxl-rpc remoting fail, StatusCode(404) invalid. for url : http://localhost:8080/xxl-job-admin/api/callback, content=null]
2026-07-13 19:45:36 [com.xxl.job.core.thread.TriggerCallbackThread#callbackLog]-[197]-[Thread-73] <br>----------- xxl-job job callback fail, callbackResult:ReturnT [code=500, msg=xxl-rpc remoting fail, StatusCode(404) invalid. for url : http://localhost:8080/xxl-job-admin/api/callback, content=null]
2026-07-13 19:46:06 [com.xxl.job.core.thread.TriggerCallbackThread#callbackLog]-[197]-[Thread-73] <br>----------- xxl-job job callback fail, callbackResult:ReturnT [code=500, msg=xxl-rpc remoting fail, StatusCode(404) invalid. for url : http://localhost:8080/xxl-job-admin/api/callback, content=null]
2026-07-13 19:47:42 [com.xxl.job.core.thread.TriggerCallbackThread#callbackLog]-[197]-[Thread-66] <br>----------- xxl-job job callback fail, callbackResult:ReturnT [code=500, msg=xxl-rpc remoting fail, StatusCode(404) invalid. for url : http://localhost:8080/xxl-job-admin/api/callback, content=null]
2026-07-13 19:48:12 [com.xxl.job.core.thread.TriggerCallbackThread#callbackLog]-[197]-[Thread-66] <br>----------- xxl-job job callback fail, callbackResult:ReturnT [code=500, msg=xxl-rpc remoting fail, StatusCode(404) invalid. for url : http://localhost:8080/xxl-job-admin/api/callback, content=null]
2026-07-13 19:48:42 [com.xxl.job.core.thread.TriggerCallbackThread#callbackLog]-[197]-[Thread-66] <br>----------- xxl-job job callback fail, callbackResult:ReturnT [code=500, msg=xxl-rpc remoting fail, StatusCode(404) invalid. for url : http://localhost:8080/xxl-job-admin/api/callback, content=null]
2026-07-13 19:49:12 [com.xxl.job.core.thread.TriggerCallbackThread#callbackLog]-[197]-[Thread-66] <br>----------- xxl-job job callback fail, callbackResult:ReturnT [code=500, msg=xxl-rpc remoting fail, StatusCode(404) invalid. for url : http://localhost:8080/xxl-job-admin/api/callback, content=null]
2026-07-13 19:49:42 [com.xxl.job.core.thread.TriggerCallbackThread#callbackLog]-[197]-[Thread-66] <br>----------- xxl-job job callback fail, callbackResult:ReturnT [code=500, msg=xxl-rpc remoting fail, StatusCode(404) invalid. for url : http://localhost:8080/xxl-job-admin/api/callback, content=null]
2026-07-13 19:50:12 [com.xxl.job.core.thread.TriggerCallbackThread#callbackLog]-[197]-[Thread-66] <br>----------- xxl-job job callback fail, callbackResult:ReturnT [code=500, msg=xxl-rpc remoting fail, StatusCode(404) invalid. for url : http://localhost:8080/xxl-job-admin/api/callback, content=null]
2026-07-13 19:50:42 [com.xxl.job.core.thread.TriggerCallbackThread#callbackLog]-[197]-[Thread-66] <br>----------- xxl-job job callback fail, callbackResult:ReturnT [code=500, msg=xxl-rpc remoting fail, StatusCode(404) invalid. for url : http://localhost:8080/xxl-job-admin/api/callback, content=null]
2026-07-13 19:51:12 [com.xxl.job.core.thread.TriggerCallbackThread#callbackLog]-[197]-[Thread-66] <br>----------- xxl-job job callback fail, callbackResult:ReturnT [code=500, msg=xxl-rpc remoting fail, StatusCode(404) invalid. for url : http://localhost:8080/xxl-job-admin/api/callback, content=null]
2026-07-13 19:51:42 [com.xxl.job.core.thread.TriggerCallbackThread#callbackLog]-[197]-[Thread-66] <br>----------- xxl-job job callback fail, callbackResult:ReturnT [code=500, msg=xxl-rpc remoting fail, StatusCode(404) invalid. for url : http://localhost:8080/xxl-job-admin/api/callback, content=null]
2026-07-13 19:52:12 [com.xxl.job.core.thread.TriggerCallbackThread#callbackLog]-[197]-[Thread-66] <br>----------- xxl-job job callback fail, callbackResult:ReturnT [code=500, msg=xxl-rpc remoting fail, StatusCode(404) invalid. for url : http://localhost:8080/xxl-job-admin/api/callback, content=null]
2026-07-13 19:52:42 [com.xxl.job.core.thread.TriggerCallbackThread#callbackLog]-[197]-[Thread-66] <br>----------- xxl-job job callback fail, callbackResult:ReturnT [code=500, msg=xxl-rpc remoting fail, StatusCode(404) invalid. for url : http://localhost:8080/xxl-job-admin/api/callback, content=null]
2026-07-13 19:53:12 [com.xxl.job.core.thread.TriggerCallbackThread#callbackLog]-[197]-[Thread-66] <br>----------- xxl-job job callback fail, callbackResult:ReturnT [code=500, msg=xxl-rpc remoting fail, StatusCode(404) invalid. for url : http://localhost:8080/xxl-job-admin/api/callback, content=null]
2026-07-13 19:53:42 [com.xxl.job.core.thread.TriggerCallbackThread#callbackLog]-[197]-[Thread-66] <br>----------- xxl-job job callback fail, callbackResult:ReturnT [code=500, msg=xxl-rpc remoting fail, StatusCode(404) invalid. for url : http://localhost:8080/xxl-job-admin/api/callback, content=null]
2026-07-13 19:54:12 [com.xxl.job.core.thread.TriggerCallbackThread#callbackLog]-[197]-[Thread-66] <br>----------- xxl-job job callback fail, callbackResult:ReturnT [code=500, msg=xxl-rpc remoting fail, StatusCode(404) invalid. for url : http://localhost:8080/xxl-job-admin/api/callback, content=null]
2026-07-13 19:54:42 [com.xxl.job.core.thread.TriggerCallbackThread#callbackLog]-[197]-[Thread-66] <br>----------- xxl-job job callback fail, callbackResult:ReturnT [code=500, msg=xxl-rpc remoting fail, StatusCode(404) invalid. for url : http://localhost:8080/xxl-job-admin/api/callback, content=null]
2026-07-13 19:55:12 [com.xxl.job.core.thread.TriggerCallbackThread#callbackLog]-[197]-[Thread-66] <br>----------- xxl-job job callback fail, callbackResult:ReturnT [code=500, msg=xxl-rpc remoting fail, StatusCode(404) invalid. for url : http://localhost:8080/xxl-job-admin/api/callback, content=null]
2026-07-13 19:55:42 [com.xxl.job.core.thread.TriggerCallbackThread#callbackLog]-[197]-[Thread-66] <br>----------- xxl-job job callback fail, callbackResult:ReturnT [code=500, msg=xxl-rpc remoting fail, StatusCode(404) invalid. for url : http://localhost:8080/xxl-job-admin/api/callback, content=null]
2026-07-13 19:56:12 [com.xxl.job.core.thread.TriggerCallbackThread#callbackLog]-[197]-[Thread-66] <br>----------- xxl-job job callback fail, callbackResult:ReturnT [code=500, msg=xxl-rpc remoting fail, StatusCode(404) invalid. for url : http://localhost:8080/xxl-job-admin/api/callback, content=null]
2026-07-13 19:56:42 [com.xxl.job.core.thread.TriggerCallbackThread#callbackLog]-[197]-[Thread-66] <br>----------- xxl-job job callback fail, callbackResult:ReturnT [code=500, msg=xxl-rpc remoting fail, StatusCode(404) invalid. for url : http://localhost:8080/xxl-job-admin/api/callback, content=null]
2026-07-13 19:57:12 [com.xxl.job.core.thread.TriggerCallbackThread#callbackLog]-[197]-[Thread-66] <br>----------- xxl-job job callback fail, callbackResult:ReturnT [code=500, msg=xxl-rpc remoting fail, StatusCode(404) invalid. for url : http://localhost:8080/xxl-job-admin/api/callback, content=null]
2026-07-13 19:57:42 [com.xxl.job.core.thread.TriggerCallbackThread#callbackLog]-[197]-[Thread-66] <br>----------- xxl-job job callback fail, callbackResult:ReturnT [code=500, msg=xxl-rpc remoting fail, StatusCode(404) invalid. for url : http://localhost:8080/xxl-job-admin/api/callback, content=null]
2026-07-13 19:58:12 [com.xxl.job.core.thread.TriggerCallbackThread#callbackLog]-[197]-[Thread-66] <br>----------- xxl-job job callback fail, callbackResult:ReturnT [code=500, msg=xxl-rpc remoting fail, StatusCode(404) invalid. for url : http://localhost:8080/xxl-job-admin/api/callback, content=null]
2026-07-13 19:58:42 [com.xxl.job.core.thread.TriggerCallbackThread#callbackLog]-[197]-[Thread-66] <br>----------- xxl-job job callback fail, callbackResult:ReturnT [code=500, msg=xxl-rpc remoting fail, StatusCode(404) invalid. for url : http://localhost:8080/xxl-job-admin/api/callback, content=null]
2026-07-13 19:59:12 [com.xxl.job.core.thread.TriggerCallbackThread#callbackLog]-[197]-[Thread-66] <br>----------- xxl-job job callback fail, callbackResult:ReturnT [code=500, msg=xxl-rpc remoting fail, StatusCode(404) invalid. for url : http://localhost:8080/xxl-job-admin/api/callback, content=null]
2026-07-13 19:59:42 [com.xxl.job.core.thread.TriggerCallbackThread#callbackLog]-[197]-[Thread-66] <br>----------- xxl-job job callback fail, callbackResult:ReturnT [code=500, msg=xxl-rpc remoting fail, StatusCode(404) invalid. for url : http://localhost:8080/xxl-job-admin/api/callback, content=null]
2026-07-13 20:00:12 [com.xxl.job.core.thread.TriggerCallbackThread#callbackLog]-[197]-[Thread-66] <br>----------- xxl-job job callback fail, callbackResult:ReturnT [code=500, msg=xxl-rpc remoting fail, StatusCode(404) invalid. for url : http://localhost:8080/xxl-job-admin/api/callback, content=null]
2026-07-13 20:00:42 [com.xxl.job.core.thread.TriggerCallbackThread#callbackLog]-[197]-[Thread-66] <br>----------- xxl-job job callback fail, callbackResult:ReturnT [code=500, msg=xxl-rpc remoting fail, StatusCode(404) invalid. for url : http://localhost:8080/xxl-job-admin/api/callback, content=null]
2026-07-13 20:01:13 [com.xxl.job.core.thread.TriggerCallbackThread#callbackLog]-[197]-[Thread-66] <br>----------- xxl-job job callback fail, callbackResult:ReturnT [code=500, msg=xxl-rpc remoting fail, StatusCode(404) invalid. for url : http://localhost:8080/xxl-job-admin/api/callback, content=null]
2026-07-13 20:01:43 [com.xxl.job.core.thread.TriggerCallbackThread#callbackLog]-[197]-[Thread-66] <br>----------- xxl-job job callback fail, callbackResult:ReturnT [code=500, msg=xxl-rpc remoting fail, StatusCode(404) invalid. for url : http://localhost:8080/xxl-job-admin/api/callback, content=null]
2026-07-13 20:02:13 [com.xxl.job.core.thread.TriggerCallbackThread#callbackLog]-[197]-[Thread-66] <br>----------- xxl-job job callback fail, callbackResult:ReturnT [code=500, msg=xxl-rpc remoting fail, StatusCode(404) invalid. for url : http://localhost:8080/xxl-job-admin/api/callback, content=null]
2026-07-13 20:02:43 [com.xxl.job.core.thread.TriggerCallbackThread#callbackLog]-[197]-[Thread-66] <br>----------- xxl-job job callback fail, callbackResult:ReturnT [code=500, msg=xxl-rpc remoting fail, StatusCode(404) invalid. for url : http://localhost:8080/xxl-job-admin/api/callback, content=null]
2026-07-13 20:03:13 [com.xxl.job.core.thread.TriggerCallbackThread#callbackLog]-[197]-[Thread-66] <br>----------- xxl-job job callback fail, callbackResult:ReturnT [code=500, msg=xxl-rpc remoting fail, StatusCode(404) invalid. for url : http://localhost:8080/xxl-job-admin/api/callback, content=null]
2026-07-13 20:03:43 [com.xxl.job.core.thread.TriggerCallbackThread#callbackLog]-[197]-[Thread-66] <br>----------- xxl-job job callback fail, callbackResult:ReturnT [code=500, msg=xxl-rpc remoting fail, StatusCode(404) invalid. for url : http://localhost:8080/xxl-job-admin/api/callback, content=null]
2026-07-13 20:04:13 [com.xxl.job.core.thread.TriggerCallbackThread#callbackLog]-[197]-[Thread-66] <br>----------- xxl-job job callback fail, callbackResult:ReturnT [code=500, msg=xxl-rpc remoting fail, StatusCode(404) invalid. for url : http://localhost:8080/xxl-job-admin/api/callback, content=null]
2026-07-13 20:04:43 [com.xxl.job.core.thread.TriggerCallbackThread#callbackLog]-[197]-[Thread-66] <br>----------- xxl-job job callback fail, callbackResult:ReturnT [code=500, msg=xxl-rpc remoting fail, StatusCode(404) invalid. for url : http://localhost:8080/xxl-job-admin/api/callback, content=null]
2026-07-13 20:05:13 [com.xxl.job.core.thread.TriggerCallbackThread#callbackLog]-[197]-[Thread-66] <br>----------- xxl-job job callback fail, callbackResult:ReturnT [code=500, msg=xxl-rpc remoting fail, StatusCode(404) invalid. for url : http://localhost:8080/xxl-job-admin/api/callback, content=null]
2026-07-13 20:05:43 [com.xxl.job.core.thread.TriggerCallbackThread#callbackLog]-[197]-[Thread-66] <br>----------- xxl-job job callback fail, callbackResult:ReturnT [code=500, msg=xxl-rpc remoting fail, StatusCode(404) invalid. for url : http://localhost:8080/xxl-job-admin/api/callback, content=null]
2026-07-13 20:06:13 [com.xxl.job.core.thread.TriggerCallbackThread#callbackLog]-[197]-[Thread-66] <br>----------- xxl-job job callback fail, callbackResult:ReturnT [code=500, msg=xxl-rpc remoting fail, StatusCode(404) invalid. for url : http://localhost:8080/xxl-job-admin/api/callback, content=null]
2026-07-13 20:06:43 [com.xxl.job.core.thread.TriggerCallbackThread#callbackLog]-[197]-[Thread-66] <br>----------- xxl-job job callback fail, callbackResult:ReturnT [code=500, msg=xxl-rpc remoting fail, StatusCode(404) invalid. for url : http://localhost:8080/xxl-job-admin/api/callback, content=null]
2026-07-13 20:07:13 [com.xxl.job.core.thread.TriggerCallbackThread#callbackLog]-[197]-[Thread-66] <br>----------- xxl-job job callback fail, callbackResult:ReturnT [code=500, msg=xxl-rpc remoting fail, StatusCode(404) invalid. for url : http://localhost:8080/xxl-job-admin/api/callback, content=null]
2026-07-13 20:07:43 [com.xxl.job.core.thread.TriggerCallbackThread#callbackLog]-[197]-[Thread-66] <br>----------- xxl-job job callback fail, callbackResult:ReturnT [code=500, msg=xxl-rpc remoting fail, StatusCode(404) invalid. for url : http://localhost:8080/xxl-job-admin/api/callback, content=null]
2026-07-13 20:08:13 [com.xxl.job.core.thread.TriggerCallbackThread#callbackLog]-[197]-[Thread-66] <br>----------- xxl-job job callback fail, callbackResult:ReturnT [code=500, msg=xxl-rpc remoting fail, StatusCode(404) invalid. for url : http://localhost:8080/xxl-job-admin/api/callback, content=null]
2026-07-13 20:08:43 [com.xxl.job.core.thread.TriggerCallbackThread#callbackLog]-[197]-[Thread-66] <br>----------- xxl-job job callback fail, callbackResult:ReturnT [code=500, msg=xxl-rpc remoting fail, StatusCode(404) invalid. for url : http://localhost:8080/xxl-job-admin/api/callback, content=null]
2026-07-13 20:09:13 [com.xxl.job.core.thread.TriggerCallbackThread#callbackLog]-[197]-[Thread-66] <br>----------- xxl-job job callback fail, callbackResult:ReturnT [code=500, msg=xxl-rpc remoting fail, StatusCode(404) invalid. for url : http://localhost:8080/xxl-job-admin/api/callback, content=null]
2026-07-13 20:09:43 [com.xxl.job.core.thread.TriggerCallbackThread#callbackLog]-[197]-[Thread-66] <br>----------- xxl-job job callback fail, callbackResult:ReturnT [code=500, msg=xxl-rpc remoting fail, StatusCode(404) invalid. for url : http://localhost:8080/xxl-job-admin/api/callback, content=null]
2026-07-13 20:10:13 [com.xxl.job.core.thread.TriggerCallbackThread#callbackLog]-[197]-[Thread-66] <br>----------- xxl-job job callback fail, callbackResult:ReturnT [code=500, msg=xxl-rpc remoting fail, StatusCode(404) invalid. for url : http://localhost:8080/xxl-job-admin/api/callback, content=null]
2026-07-13 20:10:43 [com.xxl.job.core.thread.TriggerCallbackThread#callbackLog]-[197]-[Thread-66] <br>----------- xxl-job job callback fail, callbackResult:ReturnT [code=500, msg=xxl-rpc remoting fail, StatusCode(404) invalid. for url : http://localhost:8080/xxl-job-admin/api/callback, content=null]
2026-07-13 20:11:13 [com.xxl.job.core.thread.TriggerCallbackThread#callbackLog]-[197]-[Thread-66] <br>----------- xxl-job job callback fail, callbackResult:ReturnT [code=500, msg=xxl-rpc remoting fail, StatusCode(404) invalid. for url : http://localhost:8080/xxl-job-admin/api/callback, content=null]
2026-07-13 20:11:43 [com.xxl.job.core.thread.TriggerCallbackThread#callbackLog]-[197]-[Thread-66] <br>----------- xxl-job job callback fail, callbackResult:ReturnT [code=500, msg=xxl-rpc remoting fail, StatusCode(404) invalid. for url : http://localhost:8080/xxl-job-admin/api/callback, content=null]
2026-07-13 20:12:13 [com.xxl.job.core.thread.TriggerCallbackThread#callbackLog]-[197]-[Thread-66] <br>----------- xxl-job job callback fail, callbackResult:ReturnT [code=500, msg=xxl-rpc remoting fail, StatusCode(404) invalid. for url : http://localhost:8080/xxl-job-admin/api/callback, content=null]
2026-07-13 20:12:43 [com.xxl.job.core.thread.TriggerCallbackThread#callbackLog]-[197]-[Thread-66] <br>----------- xxl-job job callback fail, callbackResult:ReturnT [code=500, msg=xxl-rpc remoting fail, StatusCode(404) invalid. for url : http://localhost:8080/xxl-job-admin/api/callback, content=null]
2026-07-13 20:13:13 [com.xxl.job.core.thread.TriggerCallbackThread#callbackLog]-[197]-[Thread-66] <br>----------- xxl-job job callback fail, callbackResult:ReturnT [code=500, msg=xxl-rpc remoting fail, StatusCode(404) invalid. for url : http://localhost:8080/xxl-job-admin/api/callback, content=null]
2026-07-13 20:13:43 [com.xxl.job.core.thread.TriggerCallbackThread#callbackLog]-[197]-[Thread-66] <br>----------- xxl-job job callback fail, callbackResult:ReturnT [code=500, msg=xxl-rpc remoting fail, StatusCode(404) invalid. for url : http://localhost:8080/xxl-job-admin/api/callback, content=null]
2026-07-13 20:14:13 [com.xxl.job.core.thread.TriggerCallbackThread#callbackLog]-[197]-[Thread-66] <br>----------- xxl-job job callback fail, callbackResult:ReturnT [code=500, msg=xxl-rpc remoting fail, StatusCode(404) invalid. for url : http://localhost:8080/xxl-job-admin/api/callback, content=null]
2026-07-13 20:14:43 [com.xxl.job.core.thread.TriggerCallbackThread#callbackLog]-[197]-[Thread-66] <br>----------- xxl-job job callback fail, callbackResult:ReturnT [code=500, msg=xxl-rpc remoting fail, StatusCode(404) invalid. for url : http://localhost:8080/xxl-job-admin/api/callback, content=null]
2026-07-13 20:15:13 [com.xxl.job.core.thread.TriggerCallbackThread#callbackLog]-[197]-[Thread-66] <br>----------- xxl-job job callback fail, callbackResult:ReturnT [code=500, msg=xxl-rpc remoting fail, StatusCode(404) invalid. for url : http://localhost:8080/xxl-job-admin/api/callback, content=null]
2026-07-13 20:15:43 [com.xxl.job.core.thread.TriggerCallbackThread#callbackLog]-[197]-[Thread-66] <br>----------- xxl-job job callback fail, callbackResult:ReturnT [code=500, msg=xxl-rpc remoting fail, StatusCode(404) invalid. for url : http://localhost:8080/xxl-job-admin/api/callback, content=null]
2026-07-13 20:16:13 [com.xxl.job.core.thread.TriggerCallbackThread#callbackLog]-[197]-[Thread-66] <br>----------- xxl-job job callback fail, callbackResult:ReturnT [code=500, msg=xxl-rpc remoting fail, StatusCode(404) invalid. for url : http://localhost:8080/xxl-job-admin/api/callback, content=null]
2026-07-13 20:16:43 [com.xxl.job.core.thread.TriggerCallbackThread#callbackLog]-[197]-[Thread-66] <br>----------- xxl-job job callback fail, callbackResult:ReturnT [code=500, msg=xxl-rpc remoting fail, StatusCode(404) invalid. for url : http://localhost:8080/xxl-job-admin/api/callback, content=null]
2026-07-13 20:17:13 [com.xxl.job.core.thread.TriggerCallbackThread#callbackLog]-[197]-[Thread-66] <br>----------- xxl-job job callback fail, callbackResult:ReturnT [code=500, msg=xxl-rpc remoting fail, StatusCode(404) invalid. for url : http://localhost:8080/xxl-job-admin/api/callback, content=null]
2026-07-13 20:17:43 [com.xxl.job.core.thread.TriggerCallbackThread#callbackLog]-[197]-[Thread-66] <br>----------- xxl-job job callback fail, callbackResult:ReturnT [code=500, msg=xxl-rpc remoting fail, StatusCode(404) invalid. for url : http://localhost:8080/xxl-job-admin/api/callback, content=null]
2026-07-13 20:18:13 [com.xxl.job.core.thread.TriggerCallbackThread#callbackLog]-[197]-[Thread-66] <br>----------- xxl-job job callback fail, callbackResult:ReturnT [code=500, msg=xxl-rpc remoting fail, StatusCode(404) invalid. for url : http://localhost:8080/xxl-job-admin/api/callback, content=null]
2026-07-13 20:18:43 [com.xxl.job.core.thread.TriggerCallbackThread#callbackLog]-[197]-[Thread-66] <br>----------- xxl-job job callback fail, callbackResult:ReturnT [code=500, msg=xxl-rpc remoting fail, StatusCode(404) invalid. for url : http://localhost:8080/xxl-job-admin/api/callback, content=null]
2026-07-13 20:19:13 [com.xxl.job.core.thread.TriggerCallbackThread#callbackLog]-[197]-[Thread-66] <br>----------- xxl-job job callback fail, callbackResult:ReturnT [code=500, msg=xxl-rpc remoting fail, StatusCode(404) invalid. for url : http://localhost:8080/xxl-job-admin/api/callback, content=null]
2026-07-13 20:19:43 [com.xxl.job.core.thread.TriggerCallbackThread#callbackLog]-[197]-[Thread-66] <br>----------- xxl-job job callback fail, callbackResult:ReturnT [code=500, msg=xxl-rpc remoting fail, StatusCode(404) invalid. for url : http://localhost:8080/xxl-job-admin/api/callback, content=null]
2026-07-13 20:20:13 [com.xxl.job.core.thread.TriggerCallbackThread#callbackLog]-[197]-[Thread-66] <br>----------- xxl-job job callback fail, callbackResult:ReturnT [code=500, msg=xxl-rpc remoting fail, StatusCode(404) invalid. for url : http://localhost:8080/xxl-job-admin/api/callback, content=null]
2026-07-13 20:20:43 [com.xxl.job.core.thread.TriggerCallbackThread#callbackLog]-[197]-[Thread-66] <br>----------- xxl-job job callback fail, callbackResult:ReturnT [code=500, msg=xxl-rpc remoting fail, StatusCode(404) invalid. for url : http://localhost:8080/xxl-job-admin/api/callback, content=null]
2026-07-13 20:21:13 [com.xxl.job.core.thread.TriggerCallbackThread#callbackLog]-[197]-[Thread-66] <br>----------- xxl-job job callback fail, callbackResult:ReturnT [code=500, msg=xxl-rpc remoting fail, StatusCode(404) invalid. for url : http://localhost:8080/xxl-job-admin/api/callback, content=null]
2026-07-13 20:21:43 [com.xxl.job.core.thread.TriggerCallbackThread#callbackLog]-[197]-[Thread-66] <br>----------- xxl-job job callback fail, callbackResult:ReturnT [code=500, msg=xxl-rpc remoting fail, StatusCode(404) invalid. for url : http://localhost:8080/xxl-job-admin/api/callback, content=null]
2026-07-13 20:22:13 [com.xxl.job.core.thread.TriggerCallbackThread#callbackLog]-[197]-[Thread-66] <br>----------- xxl-job job callback fail, callbackResult:ReturnT [code=500, msg=xxl-rpc remoting fail, StatusCode(404) invalid. for url : http://localhost:8080/xxl-job-admin/api/callback, content=null]
2026-07-13 20:22:43 [com.xxl.job.core.thread.TriggerCallbackThread#callbackLog]-[197]-[Thread-66] <br>----------- xxl-job job callback fail, callbackResult:ReturnT [code=500, msg=xxl-rpc remoting fail, StatusCode(404) invalid. for url : http://localhost:8080/xxl-job-admin/api/callback, content=null]
2026-07-13 20:23:13 [com.xxl.job.core.thread.TriggerCallbackThread#callbackLog]-[197]-[Thread-66] <br>----------- xxl-job job callback fail, callbackResult:ReturnT [code=500, msg=xxl-rpc remoting fail, StatusCode(404) invalid. for url : http://localhost:8080/xxl-job-admin/api/callback, content=null]
2026-07-13 20:23:44 [com.xxl.job.core.thread.TriggerCallbackThread#callbackLog]-[197]-[Thread-66] <br>----------- xxl-job job callback fail, callbackResult:ReturnT [code=500, msg=xxl-rpc remoting fail, StatusCode(404) invalid. for url : http://localhost:8080/xxl-job-admin/api/callback, content=null]
2026-07-13 20:24:14 [com.xxl.job.core.thread.TriggerCallbackThread#callbackLog]-[197]-[Thread-66] <br>----------- xxl-job job callback fail, callbackResult:ReturnT [code=500, msg=xxl-rpc remoting fail, StatusCode(404) invalid. for url : http://localhost:8080/xxl-job-admin/api/callback, content=null]
2026-07-13 20:24:44 [com.xxl.job.core.thread.TriggerCallbackThread#callbackLog]-[197]-[Thread-66] <br>----------- xxl-job job callback fail, callbackResult:ReturnT [code=500, msg=xxl-rpc remoting fail, StatusCode(404) invalid. for url : http://localhost:8080/xxl-job-admin/api/callback, content=null]
2026-07-13 20:25:14 [com.xxl.job.core.thread.TriggerCallbackThread#callbackLog]-[197]-[Thread-66] <br>----------- xxl-job job callback fail, callbackResult:ReturnT [code=500, msg=xxl-rpc remoting fail, StatusCode(404) invalid. for url : http://localhost:8080/xxl-job-admin/api/callback, content=null]
2026-07-13 20:25:44 [com.xxl.job.core.thread.TriggerCallbackThread#callbackLog]-[197]-[Thread-66] <br>----------- xxl-job job callback fail, callbackResult:ReturnT [code=500, msg=xxl-rpc remoting fail, StatusCode(404) invalid. for url : http://localhost:8080/xxl-job-admin/api/callback, content=null]
2026-07-13 20:26:14 [com.xxl.job.core.thread.TriggerCallbackThread#callbackLog]-[197]-[Thread-66] <br>----------- xxl-job job callback fail, callbackResult:ReturnT [code=500, msg=xxl-rpc remoting fail, StatusCode(404) invalid. for url : http://localhost:8080/xxl-job-admin/api/callback, content=null]
2026-07-13 20:26:44 [com.xxl.job.core.thread.TriggerCallbackThread#callbackLog]-[197]-[Thread-66] <br>----------- xxl-job job callback fail, callbackResult:ReturnT [code=500, msg=xxl-rpc remoting fail, StatusCode(404) invalid. for url : http://localhost:8080/xxl-job-admin/api/callback, content=null]
2026-07-13 20:27:14 [com.xxl.job.core.thread.TriggerCallbackThread#callbackLog]-[197]-[Thread-66] <br>----------- xxl-job job callback fail, callbackResult:ReturnT [code=500, msg=xxl-rpc remoting fail, StatusCode(404) invalid. for url : http://localhost:8080/xxl-job-admin/api/callback, content=null]
2026-07-13 20:27:44 [com.xxl.job.core.thread.TriggerCallbackThread#callbackLog]-[197]-[Thread-66] <br>----------- xxl-job job callback fail, callbackResult:ReturnT [code=500, msg=xxl-rpc remoting fail, StatusCode(404) invalid. for url : http://localhost:8080/xxl-job-admin/api/callback, content=null]
2026-07-13 20:28:14 [com.xxl.job.core.thread.TriggerCallbackThread#callbackLog]-[197]-[Thread-66] <br>----------- xxl-job job callback fail, callbackResult:ReturnT [code=500, msg=xxl-rpc remoting fail, StatusCode(404) invalid. for url : http://localhost:8080/xxl-job-admin/api/callback, content=null]
2026-07-13 20:28:44 [com.xxl.job.core.thread.TriggerCallbackThread#callbackLog]-[197]-[Thread-66] <br>----------- xxl-job job callback fail, callbackResult:ReturnT [code=500, msg=xxl-rpc remoting fail, StatusCode(404) invalid. for url : http://localhost:8080/xxl-job-admin/api/callback, content=null]
2026-07-13 20:29:14 [com.xxl.job.core.thread.TriggerCallbackThread#callbackLog]-[197]-[Thread-66] <br>----------- xxl-job job callback fail, callbackResult:ReturnT [code=500, msg=xxl-rpc remoting fail, StatusCode(404) invalid. for url : http://localhost:8080/xxl-job-admin/api/callback, content=null]
2026-07-13 20:29:44 [com.xxl.job.core.thread.TriggerCallbackThread#callbackLog]-[197]-[Thread-66] <br>----------- xxl-job job callback fail, callbackResult:ReturnT [code=500, msg=xxl-rpc remoting fail, StatusCode(404) invalid. for url : http://localhost:8080/xxl-job-admin/api/callback, content=null]
2026-07-13 20:30:14 [com.xxl.job.core.thread.TriggerCallbackThread#callbackLog]-[197]-[Thread-66] <br>----------- xxl-job job callback fail, callbackResult:ReturnT [code=500, msg=xxl-rpc remoting fail, StatusCode(404) invalid. for url : http://localhost:8080/xxl-job-admin/api/callback, content=null]
2026-07-13 20:30:44 [com.xxl.job.core.thread.TriggerCallbackThread#callbackLog]-[197]-[Thread-66] <br>----------- xxl-job job callback fail, callbackResult:ReturnT [code=500, msg=xxl-rpc remoting fail, StatusCode(404) invalid. for url : http://localhost:8080/xxl-job-admin/api/callback, content=null]
2026-07-13 20:31:14 [com.xxl.job.core.thread.TriggerCallbackThread#callbackLog]-[197]-[Thread-66] <br>----------- xxl-job job callback fail, callbackResult:ReturnT [code=500, msg=xxl-rpc remoting fail, StatusCode(404) invalid. for url : http://localhost:8080/xxl-job-admin/api/callback, content=null]
2026-07-13 20:31:44 [com.xxl.job.core.thread.TriggerCallbackThread#callbackLog]-[197]-[Thread-66] <br>----------- xxl-job job callback fail, callbackResult:ReturnT [code=500, msg=xxl-rpc remoting fail, StatusCode(404) invalid. for url : http://localhost:8080/xxl-job-admin/api/callback, content=null]
2026-07-13 20:32:14 [com.xxl.job.core.thread.TriggerCallbackThread#callbackLog]-[197]-[Thread-66] <br>----------- xxl-job job callback fail, callbackResult:ReturnT [code=500, msg=xxl-rpc remoting fail, StatusCode(404) invalid. for url : http://localhost:8080/xxl-job-admin/api/callback, content=null]
2026-07-13 20:32:44 [com.xxl.job.core.thread.TriggerCallbackThread#callbackLog]-[197]-[Thread-66] <br>----------- xxl-job job callback fail, callbackResult:ReturnT [code=500, msg=xxl-rpc remoting fail, StatusCode(404) invalid. for url : http://localhost:8080/xxl-job-admin/api/callback, content=null]
2026-07-13 20:33:14 [com.xxl.job.core.thread.TriggerCallbackThread#callbackLog]-[197]-[Thread-66] <br>----------- xxl-job job callback fail, callbackResult:ReturnT [code=500, msg=xxl-rpc remoting fail, StatusCode(404) invalid. for url : http://localhost:8080/xxl-job-admin/api/callback, content=null]
2026-07-13 20:33:44 [com.xxl.job.core.thread.TriggerCallbackThread#callbackLog]-[197]-[Thread-66] <br>----------- xxl-job job callback fail, callbackResult:ReturnT [code=500, msg=xxl-rpc remoting fail, StatusCode(404) invalid. for url : http://localhost:8080/xxl-job-admin/api/callback, content=null]
2026-07-13 20:34:14 [com.xxl.job.core.thread.TriggerCallbackThread#callbackLog]-[197]-[Thread-66] <br>----------- xxl-job job callback fail, callbackResult:ReturnT [code=500, msg=xxl-rpc remoting fail, StatusCode(404) invalid. for url : http://localhost:8080/xxl-job-admin/api/callback, content=null]
2026-07-13 20:34:44 [com.xxl.job.core.thread.TriggerCallbackThread#callbackLog]-[197]-[Thread-66] <br>----------- xxl-job job callback fail, callbackResult:ReturnT [code=500, msg=xxl-rpc remoting fail, StatusCode(404) invalid. for url : http://localhost:8080/xxl-job-admin/api/callback, content=null]
2026-07-13 20:35:14 [com.xxl.job.core.thread.TriggerCallbackThread#callbackLog]-[197]-[Thread-66] <br>----------- xxl-job job callback fail, callbackResult:ReturnT [code=500, msg=xxl-rpc remoting fail, StatusCode(404) invalid. for url : http://localhost:8080/xxl-job-admin/api/callback, content=null]
2026-07-13 20:35:44 [com.xxl.job.core.thread.TriggerCallbackThread#callbackLog]-[197]-[Thread-66] <br>----------- xxl-job job callback fail, callbackResult:ReturnT [code=500, msg=xxl-rpc remoting fail, StatusCode(404) invalid. for url : http://localhost:8080/xxl-job-admin/api/callback, content=null]
2026-07-13 20:36:14 [com.xxl.job.core.thread.TriggerCallbackThread#callbackLog]-[197]-[Thread-66] <br>----------- xxl-job job callback fail, callbackResult:ReturnT [code=500, msg=xxl-rpc remoting fail, StatusCode(404) invalid. for url : http://localhost:8080/xxl-job-admin/api/callback, content=null]
2026-07-13 20:36:44 [com.xxl.job.core.thread.TriggerCallbackThread#callbackLog]-[197]-[Thread-66] <br>----------- xxl-job job callback fail, callbackResult:ReturnT [code=500, msg=xxl-rpc remoting fail, StatusCode(404) invalid. for url : http://localhost:8080/xxl-job-admin/api/callback, content=null]
2026-07-13 20:37:14 [com.xxl.job.core.thread.TriggerCallbackThread#callbackLog]-[197]-[Thread-66] <br>----------- xxl-job job callback fail, callbackResult:ReturnT [code=500, msg=xxl-rpc remoting fail, StatusCode(404) invalid. for url : http://localhost:8080/xxl-job-admin/api/callback, content=null]
2026-07-13 20:37:44 [com.xxl.job.core.thread.TriggerCallbackThread#callbackLog]-[197]-[Thread-66] <br>----------- xxl-job job callback fail, callbackResult:ReturnT [code=500, msg=xxl-rpc remoting fail, StatusCode(404) invalid. for url : http://localhost:8080/xxl-job-admin/api/callback, content=null]
2026-07-13 20:38:14 [com.xxl.job.core.thread.TriggerCallbackThread#callbackLog]-[197]-[Thread-66] <br>----------- xxl-job job callback fail, callbackResult:ReturnT [code=500, msg=xxl-rpc remoting fail, StatusCode(404) invalid. for url : http://localhost:8080/xxl-job-admin/api/callback, content=null]
2026-07-13 20:38:44 [com.xxl.job.core.thread.TriggerCallbackThread#callbackLog]-[197]-[Thread-66] <br>----------- xxl-job job callback fail, callbackResult:ReturnT [code=500, msg=xxl-rpc remoting fail, StatusCode(404) invalid. for url : http://localhost:8080/xxl-job-admin/api/callback, content=null]
2026-07-13 20:39:14 [com.xxl.job.core.thread.TriggerCallbackThread#callbackLog]-[197]-[Thread-66] <br>----------- xxl-job job callback fail, callbackResult:ReturnT [code=500, msg=xxl-rpc remoting fail, StatusCode(404) invalid. for url : http://localhost:8080/xxl-job-admin/api/callback, content=null]
2026-07-13 20:39:44 [com.xxl.job.core.thread.TriggerCallbackThread#callbackLog]-[197]-[Thread-66] <br>----------- xxl-job job callback fail, callbackResult:ReturnT [code=500, msg=xxl-rpc remoting fail, StatusCode(404) invalid. for url : http://localhost:8080/xxl-job-admin/api/callback, content=null]
2026-07-13 20:40:14 [com.xxl.job.core.thread.TriggerCallbackThread#callbackLog]-[197]-[Thread-66] <br>----------- xxl-job job callback fail, callbackResult:ReturnT [code=500, msg=xxl-rpc remoting fail, StatusCode(404) invalid. for url : http://localhost:8080/xxl-job-admin/api/callback, content=null]
2026-07-13 20:40:44 [com.xxl.job.core.thread.TriggerCallbackThread#callbackLog]-[197]-[Thread-66] <br>----------- xxl-job job callback fail, callbackResult:ReturnT [code=500, msg=xxl-rpc remoting fail, StatusCode(404) invalid. for url : http://localhost:8080/xxl-job-admin/api/callback, content=null]
2026-07-13 20:41:14 [com.xxl.job.core.thread.TriggerCallbackThread#callbackLog]-[197]-[Thread-66] <br>----------- xxl-job job callback fail, callbackResult:ReturnT [code=500, msg=xxl-rpc remoting fail, StatusCode(404) invalid. for url : http://localhost:8080/xxl-job-admin/api/callback, content=null]
2026-07-13 20:41:44 [com.xxl.job.core.thread.TriggerCallbackThread#callbackLog]-[197]-[Thread-66] <br>----------- xxl-job job callback fail, callbackResult:ReturnT [code=500, msg=xxl-rpc remoting fail, StatusCode(404) invalid. for url : http://localhost:8080/xxl-job-admin/api/callback, content=null]
2026-07-13 20:42:14 [com.xxl.job.core.thread.TriggerCallbackThread#callbackLog]-[197]-[Thread-66] <br>----------- xxl-job job callback fail, callbackResult:ReturnT [code=500, msg=xxl-rpc remoting fail, StatusCode(404) invalid. for url : http://localhost:8080/xxl-job-admin/api/callback, content=null]
2026-07-13 20:42:44 [com.xxl.job.core.thread.TriggerCallbackThread#callbackLog]-[197]-[Thread-66] <br>----------- xxl-job job callback fail, callbackResult:ReturnT [code=500, msg=xxl-rpc remoting fail, StatusCode(404) invalid. for url : http://localhost:8080/xxl-job-admin/api/callback, content=null]
2026-07-13 20:43:14 [com.xxl.job.core.thread.TriggerCallbackThread#callbackLog]-[197]-[Thread-66] <br>----------- xxl-job job callback fail, callbackResult:ReturnT [code=500, msg=xxl-rpc remoting fail, StatusCode(404) invalid. for url : http://localhost:8080/xxl-job-admin/api/callback, content=null]
2026-07-13 20:43:44 [com.xxl.job.core.thread.TriggerCallbackThread#callbackLog]-[197]-[Thread-66] <br>----------- xxl-job job callback fail, callbackResult:ReturnT [code=500, msg=xxl-rpc remoting fail, StatusCode(404) invalid. for url : http://localhost:8080/xxl-job-admin/api/callback, content=null]
2026-07-13 20:44:14 [com.xxl.job.core.thread.TriggerCallbackThread#callbackLog]-[197]-[Thread-66] <br>----------- xxl-job job callback fail, callbackResult:ReturnT [code=500, msg=xxl-rpc remoting fail, StatusCode(404) invalid. for url : http://localhost:8080/xxl-job-admin/api/callback, content=null]
2026-07-13 20:44:44 [com.xxl.job.core.thread.TriggerCallbackThread#callbackLog]-[197]-[Thread-66] <br>----------- xxl-job job callback fail, callbackResult:ReturnT [code=500, msg=xxl-rpc remoting fail, StatusCode(404) invalid. for url : http://localhost:8080/xxl-job-admin/api/callback, content=null]
2026-07-13 20:45:15 [com.xxl.job.core.thread.TriggerCallbackThread#callbackLog]-[197]-[Thread-66] <br>----------- xxl-job job callback fail, callbackResult:ReturnT [code=500, msg=xxl-rpc remoting fail, StatusCode(404) invalid. for url : http://localhost:8080/xxl-job-admin/api/callback, content=null]
2026-07-13 20:45:45 [com.xxl.job.core.thread.TriggerCallbackThread#callbackLog]-[197]-[Thread-66] <br>----------- xxl-job job callback fail, callbackResult:ReturnT [code=500, msg=xxl-rpc remoting fail, StatusCode(404) invalid. for url : http://localhost:8080/xxl-job-admin/api/callback, content=null]
2026-07-13 20:46:15 [com.xxl.job.core.thread.TriggerCallbackThread#callbackLog]-[197]-[Thread-66] <br>----------- xxl-job job callback fail, callbackResult:ReturnT [code=500, msg=xxl-rpc remoting fail, StatusCode(404) invalid. for url : http://localhost:8080/xxl-job-admin/api/callback, content=null]
2026-07-13 20:46:45 [com.xxl.job.core.thread.TriggerCallbackThread#callbackLog]-[197]-[Thread-66] <br>----------- xxl-job job callback fail, callbackResult:ReturnT [code=500, msg=xxl-rpc remoting fail, StatusCode(404) invalid. for url : http://localhost:8080/xxl-job-admin/api/callback, content=null]
2026-07-13 20:47:15 [com.xxl.job.core.thread.TriggerCallbackThread#callbackLog]-[197]-[Thread-66] <br>----------- xxl-job job callback fail, callbackResult:ReturnT [code=500, msg=xxl-rpc remoting fail, StatusCode(404) invalid. for url : http://localhost:8080/xxl-job-admin/api/callback, content=null]
2026-07-13 20:47:45 [com.xxl.job.core.thread.TriggerCallbackThread#callbackLog]-[197]-[Thread-66] <br>----------- xxl-job job callback fail, callbackResult:ReturnT [code=500, msg=xxl-rpc remoting fail, StatusCode(404) invalid. for url : http://localhost:8080/xxl-job-admin/api/callback, content=null]
2026-07-13 20:48:15 [com.xxl.job.core.thread.TriggerCallbackThread#callbackLog]-[197]-[Thread-66] <br>----------- xxl-job job callback fail, callbackResult:ReturnT [code=500, msg=xxl-rpc remoting fail, StatusCode(404) invalid. for url : http://localhost:8080/xxl-job-admin/api/callback, content=null]
2026-07-13 20:48:45 [com.xxl.job.core.thread.TriggerCallbackThread#callbackLog]-[197]-[Thread-66] <br>----------- xxl-job job callback fail, callbackResult:ReturnT [code=500, msg=xxl-rpc remoting fail, StatusCode(404) invalid. for url : http://localhost:8080/xxl-job-admin/api/callback, content=null]
2026-07-13 20:49:15 [com.xxl.job.core.thread.TriggerCallbackThread#callbackLog]-[197]-[Thread-66] <br>----------- xxl-job job callback fail, callbackResult:ReturnT [code=500, msg=xxl-rpc remoting fail, StatusCode(404) invalid. for url : http://localhost:8080/xxl-job-admin/api/callback, content=null]
2026-07-13 20:49:45 [com.xxl.job.core.thread.TriggerCallbackThread#callbackLog]-[197]-[Thread-66] <br>----------- xxl-job job callback fail, callbackResult:ReturnT [code=500, msg=xxl-rpc remoting fail, StatusCode(404) invalid. for url : http://localhost:8080/xxl-job-admin/api/callback, content=null]
2026-07-13 20:50:15 [com.xxl.job.core.thread.TriggerCallbackThread#callbackLog]-[197]-[Thread-66] <br>----------- xxl-job job callback fail, callbackResult:ReturnT [code=500, msg=xxl-rpc remoting fail, StatusCode(404) invalid. for url : http://localhost:8080/xxl-job-admin/api/callback, content=null]
2026-07-13 20:50:45 [com.xxl.job.core.thread.TriggerCallbackThread#callbackLog]-[197]-[Thread-66] <br>----------- xxl-job job callback fail, callbackResult:ReturnT [code=500, msg=xxl-rpc remoting fail, StatusCode(404) invalid. for url : http://localhost:8080/xxl-job-admin/api/callback, content=null]
2026-07-13 20:51:15 [com.xxl.job.core.thread.TriggerCallbackThread#callbackLog]-[197]-[Thread-66] <br>----------- xxl-job job callback fail, callbackResult:ReturnT [code=500, msg=xxl-rpc remoting fail, StatusCode(404) invalid. for url : http://localhost:8080/xxl-job-admin/api/callback, content=null]
2026-07-13 20:51:45 [com.xxl.job.core.thread.TriggerCallbackThread#callbackLog]-[197]-[Thread-66] <br>----------- xxl-job job callback fail, callbackResult:ReturnT [code=500, msg=xxl-rpc remoting fail, StatusCode(404) invalid. for url : http://localhost:8080/xxl-job-admin/api/callback, content=null]
2026-07-13 20:52:15 [com.xxl.job.core.thread.TriggerCallbackThread#callbackLog]-[197]-[Thread-66] <br>----------- xxl-job job callback fail, callbackResult:ReturnT [code=500, msg=xxl-rpc remoting fail, StatusCode(404) invalid. for url : http://localhost:8080/xxl-job-admin/api/callback, content=null]
2026-07-13 20:52:45 [com.xxl.job.core.thread.TriggerCallbackThread#callbackLog]-[197]-[Thread-66] <br>----------- xxl-job job callback fail, callbackResult:ReturnT [code=500, msg=xxl-rpc remoting fail, StatusCode(404) invalid. for url : http://localhost:8080/xxl-job-admin/api/callback, content=null]
2026-07-13 20:53:15 [com.xxl.job.core.thread.TriggerCallbackThread#callbackLog]-[197]-[Thread-66] <br>----------- xxl-job job callback fail, callbackResult:ReturnT [code=500, msg=xxl-rpc remoting fail, StatusCode(404) invalid. for url : http://localhost:8080/xxl-job-admin/api/callback, content=null]
2026-07-13 20:53:45 [com.xxl.job.core.thread.TriggerCallbackThread#callbackLog]-[197]-[Thread-66] <br>----------- xxl-job job callback fail, callbackResult:ReturnT [code=500, msg=xxl-rpc remoting fail, StatusCode(404) invalid. for url : http://localhost:8080/xxl-job-admin/api/callback, content=null]
2026-07-13 20:54:15 [com.xxl.job.core.thread.TriggerCallbackThread#callbackLog]-[197]-[Thread-66] <br>----------- xxl-job job callback fail, callbackResult:ReturnT [code=500, msg=xxl-rpc remoting fail, StatusCode(404) invalid. for url : http://localhost:8080/xxl-job-admin/api/callback, content=null]
2026-07-13 20:54:45 [com.xxl.job.core.thread.TriggerCallbackThread#callbackLog]-[197]-[Thread-66] <br>----------- xxl-job job callback fail, callbackResult:ReturnT [code=500, msg=xxl-rpc remoting fail, StatusCode(404) invalid. for url : http://localhost:8080/xxl-job-admin/api/callback, content=null]
2026-07-13 20:55:15 [com.xxl.job.core.thread.TriggerCallbackThread#callbackLog]-[197]-[Thread-66] <br>----------- xxl-job job callback fail, callbackResult:ReturnT [code=500, msg=xxl-rpc remoting fail, StatusCode(404) invalid. for url : http://localhost:8080/xxl-job-admin/api/callback, content=null]
2026-07-13 20:55:45 [com.xxl.job.core.thread.TriggerCallbackThread#callbackLog]-[197]-[Thread-66] <br>----------- xxl-job job callback fail, callbackResult:ReturnT [code=500, msg=xxl-rpc remoting fail, StatusCode(404) invalid. for url : http://localhost:8080/xxl-job-admin/api/callback, content=null]
2026-07-13 20:56:15 [com.xxl.job.core.thread.TriggerCallbackThread#callbackLog]-[197]-[Thread-66] <br>----------- xxl-job job callback fail, callbackResult:ReturnT [code=500, msg=xxl-rpc remoting fail, StatusCode(404) invalid. for url : http://localhost:8080/xxl-job-admin/api/callback, content=null]
2026-07-13 20:56:45 [com.xxl.job.core.thread.TriggerCallbackThread#callbackLog]-[197]-[Thread-66] <br>----------- xxl-job job callback fail, callbackResult:ReturnT [code=500, msg=xxl-rpc remoting fail, StatusCode(404) invalid. for url : http://localhost:8080/xxl-job-admin/api/callback, content=null]
2026-07-13 20:57:15 [com.xxl.job.core.thread.TriggerCallbackThread#callbackLog]-[197]-[Thread-66] <br>----------- xxl-job job callback fail, callbackResult:ReturnT [code=500, msg=xxl-rpc remoting fail, StatusCode(404) invalid. for url : http://localhost:8080/xxl-job-admin/api/callback, content=null]
2026-07-13 20:57:45 [com.xxl.job.core.thread.TriggerCallbackThread#callbackLog]-[197]-[Thread-66] <br>----------- xxl-job job callback fail, callbackResult:ReturnT [code=500, msg=xxl-rpc remoting fail, StatusCode(404) invalid. for url : http://localhost:8080/xxl-job-admin/api/callback, content=null]
2026-07-13 20:58:15 [com.xxl.job.core.thread.TriggerCallbackThread#callbackLog]-[197]-[Thread-66] <br>----------- xxl-job job callback fail, callbackResult:ReturnT [code=500, msg=xxl-rpc remoting fail, StatusCode(404) invalid. for url : http://localhost:8080/xxl-job-admin/api/callback, content=null]
2026-07-13 20:58:45 [com.xxl.job.core.thread.TriggerCallbackThread#callbackLog]-[197]-[Thread-66] <br>----------- xxl-job job callback fail, callbackResult:ReturnT [code=500, msg=xxl-rpc remoting fail, StatusCode(404) invalid. for url : http://localhost:8080/xxl-job-admin/api/callback, content=null]
2026-07-13 20:59:15 [com.xxl.job.core.thread.TriggerCallbackThread#callbackLog]-[197]-[Thread-66] <br>----------- xxl-job job callback fail, callbackResult:ReturnT [code=500, msg=xxl-rpc remoting fail, StatusCode(404) invalid. for url : http://localhost:8080/xxl-job-admin/api/callback, content=null]
2026-07-13 20:59:45 [com.xxl.job.core.thread.TriggerCallbackThread#callbackLog]-[197]-[Thread-66] <br>----------- xxl-job job callback fail, callbackResult:ReturnT [code=500, msg=xxl-rpc remoting fail, StatusCode(404) invalid. for url : http://localhost:8080/xxl-job-admin/api/callback, content=null]
2026-07-13 21:00:15 [com.xxl.job.core.thread.TriggerCallbackThread#callbackLog]-[197]-[Thread-66] <br>----------- xxl-job job callback fail, callbackResult:ReturnT [code=500, msg=xxl-rpc remoting fail, StatusCode(404) invalid. for url : http://localhost:8080/xxl-job-admin/api/callback, content=null]
2026-07-13 21:00:45 [com.xxl.job.core.thread.TriggerCallbackThread#callbackLog]-[197]-[Thread-66] <br>----------- xxl-job job callback fail, callbackResult:ReturnT [code=500, msg=xxl-rpc remoting fail, StatusCode(404) invalid. for url : http://localhost:8080/xxl-job-admin/api/callback, content=null]
2026-07-13 21:01:15 [com.xxl.job.core.thread.TriggerCallbackThread#callbackLog]-[197]-[Thread-66] <br>----------- xxl-job job callback fail, callbackResult:ReturnT [code=500, msg=xxl-rpc remoting fail, StatusCode(404) invalid. for url : http://localhost:8080/xxl-job-admin/api/callback, content=null]
2026-07-13 21:02:16 [com.xxl.job.core.thread.TriggerCallbackThread#callbackLog]-[197]-[Thread-72] <br>----------- xxl-job job callback fail, callbackResult:ReturnT [code=500, msg=xxl-rpc remoting fail, StatusCode(404) invalid. for url : http://localhost:8080/xxl-job-admin/api/callback, content=null]
2026-07-13 21:02:46 [com.xxl.job.core.thread.TriggerCallbackThread#callbackLog]-[197]-[Thread-72] <br>----------- xxl-job job callback fail, callbackResult:ReturnT [code=500, msg=xxl-rpc remoting fail, StatusCode(404) invalid. for url : http://localhost:8080/xxl-job-admin/api/callback, content=null]
2026-07-13 21:03:16 [com.xxl.job.core.thread.TriggerCallbackThread#callbackLog]-[197]-[Thread-72] <br>----------- xxl-job job callback fail, callbackResult:ReturnT [code=500, msg=xxl-rpc remoting fail, StatusCode(404) invalid. for url : http://localhost:8080/xxl-job-admin/api/callback, content=null]
2026-07-13 21:03:52 [com.xxl.job.core.thread.TriggerCallbackThread#callbackLog]-[197]-[Thread-72] <br>----------- xxl-job job callback fail, callbackResult:ReturnT [code=500, msg=xxl-rpc remoting fail, StatusCode(404) invalid. for url : http://localhost:8080/xxl-job-admin/api/callback, content=null]
2026-07-13 21:04:23 [com.xxl.job.core.thread.TriggerCallbackThread#callbackLog]-[197]-[Thread-72] <br>----------- xxl-job job callback fail, callbackResult:ReturnT [code=500, msg=xxl-rpc remoting fail, StatusCode(404) invalid. for url : http://localhost:8080/xxl-job-admin/api/callback, content=null]
2026-07-13 21:04:53 [com.xxl.job.core.thread.TriggerCallbackThread#callbackLog]-[197]-[Thread-72] <br>----------- xxl-job job callback fail, callbackResult:ReturnT [code=500, msg=xxl-rpc remoting fail, StatusCode(404) invalid. for url : http://localhost:8080/xxl-job-admin/api/callback, content=null]
2026-07-13 21:05:23 [com.xxl.job.core.thread.TriggerCallbackThread#callbackLog]-[197]-[Thread-72] <br>----------- xxl-job job callback fail, callbackResult:ReturnT [code=500, msg=xxl-rpc remoting fail, StatusCode(404) invalid. for url : http://localhost:8080/xxl-job-admin/api/callback, content=null]
2026-07-13 21:05:53 [com.xxl.job.core.thread.TriggerCallbackThread#callbackLog]-[197]-[Thread-72] <br>----------- xxl-job job callback fail, callbackResult:ReturnT [code=500, msg=xxl-rpc remoting fail, StatusCode(404) invalid. for url : http://localhost:8080/xxl-job-admin/api/callback, content=null]
2026-07-13 21:06:23 [com.xxl.job.core.thread.TriggerCallbackThread#callbackLog]-[197]-[Thread-72] <br>----------- xxl-job job callback fail, callbackResult:ReturnT [code=500, msg=xxl-rpc remoting fail, StatusCode(404) invalid. for url : http://localhost:8080/xxl-job-admin/api/callback, content=null]
2026-07-13 21:06:53 [com.xxl.job.core.thread.TriggerCallbackThread#callbackLog]-[197]-[Thread-72] <br>----------- xxl-job job callback fail, callbackResult:ReturnT [code=500, msg=xxl-rpc remoting fail, StatusCode(404) invalid. for url : http://localhost:8080/xxl-job-admin/api/callback, content=null]
2026-07-13 21:07:23 [com.xxl.job.core.thread.TriggerCallbackThread#callbackLog]-[197]-[Thread-72] <br>----------- xxl-job job callback fail, callbackResult:ReturnT [code=500, msg=xxl-rpc remoting fail, StatusCode(404) invalid. for url : http://localhost:8080/xxl-job-admin/api/callback, content=null]
2026-07-13 21:07:53 [com.xxl.job.core.thread.TriggerCallbackThread#callbackLog]-[197]-[Thread-72] <br>----------- xxl-job job callback fail, callbackResult:ReturnT [code=500, msg=xxl-rpc remoting fail, StatusCode(404) invalid. for url : http://localhost:8080/xxl-job-admin/api/callback, content=null]
2026-07-13 21:08:23 [com.xxl.job.core.thread.TriggerCallbackThread#callbackLog]-[197]-[Thread-72] <br>----------- xxl-job job callback fail, callbackResult:ReturnT [code=500, msg=xxl-rpc remoting fail, StatusCode(404) invalid. for url : http://localhost:8080/xxl-job-admin/api/callback, content=null]
2026-07-13 21:08:53 [com.xxl.job.core.thread.TriggerCallbackThread#callbackLog]-[197]-[Thread-72] <br>----------- xxl-job job callback fail, callbackResult:ReturnT [code=500, msg=xxl-rpc remoting fail, StatusCode(404) invalid. for url : http://localhost:8080/xxl-job-admin/api/callback, content=null]
2026-07-13 21:09:23 [com.xxl.job.core.thread.TriggerCallbackThread#callbackLog]-[197]-[Thread-72] <br>----------- xxl-job job callback fail, callbackResult:ReturnT [code=500, msg=xxl-rpc remoting fail, StatusCode(404) invalid. for url : http://localhost:8080/xxl-job-admin/api/callback, content=null]
2026-07-13 21:09:53 [com.xxl.job.core.thread.TriggerCallbackThread#callbackLog]-[197]-[Thread-72] <br>----------- xxl-job job callback fail, callbackResult:ReturnT [code=500, msg=xxl-rpc remoting fail, StatusCode(404) invalid. for url : http://localhost:8080/xxl-job-admin/api/callback, content=null]
2026-07-13 21:10:23 [com.xxl.job.core.thread.TriggerCallbackThread#callbackLog]-[197]-[Thread-72] <br>----------- xxl-job job callback fail, callbackResult:ReturnT [code=500, msg=xxl-rpc remoting fail, StatusCode(404) invalid. for url : http://localhost:8080/xxl-job-admin/api/callback, content=null]
2026-07-13 21:10:53 [com.xxl.job.core.thread.TriggerCallbackThread#callbackLog]-[197]-[Thread-72] <br>----------- xxl-job job callback fail, callbackResult:ReturnT [code=500, msg=xxl-rpc remoting fail, StatusCode(404) invalid. for url : http://localhost:8080/xxl-job-admin/api/callback, content=null]
2026-07-13 21:11:23 [com.xxl.job.core.thread.TriggerCallbackThread#callbackLog]-[197]-[Thread-72] <br>----------- xxl-job job callback fail, callbackResult:ReturnT [code=500, msg=xxl-rpc remoting fail, StatusCode(404) invalid. for url : http://localhost:8080/xxl-job-admin/api/callback, content=null]
2026-07-13 21:11:53 [com.xxl.job.core.thread.TriggerCallbackThread#callbackLog]-[197]-[Thread-72] <br>----------- xxl-job job callback fail, callbackResult:ReturnT [code=500, msg=xxl-rpc remoting fail, StatusCode(404) invalid. for url : http://localhost:8080/xxl-job-admin/api/callback, content=null]
2026-07-13 21:12:23 [com.xxl.job.core.thread.TriggerCallbackThread#callbackLog]-[197]-[Thread-72] <br>----------- xxl-job job callback fail, callbackResult:ReturnT [code=500, msg=xxl-rpc remoting fail, StatusCode(404) invalid. for url : http://localhost:8080/xxl-job-admin/api/callback, content=null]
2026-07-13 21:12:53 [com.xxl.job.core.thread.TriggerCallbackThread#callbackLog]-[197]-[Thread-72] <br>----------- xxl-job job callback fail, callbackResult:ReturnT [code=500, msg=xxl-rpc remoting fail, StatusCode(404) invalid. for url : http://localhost:8080/xxl-job-admin/api/callback, content=null]
2026-07-13 21:13:23 [com.xxl.job.core.thread.TriggerCallbackThread#callbackLog]-[197]-[Thread-72] <br>----------- xxl-job job callback fail, callbackResult:ReturnT [code=500, msg=xxl-rpc remoting fail, StatusCode(404) invalid. for url : http://localhost:8080/xxl-job-admin/api/callback, content=null]
2026-07-13 21:13:53 [com.xxl.job.core.thread.TriggerCallbackThread#callbackLog]-[197]-[Thread-72] <br>----------- xxl-job job callback fail, callbackResult:ReturnT [code=500, msg=xxl-rpc remoting fail, StatusCode(404) invalid. for url : http://localhost:8080/xxl-job-admin/api/callback, content=null]
2026-07-13 21:14:23 [com.xxl.job.core.thread.TriggerCallbackThread#callbackLog]-[197]-[Thread-72] <br>----------- xxl-job job callback fail, callbackResult:ReturnT [code=500, msg=xxl-rpc remoting fail, StatusCode(404) invalid. for url : http://localhost:8080/xxl-job-admin/api/callback, content=null]
2026-07-13 21:14:53 [com.xxl.job.core.thread.TriggerCallbackThread#callbackLog]-[197]-[Thread-72] <br>----------- xxl-job job callback fail, callbackResult:ReturnT [code=500, msg=xxl-rpc remoting fail, StatusCode(404) invalid. for url : http://localhost:8080/xxl-job-admin/api/callback, content=null]
2026-07-13 21:15:23 [com.xxl.job.core.thread.TriggerCallbackThread#callbackLog]-[197]-[Thread-72] <br>----------- xxl-job job callback fail, callbackResult:ReturnT [code=500, msg=xxl-rpc remoting fail, StatusCode(404) invalid. for url : http://localhost:8080/xxl-job-admin/api/callback, content=null]
2026-07-13 21:15:53 [com.xxl.job.core.thread.TriggerCallbackThread#callbackLog]-[197]-[Thread-72] <br>----------- xxl-job job callback fail, callbackResult:ReturnT [code=500, msg=xxl-rpc remoting fail, StatusCode(404) invalid. for url : http://localhost:8080/xxl-job-admin/api/callback, content=null]
2026-07-13 21:16:23 [com.xxl.job.core.thread.TriggerCallbackThread#callbackLog]-[197]-[Thread-72] <br>----------- xxl-job job callback fail, callbackResult:ReturnT [code=500, msg=xxl-rpc remoting fail, StatusCode(404) invalid. for url : http://localhost:8080/xxl-job-admin/api/callback, content=null]
2026-07-13 21:16:53 [com.xxl.job.core.thread.TriggerCallbackThread#callbackLog]-[197]-[Thread-72] <br>----------- xxl-job job callback fail, callbackResult:ReturnT [code=500, msg=xxl-rpc remoting fail, StatusCode(404) invalid. for url : http://localhost:8080/xxl-job-admin/api/callback, content=null]
2026-07-13 21:17:23 [com.xxl.job.core.thread.TriggerCallbackThread#callbackLog]-[197]-[Thread-72] <br>----------- xxl-job job callback fail, callbackResult:ReturnT [code=500, msg=xxl-rpc remoting fail, StatusCode(404) invalid. for url : http://localhost:8080/xxl-job-admin/api/callback, content=null]
2026-07-13 21:17:53 [com.xxl.job.core.thread.TriggerCallbackThread#callbackLog]-[197]-[Thread-72] <br>----------- xxl-job job callback fail, callbackResult:ReturnT [code=500, msg=xxl-rpc remoting fail, StatusCode(404) invalid. for url : http://localhost:8080/xxl-job-admin/api/callback, content=null]
2026-07-13 21:18:23 [com.xxl.job.core.thread.TriggerCallbackThread#callbackLog]-[197]-[Thread-72] <br>----------- xxl-job job callback fail, callbackResult:ReturnT [code=500, msg=xxl-rpc remoting fail, StatusCode(404) invalid. for url : http://localhost:8080/xxl-job-admin/api/callback, content=null]
2026-07-13 21:18:53 [com.xxl.job.core.thread.TriggerCallbackThread#callbackLog]-[197]-[Thread-72] <br>----------- xxl-job job callback fail, callbackResult:ReturnT [code=500, msg=xxl-rpc remoting fail, StatusCode(404) invalid. for url : http://localhost:8080/xxl-job-admin/api/callback, content=null]
2026-07-13 21:19:23 [com.xxl.job.core.thread.TriggerCallbackThread#callbackLog]-[197]-[Thread-72] <br>----------- xxl-job job callback fail, callbackResult:ReturnT [code=500, msg=xxl-rpc remoting fail, StatusCode(404) invalid. for url : http://localhost:8080/xxl-job-admin/api/callback, content=null]
2026-07-13 21:19:53 [com.xxl.job.core.thread.TriggerCallbackThread#callbackLog]-[197]-[Thread-72] <br>----------- xxl-job job callback fail, callbackResult:ReturnT [code=500, msg=xxl-rpc remoting fail, StatusCode(404) invalid. for url : http://localhost:8080/xxl-job-admin/api/callback, content=null]
2026-07-13 21:20:23 [com.xxl.job.core.thread.TriggerCallbackThread#callbackLog]-[197]-[Thread-72] <br>----------- xxl-job job callback fail, callbackResult:ReturnT [code=500, msg=xxl-rpc remoting fail, StatusCode(404) invalid. for url : http://localhost:8080/xxl-job-admin/api/callback, content=null]
2026-07-13 21:20:53 [com.xxl.job.core.thread.TriggerCallbackThread#callbackLog]-[197]-[Thread-72] <br>----------- xxl-job job callback fail, callbackResult:ReturnT [code=500, msg=xxl-rpc remoting fail, StatusCode(404) invalid. for url : http://localhost:8080/xxl-job-admin/api/callback, content=null]
2026-07-13 21:21:23 [com.xxl.job.core.thread.TriggerCallbackThread#callbackLog]-[197]-[Thread-72] <br>----------- xxl-job job callback fail, callbackResult:ReturnT [code=500, msg=xxl-rpc remoting fail, StatusCode(404) invalid. for url : http://localhost:8080/xxl-job-admin/api/callback, content=null]
2026-07-13 21:21:53 [com.xxl.job.core.thread.TriggerCallbackThread#callbackLog]-[197]-[Thread-72] <br>----------- xxl-job job callback fail, callbackResult:ReturnT [code=500, msg=xxl-rpc remoting fail, StatusCode(404) invalid. for url : http://localhost:8080/xxl-job-admin/api/callback, content=null]
2026-07-13 21:22:23 [com.xxl.job.core.thread.TriggerCallbackThread#callbackLog]-[197]-[Thread-72] <br>----------- xxl-job job callback fail, callbackResult:ReturnT [code=500, msg=xxl-rpc remoting fail, StatusCode(404) invalid. for url : http://localhost:8080/xxl-job-admin/api/callback, content=null]
2026-07-13 21:22:53 [com.xxl.job.core.thread.TriggerCallbackThread#callbackLog]-[197]-[Thread-72] <br>----------- xxl-job job callback fail, callbackResult:ReturnT [code=500, msg=xxl-rpc remoting fail, StatusCode(404) invalid. for url : http://localhost:8080/xxl-job-admin/api/callback, content=null]
2026-07-13 21:23:23 [com.xxl.job.core.thread.TriggerCallbackThread#callbackLog]-[197]-[Thread-72] <br>----------- xxl-job job callback fail, callbackResult:ReturnT [code=500, msg=xxl-rpc remoting fail, StatusCode(404) invalid. for url : http://localhost:8080/xxl-job-admin/api/callback, content=null]
2026-07-13 21:23:54 [com.xxl.job.core.thread.TriggerCallbackThread#callbackLog]-[197]-[Thread-72] <br>----------- xxl-job job callback fail, callbackResult:ReturnT [code=500, msg=xxl-rpc remoting fail, StatusCode(404) invalid. for url : http://localhost:8080/xxl-job-admin/api/callback, content=null]
2026-07-13 21:24:24 [com.xxl.job.core.thread.TriggerCallbackThread#callbackLog]-[197]-[Thread-72] <br>----------- xxl-job job callback fail, callbackResult:ReturnT [code=500, msg=xxl-rpc remoting fail, StatusCode(404) invalid. for url : http://localhost:8080/xxl-job-admin/api/callback, content=null]
2026-07-13 21:24:54 [com.xxl.job.core.thread.TriggerCallbackThread#callbackLog]-[197]-[Thread-72] <br>----------- xxl-job job callback fail, callbackResult:ReturnT [code=500, msg=xxl-rpc remoting fail, StatusCode(404) invalid. for url : http://localhost:8080/xxl-job-admin/api/callback, content=null]
2026-07-13 21:25:24 [com.xxl.job.core.thread.TriggerCallbackThread#callbackLog]-[197]-[Thread-72] <br>----------- xxl-job job callback fail, callbackResult:ReturnT [code=500, msg=xxl-rpc remoting fail, StatusCode(404) invalid. for url : http://localhost:8080/xxl-job-admin/api/callback, content=null]
2026-07-13 21:25:54 [com.xxl.job.core.thread.TriggerCallbackThread#callbackLog]-[197]-[Thread-72] <br>----------- xxl-job job callback fail, callbackResult:ReturnT [code=500, msg=xxl-rpc remoting fail, StatusCode(404) invalid. for url : http://localhost:8080/xxl-job-admin/api/callback, content=null]
2026-07-13 21:26:24 [com.xxl.job.core.thread.TriggerCallbackThread#callbackLog]-[197]-[Thread-72] <br>----------- xxl-job job callback fail, callbackResult:ReturnT [code=500, msg=xxl-rpc remoting fail, StatusCode(404) invalid. for url : http://localhost:8080/xxl-job-admin/api/callback, content=null]
2026-07-13 21:26:54 [com.xxl.job.core.thread.TriggerCallbackThread#callbackLog]-[197]-[Thread-72] <br>----------- xxl-job job callback fail, callbackResult:ReturnT [code=500, msg=xxl-rpc remoting fail, StatusCode(404) invalid. for url : http://localhost:8080/xxl-job-admin/api/callback, content=null]
2026-07-13 21:27:24 [com.xxl.job.core.thread.TriggerCallbackThread#callbackLog]-[197]-[Thread-72] <br>----------- xxl-job job callback fail, callbackResult:ReturnT [code=500, msg=xxl-rpc remoting fail, StatusCode(404) invalid. for url : http://localhost:8080/xxl-job-admin/api/callback, content=null]
2026-07-13 21:27:54 [com.xxl.job.core.thread.TriggerCallbackThread#callbackLog]-[197]-[Thread-72] <br>----------- xxl-job job callback fail, callbackResult:ReturnT [code=500, msg=xxl-rpc remoting fail, StatusCode(404) invalid. for url : http://localhost:8080/xxl-job-admin/api/callback, content=null]
2026-07-13 21:28:24 [com.xxl.job.core.thread.TriggerCallbackThread#callbackLog]-[197]-[Thread-72] <br>----------- xxl-job job callback fail, callbackResult:ReturnT [code=500, msg=xxl-rpc remoting fail, StatusCode(404) invalid. for url : http://localhost:8080/xxl-job-admin/api/callback, content=null]
2026-07-13 21:28:54 [com.xxl.job.core.thread.TriggerCallbackThread#callbackLog]-[197]-[Thread-72] <br>----------- xxl-job job callback fail, callbackResult:ReturnT [code=500, msg=xxl-rpc remoting fail, StatusCode(404) invalid. for url : http://localhost:8080/xxl-job-admin/api/callback, content=null]
2026-07-13 21:29:24 [com.xxl.job.core.thread.TriggerCallbackThread#callbackLog]-[197]-[Thread-72] <br>----------- xxl-job job callback fail, callbackResult:ReturnT [code=500, msg=xxl-rpc remoting fail, StatusCode(404) invalid. for url : http://localhost:8080/xxl-job-admin/api/callback, content=null]
2026-07-13 21:29:54 [com.xxl.job.core.thread.TriggerCallbackThread#callbackLog]-[197]-[Thread-72] <br>----------- xxl-job job callback fail, callbackResult:ReturnT [code=500, msg=xxl-rpc remoting fail, StatusCode(404) invalid. for url : http://localhost:8080/xxl-job-admin/api/callback, content=null]
2026-07-13 21:30:24 [com.xxl.job.core.thread.TriggerCallbackThread#callbackLog]-[197]-[Thread-72] <br>----------- xxl-job job callback fail, callbackResult:ReturnT [code=500, msg=xxl-rpc remoting fail, StatusCode(404) invalid. for url : http://localhost:8080/xxl-job-admin/api/callback, content=null]
2026-07-13 21:30:54 [com.xxl.job.core.thread.TriggerCallbackThread#callbackLog]-[197]-[Thread-72] <br>----------- xxl-job job callback fail, callbackResult:ReturnT [code=500, msg=xxl-rpc remoting fail, StatusCode(404) invalid. for url : http://localhost:8080/xxl-job-admin/api/callback, content=null]
2026-07-13 21:31:24 [com.xxl.job.core.thread.TriggerCallbackThread#callbackLog]-[197]-[Thread-72] <br>----------- xxl-job job callback fail, callbackResult:ReturnT [code=500, msg=xxl-rpc remoting fail, StatusCode(404) invalid. for url : http://localhost:8080/xxl-job-admin/api/callback, content=null]
2026-07-13 21:31:54 [com.xxl.job.core.thread.TriggerCallbackThread#callbackLog]-[197]-[Thread-72] <br>----------- xxl-job job callback fail, callbackResult:ReturnT [code=500, msg=xxl-rpc remoting fail, StatusCode(404) invalid. for url : http://localhost:8080/xxl-job-admin/api/callback, content=null]
2026-07-13 21:32:24 [com.xxl.job.core.thread.TriggerCallbackThread#callbackLog]-[197]-[Thread-72] <br>----------- xxl-job job callback fail, callbackResult:ReturnT [code=500, msg=xxl-rpc remoting fail, StatusCode(404) invalid. for url : http://localhost:8080/xxl-job-admin/api/callback, content=null]
2026-07-13 21:32:54 [com.xxl.job.core.thread.TriggerCallbackThread#callbackLog]-[197]-[Thread-72] <br>----------- xxl-job job callback fail, callbackResult:ReturnT [code=500, msg=xxl-rpc remoting fail, StatusCode(404) invalid. for url : http://localhost:8080/xxl-job-admin/api/callback, content=null]
2026-07-13 21:33:24 [com.xxl.job.core.thread.TriggerCallbackThread#callbackLog]-[197]-[Thread-72] <br>----------- xxl-job job callback fail, callbackResult:ReturnT [code=500, msg=xxl-rpc remoting fail, StatusCode(404) invalid. for url : http://localhost:8080/xxl-job-admin/api/callback, content=null]
2026-07-13 21:33:54 [com.xxl.job.core.thread.TriggerCallbackThread#callbackLog]-[197]-[Thread-72] <br>----------- xxl-job job callback fail, callbackResult:ReturnT [code=500, msg=xxl-rpc remoting fail, StatusCode(404) invalid. for url : http://localhost:8080/xxl-job-admin/api/callback, content=null]
2026-07-13 21:34:24 [com.xxl.job.core.thread.TriggerCallbackThread#callbackLog]-[197]-[Thread-72] <br>----------- xxl-job job callback fail, callbackResult:ReturnT [code=500, msg=xxl-rpc remoting fail, StatusCode(404) invalid. for url : http://localhost:8080/xxl-job-admin/api/callback, content=null]
2026-07-13 21:34:54 [com.xxl.job.core.thread.TriggerCallbackThread#callbackLog]-[197]-[Thread-72] <br>----------- xxl-job job callback fail, callbackResult:ReturnT [code=500, msg=xxl-rpc remoting fail, StatusCode(404) invalid. for url : http://localhost:8080/xxl-job-admin/api/callback, content=null]
2026-07-13 21:35:24 [com.xxl.job.core.thread.TriggerCallbackThread#callbackLog]-[197]-[Thread-72] <br>----------- xxl-job job callback fail, callbackResult:ReturnT [code=500, msg=xxl-rpc remoting fail, StatusCode(404) invalid. for url : http://localhost:8080/xxl-job-admin/api/callback, content=null]
2026-07-13 21:35:54 [com.xxl.job.core.thread.TriggerCallbackThread#callbackLog]-[197]-[Thread-72] <br>----------- xxl-job job callback fail, callbackResult:ReturnT [code=500, msg=xxl-rpc remoting fail, StatusCode(404) invalid. for url : http://localhost:8080/xxl-job-admin/api/callback, content=null]
2026-07-13 21:36:24 [com.xxl.job.core.thread.TriggerCallbackThread#callbackLog]-[197]-[Thread-72] <br>----------- xxl-job job callback fail, callbackResult:ReturnT [code=500, msg=xxl-rpc remoting fail, StatusCode(404) invalid. for url : http://localhost:8080/xxl-job-admin/api/callback, content=null]
2026-07-13 21:36:54 [com.xxl.job.core.thread.TriggerCallbackThread#callbackLog]-[197]-[Thread-72] <br>----------- xxl-job job callback fail, callbackResult:ReturnT [code=500, msg=xxl-rpc remoting fail, StatusCode(404) invalid. for url : http://localhost:8080/xxl-job-admin/api/callback, content=null]
2026-07-13 21:37:24 [com.xxl.job.core.thread.TriggerCallbackThread#callbackLog]-[197]-[Thread-72] <br>----------- xxl-job job callback fail, callbackResult:ReturnT [code=500, msg=xxl-rpc remoting fail, StatusCode(404) invalid. for url : http://localhost:8080/xxl-job-admin/api/callback, content=null]
2026-07-13 21:37:54 [com.xxl.job.core.thread.TriggerCallbackThread#callbackLog]-[197]-[Thread-72] <br>----------- xxl-job job callback fail, callbackResult:ReturnT [code=500, msg=xxl-rpc remoting fail, StatusCode(404) invalid. for url : http://localhost:8080/xxl-job-admin/api/callback, content=null]
2026-07-13 21:38:24 [com.xxl.job.core.thread.TriggerCallbackThread#callbackLog]-[197]-[Thread-72] <br>----------- xxl-job job callback fail, callbackResult:ReturnT [code=500, msg=xxl-rpc remoting fail, StatusCode(404) invalid. for url : http://localhost:8080/xxl-job-admin/api/callback, content=null]
2026-07-13 21:38:54 [com.xxl.job.core.thread.TriggerCallbackThread#callbackLog]-[197]-[Thread-72] <br>----------- xxl-job job callback fail, callbackResult:ReturnT [code=500, msg=xxl-rpc remoting fail, StatusCode(404) invalid. for url : http://localhost:8080/xxl-job-admin/api/callback, content=null]
2026-07-13 21:39:24 [com.xxl.job.core.thread.TriggerCallbackThread#callbackLog]-[197]-[Thread-72] <br>----------- xxl-job job callback fail, callbackResult:ReturnT [code=500, msg=xxl-rpc remoting fail, StatusCode(404) invalid. for url : http://localhost:8080/xxl-job-admin/api/callback, content=null]
2026-07-13 21:39:54 [com.xxl.job.core.thread.TriggerCallbackThread#callbackLog]-[197]-[Thread-72] <br>----------- xxl-job job callback fail, callbackResult:ReturnT [code=500, msg=xxl-rpc remoting fail, StatusCode(404) invalid. for url : http://localhost:8080/xxl-job-admin/api/callback, content=null]
2026-07-13 21:40:24 [com.xxl.job.core.thread.TriggerCallbackThread#callbackLog]-[197]-[Thread-72] <br>----------- xxl-job job callback fail, callbackResult:ReturnT [code=500, msg=xxl-rpc remoting fail, StatusCode(404) invalid. for url : http://localhost:8080/xxl-job-admin/api/callback, content=null]
2026-07-13 21:40:54 [com.xxl.job.core.thread.TriggerCallbackThread#callbackLog]-[197]-[Thread-72] <br>----------- xxl-job job callback fail, callbackResult:ReturnT [code=500, msg=xxl-rpc remoting fail, StatusCode(404) invalid. for url : http://localhost:8080/xxl-job-admin/api/callback, content=null]
2026-07-13 21:41:24 [com.xxl.job.core.thread.TriggerCallbackThread#callbackLog]-[197]-[Thread-72] <br>----------- xxl-job job callback fail, callbackResult:ReturnT [code=500, msg=xxl-rpc remoting fail, StatusCode(404) invalid. for url : http://localhost:8080/xxl-job-admin/api/callback, content=null]
2026-07-13 21:41:54 [com.xxl.job.core.thread.TriggerCallbackThread#callbackLog]-[197]-[Thread-72] <br>----------- xxl-job job callback fail, callbackResult:ReturnT [code=500, msg=xxl-rpc remoting fail, StatusCode(404) invalid. for url : http://localhost:8080/xxl-job-admin/api/callback, content=null]
2026-07-13 21:42:24 [com.xxl.job.core.thread.TriggerCallbackThread#callbackLog]-[197]-[Thread-72] <br>----------- xxl-job job callback fail, callbackResult:ReturnT [code=500, msg=xxl-rpc remoting fail, StatusCode(404) invalid. for url : http://localhost:8080/xxl-job-admin/api/callback, content=null]
2026-07-13 21:42:54 [com.xxl.job.core.thread.TriggerCallbackThread#callbackLog]-[197]-[Thread-72] <br>----------- xxl-job job callback fail, callbackResult:ReturnT [code=500, msg=xxl-rpc remoting fail, StatusCode(404) invalid. for url : http://localhost:8080/xxl-job-admin/api/callback, content=null]
2026-07-13 21:43:24 [com.xxl.job.core.thread.TriggerCallbackThread#callbackLog]-[197]-[Thread-72] <br>----------- xxl-job job callback fail, callbackResult:ReturnT [code=500, msg=xxl-rpc remoting fail, StatusCode(404) invalid. for url : http://localhost:8080/xxl-job-admin/api/callback, content=null]
2026-07-13 21:43:55 [com.xxl.job.core.thread.TriggerCallbackThread#callbackLog]-[197]-[Thread-72] <br>----------- xxl-job job callback fail, callbackResult:ReturnT [code=500, msg=xxl-rpc remoting fail, StatusCode(404) invalid. for url : http://localhost:8080/xxl-job-admin/api/callback, content=null]
2026-07-13 21:44:25 [com.xxl.job.core.thread.TriggerCallbackThread#callbackLog]-[197]-[Thread-72] <br>----------- xxl-job job callback fail, callbackResult:ReturnT [code=500, msg=xxl-rpc remoting fail, StatusCode(404) invalid. for url : http://localhost:8080/xxl-job-admin/api/callback, content=null]
2026-07-13 21:44:55 [com.xxl.job.core.thread.TriggerCallbackThread#callbackLog]-[197]-[Thread-72] <br>----------- xxl-job job callback fail, callbackResult:ReturnT [code=500, msg=xxl-rpc remoting fail, StatusCode(404) invalid. for url : http://localhost:8080/xxl-job-admin/api/callback, content=null]
2026-07-13 21:45:25 [com.xxl.job.core.thread.TriggerCallbackThread#callbackLog]-[197]-[Thread-72] <br>----------- xxl-job job callback fail, callbackResult:ReturnT [code=500, msg=xxl-rpc remoting fail, StatusCode(404) invalid. for url : http://localhost:8080/xxl-job-admin/api/callback, content=null]
2026-07-13 21:45:55 [com.xxl.job.core.thread.TriggerCallbackThread#callbackLog]-[197]-[Thread-72] <br>----------- xxl-job job callback fail, callbackResult:ReturnT [code=500, msg=xxl-rpc remoting fail, StatusCode(404) invalid. for url : http://localhost:8080/xxl-job-admin/api/callback, content=null]
2026-07-13 21:46:25 [com.xxl.job.core.thread.TriggerCallbackThread#callbackLog]-[197]-[Thread-72] <br>----------- xxl-job job callback fail, callbackResult:ReturnT [code=500, msg=xxl-rpc remoting fail, StatusCode(404) invalid. for url : http://localhost:8080/xxl-job-admin/api/callback, content=null]
2026-07-13 21:46:55 [com.xxl.job.core.thread.TriggerCallbackThread#callbackLog]-[197]-[Thread-72] <br>----------- xxl-job job callback fail, callbackResult:ReturnT [code=500, msg=xxl-rpc remoting fail, StatusCode(404) invalid. for url : http://localhost:8080/xxl-job-admin/api/callback, content=null]
2026-07-13 21:47:25 [com.xxl.job.core.thread.TriggerCallbackThread#callbackLog]-[197]-[Thread-72] <br>----------- xxl-job job callback fail, callbackResult:ReturnT [code=500, msg=xxl-rpc remoting fail, StatusCode(404) invalid. for url : http://localhost:8080/xxl-job-admin/api/callback, content=null]
2026-07-13 21:47:55 [com.xxl.job.core.thread.TriggerCallbackThread#callbackLog]-[197]-[Thread-72] <br>----------- xxl-job job callback fail, callbackResult:ReturnT [code=500, msg=xxl-rpc remoting fail, StatusCode(404) invalid. for url : http://localhost:8080/xxl-job-admin/api/callback, content=null]
2026-07-13 21:48:25 [com.xxl.job.core.thread.TriggerCallbackThread#callbackLog]-[197]-[Thread-72] <br>----------- xxl-job job callback fail, callbackResult:ReturnT [code=500, msg=xxl-rpc remoting fail, StatusCode(404) invalid. for url : http://localhost:8080/xxl-job-admin/api/callback, content=null]
2026-07-13 21:48:55 [com.xxl.job.core.thread.TriggerCallbackThread#callbackLog]-[197]-[Thread-72] <br>----------- xxl-job job callback fail, callbackResult:ReturnT [code=500, msg=xxl-rpc remoting fail, StatusCode(404) invalid. for url : http://localhost:8080/xxl-job-admin/api/callback, content=null]
2026-07-13 21:49:25 [com.xxl.job.core.thread.TriggerCallbackThread#callbackLog]-[197]-[Thread-72] <br>----------- xxl-job job callback fail, callbackResult:ReturnT [code=500, msg=xxl-rpc remoting fail, StatusCode(404) invalid. for url : http://localhost:8080/xxl-job-admin/api/callback, content=null]
2026-07-13 21:49:55 [com.xxl.job.core.thread.TriggerCallbackThread#callbackLog]-[197]-[Thread-72] <br>----------- xxl-job job callback fail, callbackResult:ReturnT [code=500, msg=xxl-rpc remoting fail, StatusCode(404) invalid. for url : http://localhost:8080/xxl-job-admin/api/callback, content=null]
2026-07-13 21:50:25 [com.xxl.job.core.thread.TriggerCallbackThread#callbackLog]-[197]-[Thread-72] <br>----------- xxl-job job callback fail, callbackResult:ReturnT [code=500, msg=xxl-rpc remoting fail, StatusCode(404) invalid. for url : http://localhost:8080/xxl-job-admin/api/callback, content=null]
2026-07-13 21:50:55 [com.xxl.job.core.thread.TriggerCallbackThread#callbackLog]-[197]-[Thread-72] <br>----------- xxl-job job callback fail, callbackResult:ReturnT [code=500, msg=xxl-rpc remoting fail, StatusCode(404) invalid. for url : http://localhost:8080/xxl-job-admin/api/callback, content=null]
2026-07-13 21:51:25 [com.xxl.job.core.thread.TriggerCallbackThread#callbackLog]-[197]-[Thread-72] <br>----------- xxl-job job callback fail, callbackResult:ReturnT [code=500, msg=xxl-rpc remoting fail, StatusCode(404) invalid. for url : http://localhost:8080/xxl-job-admin/api/callback, content=null]
2026-07-13 21:51:55 [com.xxl.job.core.thread.TriggerCallbackThread#callbackLog]-[197]-[Thread-72] <br>----------- xxl-job job callback fail, callbackResult:ReturnT [code=500, msg=xxl-rpc remoting fail, StatusCode(404) invalid. for url : http://localhost:8080/xxl-job-admin/api/callback, content=null]
2026-07-13 21:52:25 [com.xxl.job.core.thread.TriggerCallbackThread#callbackLog]-[197]-[Thread-72] <br>----------- xxl-job job callback fail, callbackResult:ReturnT [code=500, msg=xxl-rpc remoting fail, StatusCode(404) invalid. for url : http://localhost:8080/xxl-job-admin/api/callback, content=null]
2026-07-13 21:52:55 [com.xxl.job.core.thread.TriggerCallbackThread#callbackLog]-[197]-[Thread-72] <br>----------- xxl-job job callback fail, callbackResult:ReturnT [code=500, msg=xxl-rpc remoting fail, StatusCode(404) invalid. for url : http://localhost:8080/xxl-job-admin/api/callback, content=null]
2026-07-13 21:53:25 [com.xxl.job.core.thread.TriggerCallbackThread#callbackLog]-[197]-[Thread-72] <br>----------- xxl-job job callback fail, callbackResult:ReturnT [code=500, msg=xxl-rpc remoting fail, StatusCode(404) invalid. for url : http://localhost:8080/xxl-job-admin/api/callback, content=null]
2026-07-13 21:53:55 [com.xxl.job.core.thread.TriggerCallbackThread#callbackLog]-[197]-[Thread-72] <br>----------- xxl-job job callback fail, callbackResult:ReturnT [code=500, msg=xxl-rpc remoting fail, StatusCode(404) invalid. for url : http://localhost:8080/xxl-job-admin/api/callback, content=null]
2026-07-13 21:54:25 [com.xxl.job.core.thread.TriggerCallbackThread#callbackLog]-[197]-[Thread-72] <br>----------- xxl-job job callback fail, callbackResult:ReturnT [code=500, msg=xxl-rpc remoting fail, StatusCode(404) invalid. for url : http://localhost:8080/xxl-job-admin/api/callback, content=null]
2026-07-13 21:54:55 [com.xxl.job.core.thread.TriggerCallbackThread#callbackLog]-[197]-[Thread-72] <br>----------- xxl-job job callback fail, callbackResult:ReturnT [code=500, msg=xxl-rpc remoting fail, StatusCode(404) invalid. for url : http://localhost:8080/xxl-job-admin/api/callback, content=null]
2026-07-13 21:55:25 [com.xxl.job.core.thread.TriggerCallbackThread#callbackLog]-[197]-[Thread-72] <br>----------- xxl-job job callback fail, callbackResult:ReturnT [code=500, msg=xxl-rpc remoting fail, StatusCode(404) invalid. for url : http://localhost:8080/xxl-job-admin/api/callback, content=null]
2026-07-13 21:55:55 [com.xxl.job.core.thread.TriggerCallbackThread#callbackLog]-[197]-[Thread-72] <br>----------- xxl-job job callback fail, callbackResult:ReturnT [code=500, msg=xxl-rpc remoting fail, StatusCode(404) invalid. for url : http://localhost:8080/xxl-job-admin/api/callback, content=null]
2026-07-13 21:56:25 [com.xxl.job.core.thread.TriggerCallbackThread#callbackLog]-[197]-[Thread-72] <br>----------- xxl-job job callback fail, callbackResult:ReturnT [code=500, msg=xxl-rpc remoting fail, StatusCode(404) invalid. for url : http://localhost:8080/xxl-job-admin/api/callback, content=null]
2026-07-13 21:56:55 [com.xxl.job.core.thread.TriggerCallbackThread#callbackLog]-[197]-[Thread-72] <br>----------- xxl-job job callback fail, callbackResult:ReturnT [code=500, msg=xxl-rpc remoting fail, StatusCode(404) invalid. for url : http://localhost:8080/xxl-job-admin/api/callback, content=null]
2026-07-13 21:57:25 [com.xxl.job.core.thread.TriggerCallbackThread#callbackLog]-[197]-[Thread-72] <br>----------- xxl-job job callback fail, callbackResult:ReturnT [code=500, msg=xxl-rpc remoting fail, StatusCode(404) invalid. for url : http://localhost:8080/xxl-job-admin/api/callback, content=null]
2026-07-13 21:57:55 [com.xxl.job.core.thread.TriggerCallbackThread#callbackLog]-[197]-[Thread-72] <br>----------- xxl-job job callback fail, callbackResult:ReturnT [code=500, msg=xxl-rpc remoting fail, StatusCode(404) invalid. for url : http://localhost:8080/xxl-job-admin/api/callback, content=null]
2026-07-13 21:58:25 [com.xxl.job.core.thread.TriggerCallbackThread#callbackLog]-[197]-[Thread-72] <br>----------- xxl-job job callback fail, callbackResult:ReturnT [code=500, msg=xxl-rpc remoting fail, StatusCode(404) invalid. for url : http://localhost:8080/xxl-job-admin/api/callback, content=null]
2026-07-13 21:58:55 [com.xxl.job.core.thread.TriggerCallbackThread#callbackLog]-[197]-[Thread-72] <br>----------- xxl-job job callback fail, callbackResult:ReturnT [code=500, msg=xxl-rpc remoting fail, StatusCode(404) invalid. for url : http://localhost:8080/xxl-job-admin/api/callback, content=null]
2026-07-13 21:59:25 [com.xxl.job.core.thread.TriggerCallbackThread#callbackLog]-[197]-[Thread-72] <br>----------- xxl-job job callback fail, callbackResult:ReturnT [code=500, msg=xxl-rpc remoting fail, StatusCode(404) invalid. for url : http://localhost:8080/xxl-job-admin/api/callback, content=null]
2026-07-13 21:59:55 [com.xxl.job.core.thread.TriggerCallbackThread#callbackLog]-[197]-[Thread-72] <br>----------- xxl-job job callback fail, callbackResult:ReturnT [code=500, msg=xxl-rpc remoting fail, StatusCode(404) invalid. for url : http://localhost:8080/xxl-job-admin/api/callback, content=null]
2026-07-13 22:00:25 [com.xxl.job.core.thread.TriggerCallbackThread#callbackLog]-[197]-[Thread-72] <br>----------- xxl-job job callback fail, callbackResult:ReturnT [code=500, msg=xxl-rpc remoting fail, StatusCode(404) invalid. for url : http://localhost:8080/xxl-job-admin/api/callback, content=null]
2026-07-13 22:00:55 [com.xxl.job.core.thread.TriggerCallbackThread#callbackLog]-[197]-[Thread-72] <br>----------- xxl-job job callback fail, callbackResult:ReturnT [code=500, msg=xxl-rpc remoting fail, StatusCode(404) invalid. for url : http://localhost:8080/xxl-job-admin/api/callback, content=null]
2026-07-13 22:01:25 [com.xxl.job.core.thread.TriggerCallbackThread#callbackLog]-[197]-[Thread-72] <br>----------- xxl-job job callback fail, callbackResult:ReturnT [code=500, msg=xxl-rpc remoting fail, StatusCode(404) invalid. for url : http://localhost:8080/xxl-job-admin/api/callback, content=null]
2026-07-13 22:01:55 [com.xxl.job.core.thread.TriggerCallbackThread#callbackLog]-[197]-[Thread-72] <br>----------- xxl-job job callback fail, callbackResult:ReturnT [code=500, msg=xxl-rpc remoting fail, StatusCode(404) invalid. for url : http://localhost:8080/xxl-job-admin/api/callback, content=null]
2026-07-13 22:02:25 [com.xxl.job.core.thread.TriggerCallbackThread#callbackLog]-[197]-[Thread-72] <br>----------- xxl-job job callback fail, callbackResult:ReturnT [code=500, msg=xxl-rpc remoting fail, StatusCode(404) invalid. for url : http://localhost:8080/xxl-job-admin/api/callback, content=null]
2026-07-13 22:02:55 [com.xxl.job.core.thread.TriggerCallbackThread#callbackLog]-[197]-[Thread-72] <br>----------- xxl-job job callback fail, callbackResult:ReturnT [code=500, msg=xxl-rpc remoting fail, StatusCode(404) invalid. for url : http://localhost:8080/xxl-job-admin/api/callback, content=null]
2026-07-13 22:03:25 [com.xxl.job.core.thread.TriggerCallbackThread#callbackLog]-[197]-[Thread-72] <br>----------- xxl-job job callback fail, callbackResult:ReturnT [code=500, msg=xxl-rpc remoting fail, StatusCode(404) invalid. for url : http://localhost:8080/xxl-job-admin/api/callback, content=null]
2026-07-13 22:03:55 [com.xxl.job.core.thread.TriggerCallbackThread#callbackLog]-[197]-[Thread-72] <br>----------- xxl-job job callback fail, callbackResult:ReturnT [code=500, msg=xxl-rpc remoting fail, StatusCode(404) invalid. for url : http://localhost:8080/xxl-job-admin/api/callback, content=null]
2026-07-13 22:04:25 [com.xxl.job.core.thread.TriggerCallbackThread#callbackLog]-[197]-[Thread-72] <br>----------- xxl-job job callback fail, callbackResult:ReturnT [code=500, msg=xxl-rpc remoting fail, StatusCode(404) invalid. for url : http://localhost:8080/xxl-job-admin/api/callback, content=null]
2026-07-13 22:04:55 [com.xxl.job.core.thread.TriggerCallbackThread#callbackLog]-[197]-[Thread-72] <br>----------- xxl-job job callback fail, callbackResult:ReturnT [code=500, msg=xxl-rpc remoting fail, StatusCode(404) invalid. for url : http://localhost:8080/xxl-job-admin/api/callback, content=null]
2026-07-13 22:05:25 [com.xxl.job.core.thread.TriggerCallbackThread#callbackLog]-[197]-[Thread-72] <br>----------- xxl-job job callback fail, callbackResult:ReturnT [code=500, msg=xxl-rpc remoting fail, StatusCode(404) invalid. for url : http://localhost:8080/xxl-job-admin/api/callback, content=null]
2026-07-13 22:05:55 [com.xxl.job.core.thread.TriggerCallbackThread#callbackLog]-[197]-[Thread-72] <br>----------- xxl-job job callback fail, callbackResult:ReturnT [code=500, msg=xxl-rpc remoting fail, StatusCode(404) invalid. for url : http://localhost:8080/xxl-job-admin/api/callback, content=null]
2026-07-13 22:06:25 [com.xxl.job.core.thread.TriggerCallbackThread#callbackLog]-[197]-[Thread-72] <br>----------- xxl-job job callback fail, callbackResult:ReturnT [code=500, msg=xxl-rpc remoting fail, StatusCode(404) invalid. for url : http://localhost:8080/xxl-job-admin/api/callback, content=null]
2026-07-13 22:06:55 [com.xxl.job.core.thread.TriggerCallbackThread#callbackLog]-[197]-[Thread-72] <br>----------- xxl-job job callback fail, callbackResult:ReturnT [code=500, msg=xxl-rpc remoting fail, StatusCode(404) invalid. for url : http://localhost:8080/xxl-job-admin/api/callback, content=null]
2026-07-13 22:07:25 [com.xxl.job.core.thread.TriggerCallbackThread#callbackLog]-[197]-[Thread-72] <br>----------- xxl-job job callback fail, callbackResult:ReturnT [code=500, msg=xxl-rpc remoting fail, StatusCode(404) invalid. for url : http://localhost:8080/xxl-job-admin/api/callback, content=null]
2026-07-13 22:07:55 [com.xxl.job.core.thread.TriggerCallbackThread#callbackLog]-[197]-[Thread-72] <br>----------- xxl-job job callback fail, callbackResult:ReturnT [code=500, msg=xxl-rpc remoting fail, StatusCode(404) invalid. for url : http://localhost:8080/xxl-job-admin/api/callback, content=null]
2026-07-13 22:08:26 [com.xxl.job.core.thread.TriggerCallbackThread#callbackLog]-[197]-[Thread-72] <br>----------- xxl-job job callback fail, callbackResult:ReturnT [code=500, msg=xxl-rpc remoting fail, StatusCode(404) invalid. for url : http://localhost:8080/xxl-job-admin/api/callback, content=null]
2026-07-13 22:08:56 [com.xxl.job.core.thread.TriggerCallbackThread#callbackLog]-[197]-[Thread-72] <br>----------- xxl-job job callback fail, callbackResult:ReturnT [code=500, msg=xxl-rpc remoting fail, StatusCode(404) invalid. for url : http://localhost:8080/xxl-job-admin/api/callback, content=null]
2026-07-13 22:09:26 [com.xxl.job.core.thread.TriggerCallbackThread#callbackLog]-[197]-[Thread-72] <br>----------- xxl-job job callback fail, callbackResult:ReturnT [code=500, msg=xxl-rpc remoting fail, StatusCode(404) invalid. for url : http://localhost:8080/xxl-job-admin/api/callback, content=null]
2026-07-13 22:09:56 [com.xxl.job.core.thread.TriggerCallbackThread#callbackLog]-[197]-[Thread-72] <br>----------- xxl-job job callback fail, callbackResult:ReturnT [code=500, msg=xxl-rpc remoting fail, StatusCode(404) invalid. for url : http://localhost:8080/xxl-job-admin/api/callback, content=null]
2026-07-13 22:10:26 [com.xxl.job.core.thread.TriggerCallbackThread#callbackLog]-[197]-[Thread-72] <br>----------- xxl-job job callback fail, callbackResult:ReturnT [code=500, msg=xxl-rpc remoting fail, StatusCode(404) invalid. for url : http://localhost:8080/xxl-job-admin/api/callback, content=null]
2026-07-13 22:10:56 [com.xxl.job.core.thread.TriggerCallbackThread#callbackLog]-[197]-[Thread-72] <br>----------- xxl-job job callback fail, callbackResult:ReturnT [code=500, msg=xxl-rpc remoting fail, StatusCode(404) invalid. for url : http://localhost:8080/xxl-job-admin/api/callback, content=null]
2026-07-13 22:11:26 [com.xxl.job.core.thread.TriggerCallbackThread#callbackLog]-[197]-[Thread-72] <br>----------- xxl-job job callback fail, callbackResult:ReturnT [code=500, msg=xxl-rpc remoting fail, StatusCode(404) invalid. for url : http://localhost:8080/xxl-job-admin/api/callback, content=null]
2026-07-13 22:11:56 [com.xxl.job.core.thread.TriggerCallbackThread#callbackLog]-[197]-[Thread-72] <br>----------- xxl-job job callback fail, callbackResult:ReturnT [code=500, msg=xxl-rpc remoting fail, StatusCode(404) invalid. for url : http://localhost:8080/xxl-job-admin/api/callback, content=null]
2026-07-13 22:12:26 [com.xxl.job.core.thread.TriggerCallbackThread#callbackLog]-[197]-[Thread-72] <br>----------- xxl-job job callback fail, callbackResult:ReturnT [code=500, msg=xxl-rpc remoting fail, StatusCode(404) invalid. for url : http://localhost:8080/xxl-job-admin/api/callback, content=null]
2026-07-13 22:12:56 [com.xxl.job.core.thread.TriggerCallbackThread#callbackLog]-[197]-[Thread-72] <br>----------- xxl-job job callback fail, callbackResult:ReturnT [code=500, msg=xxl-rpc remoting fail, StatusCode(404) invalid. for url : http://localhost:8080/xxl-job-admin/api/callback, content=null]
2026-07-13 22:13:26 [com.xxl.job.core.thread.TriggerCallbackThread#callbackLog]-[197]-[Thread-72] <br>----------- xxl-job job callback fail, callbackResult:ReturnT [code=500, msg=xxl-rpc remoting fail, StatusCode(404) invalid. for url : http://localhost:8080/xxl-job-admin/api/callback, content=null]
2026-07-13 22:13:56 [com.xxl.job.core.thread.TriggerCallbackThread#callbackLog]-[197]-[Thread-72] <br>----------- xxl-job job callback fail, callbackResult:ReturnT [code=500, msg=xxl-rpc remoting fail, StatusCode(404) invalid. for url : http://localhost:8080/xxl-job-admin/api/callback, content=null]
2026-07-13 22:14:26 [com.xxl.job.core.thread.TriggerCallbackThread#callbackLog]-[197]-[Thread-72] <br>----------- xxl-job job callback fail, callbackResult:ReturnT [code=500, msg=xxl-rpc remoting fail, StatusCode(404) invalid. for url : http://localhost:8080/xxl-job-admin/api/callback, content=null]
2026-07-13 22:14:56 [com.xxl.job.core.thread.TriggerCallbackThread#callbackLog]-[197]-[Thread-72] <br>----------- xxl-job job callback fail, callbackResult:ReturnT [code=500, msg=xxl-rpc remoting fail, StatusCode(404) invalid. for url : http://localhost:8080/xxl-job-admin/api/callback, content=null]
2026-07-13 22:15:26 [com.xxl.job.core.thread.TriggerCallbackThread#callbackLog]-[197]-[Thread-72] <br>----------- xxl-job job callback fail, callbackResult:ReturnT [code=500, msg=xxl-rpc remoting fail, StatusCode(404) invalid. for url : http://localhost:8080/xxl-job-admin/api/callback, content=null]
2026-07-13 22:15:56 [com.xxl.job.core.thread.TriggerCallbackThread#callbackLog]-[197]-[Thread-72] <br>----------- xxl-job job callback fail, callbackResult:ReturnT [code=500, msg=xxl-rpc remoting fail, StatusCode(404) invalid. for url : http://localhost:8080/xxl-job-admin/api/callback, content=null]
2026-07-13 22:16:26 [com.xxl.job.core.thread.TriggerCallbackThread#callbackLog]-[197]-[Thread-72] <br>----------- xxl-job job callback fail, callbackResult:ReturnT [code=500, msg=xxl-rpc remoting fail, StatusCode(404) invalid. for url : http://localhost:8080/xxl-job-admin/api/callback, content=null]
2026-07-13 22:16:56 [com.xxl.job.core.thread.TriggerCallbackThread#callbackLog]-[197]-[Thread-72] <br>----------- xxl-job job callback fail, callbackResult:ReturnT [code=500, msg=xxl-rpc remoting fail, StatusCode(404) invalid. for url : http://localhost:8080/xxl-job-admin/api/callback, content=null]
2026-07-13 22:17:26 [com.xxl.job.core.thread.TriggerCallbackThread#callbackLog]-[197]-[Thread-72] <br>----------- xxl-job job callback fail, callbackResult:ReturnT [code=500, msg=xxl-rpc remoting fail, StatusCode(404) invalid. for url : http://localhost:8080/xxl-job-admin/api/callback, content=null]
2026-07-13 22:17:56 [com.xxl.job.core.thread.TriggerCallbackThread#callbackLog]-[197]-[Thread-72] <br>----------- xxl-job job callback fail, callbackResult:ReturnT [code=500, msg=xxl-rpc remoting fail, StatusCode(404) invalid. for url : http://localhost:8080/xxl-job-admin/api/callback, content=null]
2026-07-13 22:18:26 [com.xxl.job.core.thread.TriggerCallbackThread#callbackLog]-[197]-[Thread-72] <br>----------- xxl-job job callback fail, callbackResult:ReturnT [code=500, msg=xxl-rpc remoting fail, StatusCode(404) invalid. for url : http://localhost:8080/xxl-job-admin/api/callback, content=null]
2026-07-13 22:18:56 [com.xxl.job.core.thread.TriggerCallbackThread#callbackLog]-[197]-[Thread-72] <br>----------- xxl-job job callback fail, callbackResult:ReturnT [code=500, msg=xxl-rpc remoting fail, StatusCode(404) invalid. for url : http://localhost:8080/xxl-job-admin/api/callback, content=null]
2026-07-13 22:19:26 [com.xxl.job.core.thread.TriggerCallbackThread#callbackLog]-[197]-[Thread-72] <br>----------- xxl-job job callback fail, callbackResult:ReturnT [code=500, msg=xxl-rpc remoting fail, StatusCode(404) invalid. for url : http://localhost:8080/xxl-job-admin/api/callback, content=null]
2026-07-13 22:19:56 [com.xxl.job.core.thread.TriggerCallbackThread#callbackLog]-[197]-[Thread-72] <br>----------- xxl-job job callback fail, callbackResult:ReturnT [code=500, msg=xxl-rpc remoting fail, StatusCode(404) invalid. for url : http://localhost:8080/xxl-job-admin/api/callback, content=null]
2026-07-13 22:20:26 [com.xxl.job.core.thread.TriggerCallbackThread#callbackLog]-[197]-[Thread-72] <br>----------- xxl-job job callback fail, callbackResult:ReturnT [code=500, msg=xxl-rpc remoting fail, StatusCode(404) invalid. for url : http://localhost:8080/xxl-job-admin/api/callback, content=null]
2026-07-13 22:20:56 [com.xxl.job.core.thread.TriggerCallbackThread#callbackLog]-[197]-[Thread-72] <br>----------- xxl-job job callback fail, callbackResult:ReturnT [code=500, msg=xxl-rpc remoting fail, StatusCode(404) invalid. for url : http://localhost:8080/xxl-job-admin/api/callback, content=null]
2026-07-13 22:21:26 [com.xxl.job.core.thread.TriggerCallbackThread#callbackLog]-[197]-[Thread-72] <br>----------- xxl-job job callback fail, callbackResult:ReturnT [code=500, msg=xxl-rpc remoting fail, StatusCode(404) invalid. for url : http://localhost:8080/xxl-job-admin/api/callback, content=null]
2026-07-13 22:21:56 [com.xxl.job.core.thread.TriggerCallbackThread#callbackLog]-[197]-[Thread-72] <br>----------- xxl-job job callback fail, callbackResult:ReturnT [code=500, msg=xxl-rpc remoting fail, StatusCode(404) invalid. for url : http://localhost:8080/xxl-job-admin/api/callback, content=null]
2026-07-13 22:22:27 [com.xxl.job.core.thread.TriggerCallbackThread#callbackLog]-[197]-[Thread-72] <br>----------- xxl-job job callback fail, callbackResult:ReturnT [code=500, msg=xxl-rpc remoting fail, StatusCode(404) invalid. for url : http://localhost:8080/xxl-job-admin/api/callback, content=null]
2026-07-13 22:22:57 [com.xxl.job.core.thread.TriggerCallbackThread#callbackLog]-[197]-[Thread-72] <br>----------- xxl-job job callback fail, callbackResult:ReturnT [code=500, msg=xxl-rpc remoting fail, StatusCode(404) invalid. for url : http://localhost:8080/xxl-job-admin/api/callback, content=null]
2026-07-13 22:23:27 [com.xxl.job.core.thread.TriggerCallbackThread#callbackLog]-[197]-[Thread-72] <br>----------- xxl-job job callback fail, callbackResult:ReturnT [code=500, msg=xxl-rpc remoting fail, StatusCode(404) invalid. for url : http://localhost:8080/xxl-job-admin/api/callback, content=null]
2026-07-13 22:23:57 [com.xxl.job.core.thread.TriggerCallbackThread#callbackLog]-[197]-[Thread-72] <br>----------- xxl-job job callback fail, callbackResult:ReturnT [code=500, msg=xxl-rpc remoting fail, StatusCode(404) invalid. for url : http://localhost:8080/xxl-job-admin/api/callback, content=null]
2026-07-13 22:24:27 [com.xxl.job.core.thread.TriggerCallbackThread#callbackLog]-[197]-[Thread-72] <br>----------- xxl-job job callback fail, callbackResult:ReturnT [code=500, msg=xxl-rpc remoting fail, StatusCode(404) invalid. for url : http://localhost:8080/xxl-job-admin/api/callback, content=null]
2026-07-13 22:24:57 [com.xxl.job.core.thread.TriggerCallbackThread#callbackLog]-[197]-[Thread-72] <br>----------- xxl-job job callback fail, callbackResult:ReturnT [code=500, msg=xxl-rpc remoting fail, StatusCode(404) invalid. for url : http://localhost:8080/xxl-job-admin/api/callback, content=null]
2026-07-13 22:25:27 [com.xxl.job.core.thread.TriggerCallbackThread#callbackLog]-[197]-[Thread-72] <br>----------- xxl-job job callback fail, callbackResult:ReturnT [code=500, msg=xxl-rpc remoting fail, StatusCode(404) invalid. for url : http://localhost:8080/xxl-job-admin/api/callback, content=null]
2026-07-13 22:25:57 [com.xxl.job.core.thread.TriggerCallbackThread#callbackLog]-[197]-[Thread-72] <br>----------- xxl-job job callback fail, callbackResult:ReturnT [code=500, msg=xxl-rpc remoting fail, StatusCode(404) invalid. for url : http://localhost:8080/xxl-job-admin/api/callback, content=null]
2026-07-13 22:26:27 [com.xxl.job.core.thread.TriggerCallbackThread#callbackLog]-[197]-[Thread-72] <br>----------- xxl-job job callback fail, callbackResult:ReturnT [code=500, msg=xxl-rpc remoting fail, StatusCode(404) invalid. for url : http://localhost:8080/xxl-job-admin/api/callback, content=null]
2026-07-13 22:26:57 [com.xxl.job.core.thread.TriggerCallbackThread#callbackLog]-[197]-[Thread-72] <br>----------- xxl-job job callback fail, callbackResult:ReturnT [code=500, msg=xxl-rpc remoting fail, StatusCode(404) invalid. for url : http://localhost:8080/xxl-job-admin/api/callback, content=null]
2026-07-13 22:27:27 [com.xxl.job.core.thread.TriggerCallbackThread#callbackLog]-[197]-[Thread-72] <br>----------- xxl-job job callback fail, callbackResult:ReturnT [code=500, msg=xxl-rpc remoting fail, StatusCode(404) invalid. for url : http://localhost:8080/xxl-job-admin/api/callback, content=null]
2026-07-13 22:27:57 [com.xxl.job.core.thread.TriggerCallbackThread#callbackLog]-[197]-[Thread-72] <br>----------- xxl-job job callback fail, callbackResult:ReturnT [code=500, msg=xxl-rpc remoting fail, StatusCode(404) invalid. for url : http://localhost:8080/xxl-job-admin/api/callback, content=null]
2026-07-13 22:28:27 [com.xxl.job.core.thread.TriggerCallbackThread#callbackLog]-[197]-[Thread-72] <br>----------- xxl-job job callback fail, callbackResult:ReturnT [code=500, msg=xxl-rpc remoting fail, StatusCode(404) invalid. for url : http://localhost:8080/xxl-job-admin/api/callback, content=null]
2026-07-13 22:28:57 [com.xxl.job.core.thread.TriggerCallbackThread#callbackLog]-[197]-[Thread-72] <br>----------- xxl-job job callback fail, callbackResult:ReturnT [code=500, msg=xxl-rpc remoting fail, StatusCode(404) invalid. for url : http://localhost:8080/xxl-job-admin/api/callback, content=null]
2026-07-13 22:29:27 [com.xxl.job.core.thread.TriggerCallbackThread#callbackLog]-[197]-[Thread-72] <br>----------- xxl-job job callback fail, callbackResult:ReturnT [code=500, msg=xxl-rpc remoting fail, StatusCode(404) invalid. for url : http://localhost:8080/xxl-job-admin/api/callback, content=null]
2026-07-13 22:29:57 [com.xxl.job.core.thread.TriggerCallbackThread#callbackLog]-[197]-[Thread-72] <br>----------- xxl-job job callback fail, callbackResult:ReturnT [code=500, msg=xxl-rpc remoting fail, StatusCode(404) invalid. for url : http://localhost:8080/xxl-job-admin/api/callback, content=null]
2026-07-13 22:30:27 [com.xxl.job.core.thread.TriggerCallbackThread#callbackLog]-[197]-[Thread-72] <br>----------- xxl-job job callback fail, callbackResult:ReturnT [code=500, msg=xxl-rpc remoting fail, StatusCode(404) invalid. for url : http://localhost:8080/xxl-job-admin/api/callback, content=null]
2026-07-13 22:30:57 [com.xxl.job.core.thread.TriggerCallbackThread#callbackLog]-[197]-[Thread-72] <br>----------- xxl-job job callback fail, callbackResult:ReturnT [code=500, msg=xxl-rpc remoting fail, StatusCode(404) invalid. for url : http://localhost:8080/xxl-job-admin/api/callback, content=null]
2026-07-13 22:31:27 [com.xxl.job.core.thread.TriggerCallbackThread#callbackLog]-[197]-[Thread-72] <br>----------- xxl-job job callback fail, callbackResult:ReturnT [code=500, msg=xxl-rpc remoting fail, StatusCode(404) invalid. for url : http://localhost:8080/xxl-job-admin/api/callback, content=null]
2026-07-13 22:31:57 [com.xxl.job.core.thread.TriggerCallbackThread#callbackLog]-[197]-[Thread-72] <br>----------- xxl-job job callback fail, callbackResult:ReturnT [code=500, msg=xxl-rpc remoting fail, StatusCode(404) invalid. for url : http://localhost:8080/xxl-job-admin/api/callback, content=null]
2026-07-13 22:32:27 [com.xxl.job.core.thread.TriggerCallbackThread#callbackLog]-[197]-[Thread-72] <br>----------- xxl-job job callback fail, callbackResult:ReturnT [code=500, msg=xxl-rpc remoting fail, StatusCode(404) invalid. for url : http://localhost:8080/xxl-job-admin/api/callback, content=null]
2026-07-13 22:32:57 [com.xxl.job.core.thread.TriggerCallbackThread#callbackLog]-[197]-[Thread-72] <br>----------- xxl-job job callback fail, callbackResult:ReturnT [code=500, msg=xxl-rpc remoting fail, StatusCode(404) invalid. for url : http://localhost:8080/xxl-job-admin/api/callback, content=null]
2026-07-13 22:33:27 [com.xxl.job.core.thread.TriggerCallbackThread#callbackLog]-[197]-[Thread-72] <br>----------- xxl-job job callback fail, callbackResult:ReturnT [code=500, msg=xxl-rpc remoting fail, StatusCode(404) invalid. for url : http://localhost:8080/xxl-job-admin/api/callback, content=null]
2026-07-13 22:33:57 [com.xxl.job.core.thread.TriggerCallbackThread#callbackLog]-[197]-[Thread-72] <br>----------- xxl-job job callback fail, callbackResult:ReturnT [code=500, msg=xxl-rpc remoting fail, StatusCode(404) invalid. for url : http://localhost:8080/xxl-job-admin/api/callback, content=null]
2026-07-13 22:34:28 [com.xxl.job.core.thread.TriggerCallbackThread#callbackLog]-[197]-[Thread-72] <br>----------- xxl-job job callback fail, callbackResult:ReturnT [code=500, msg=xxl-rpc remoting fail, StatusCode(404) invalid. for url : http://localhost:8080/xxl-job-admin/api/callback, content=null]
2026-07-13 22:34:58 [com.xxl.job.core.thread.TriggerCallbackThread#callbackLog]-[197]-[Thread-72] <br>----------- xxl-job job callback fail, callbackResult:ReturnT [code=500, msg=xxl-rpc remoting fail, StatusCode(404) invalid. for url : http://localhost:8080/xxl-job-admin/api/callback, content=null]
2026-07-13 22:35:28 [com.xxl.job.core.thread.TriggerCallbackThread#callbackLog]-[197]-[Thread-72] <br>----------- xxl-job job callback fail, callbackResult:ReturnT [code=500, msg=xxl-rpc remoting fail, StatusCode(404) invalid. for url : http://localhost:8080/xxl-job-admin/api/callback, content=null]
2026-07-13 22:35:58 [com.xxl.job.core.thread.TriggerCallbackThread#callbackLog]-[197]-[Thread-72] <br>----------- xxl-job job callback fail, callbackResult:ReturnT [code=500, msg=xxl-rpc remoting fail, StatusCode(404) invalid. for url : http://localhost:8080/xxl-job-admin/api/callback, content=null]
2026-07-13 22:36:28 [com.xxl.job.core.thread.TriggerCallbackThread#callbackLog]-[197]-[Thread-72] <br>----------- xxl-job job callback fail, callbackResult:ReturnT [code=500, msg=xxl-rpc remoting fail, StatusCode(404) invalid. for url : http://localhost:8080/xxl-job-admin/api/callback, content=null]
2026-07-13 22:36:58 [com.xxl.job.core.thread.TriggerCallbackThread#callbackLog]-[197]-[Thread-72] <br>----------- xxl-job job callback fail, callbackResult:ReturnT [code=500, msg=xxl-rpc remoting fail, StatusCode(404) invalid. for url : http://localhost:8080/xxl-job-admin/api/callback, content=null]
2026-07-13 22:37:28 [com.xxl.job.core.thread.TriggerCallbackThread#callbackLog]-[197]-[Thread-72] <br>----------- xxl-job job callback fail, callbackResult:ReturnT [code=500, msg=xxl-rpc remoting fail, StatusCode(404) invalid. for url : http://localhost:8080/xxl-job-admin/api/callback, content=null]
2026-07-13 22:37:58 [com.xxl.job.core.thread.TriggerCallbackThread#callbackLog]-[197]-[Thread-72] <br>----------- xxl-job job callback fail, callbackResult:ReturnT [code=500, msg=xxl-rpc remoting fail, StatusCode(404) invalid. for url : http://localhost:8080/xxl-job-admin/api/callback, content=null]
2026-07-13 22:38:28 [com.xxl.job.core.thread.TriggerCallbackThread#callbackLog]-[197]-[Thread-72] <br>----------- xxl-job job callback fail, callbackResult:ReturnT [code=500, msg=xxl-rpc remoting fail, StatusCode(404) invalid. for url : http://localhost:8080/xxl-job-admin/api/callback, content=null]
2026-07-13 22:38:58 [com.xxl.job.core.thread.TriggerCallbackThread#callbackLog]-[197]-[Thread-72] <br>----------- xxl-job job callback fail, callbackResult:ReturnT [code=500, msg=xxl-rpc remoting fail, StatusCode(404) invalid. for url : http://localhost:8080/xxl-job-admin/api/callback, content=null]
2026-07-13 22:39:28 [com.xxl.job.core.thread.TriggerCallbackThread#callbackLog]-[197]-[Thread-72] <br>----------- xxl-job job callback fail, callbackResult:ReturnT [code=500, msg=xxl-rpc remoting fail, StatusCode(404) invalid. for url : http://localhost:8080/xxl-job-admin/api/callback, content=null]
2026-07-13 22:39:58 [com.xxl.job.core.thread.TriggerCallbackThread#callbackLog]-[197]-[Thread-72] <br>----------- xxl-job job callback fail, callbackResult:ReturnT [code=500, msg=xxl-rpc remoting fail, StatusCode(404) invalid. for url : http://localhost:8080/xxl-job-admin/api/callback, content=null]
2026-07-13 22:40:28 [com.xxl.job.core.thread.TriggerCallbackThread#callbackLog]-[197]-[Thread-72] <br>----------- xxl-job job callback fail, callbackResult:ReturnT [code=500, msg=xxl-rpc remoting fail, StatusCode(404) invalid. for url : http://localhost:8080/xxl-job-admin/api/callback, content=null]
2026-07-13 22:40:58 [com.xxl.job.core.thread.TriggerCallbackThread#callbackLog]-[197]-[Thread-72] <br>----------- xxl-job job callback fail, callbackResult:ReturnT [code=500, msg=xxl-rpc remoting fail, StatusCode(404) invalid. for url : http://localhost:8080/xxl-job-admin/api/callback, content=null]
2026-07-13 22:41:28 [com.xxl.job.core.thread.TriggerCallbackThread#callbackLog]-[197]-[Thread-72] <br>----------- xxl-job job callback fail, callbackResult:ReturnT [code=500, msg=xxl-rpc remoting fail, StatusCode(404) invalid. for url : http://localhost:8080/xxl-job-admin/api/callback, content=null]
2026-07-13 22:41:58 [com.xxl.job.core.thread.TriggerCallbackThread#callbackLog]-[197]-[Thread-72] <br>----------- xxl-job job callback fail, callbackResult:ReturnT [code=500, msg=xxl-rpc remoting fail, StatusCode(404) invalid. for url : http://localhost:8080/xxl-job-admin/api/callback, content=null]
2026-07-13 22:42:28 [com.xxl.job.core.thread.TriggerCallbackThread#callbackLog]-[197]-[Thread-72] <br>----------- xxl-job job callback fail, callbackResult:ReturnT [code=500, msg=xxl-rpc remoting fail, StatusCode(404) invalid. for url : http://localhost:8080/xxl-job-admin/api/callback, content=null]
2026-07-13 22:42:58 [com.xxl.job.core.thread.TriggerCallbackThread#callbackLog]-[197]-[Thread-72] <br>----------- xxl-job job callback fail, callbackResult:ReturnT [code=500, msg=xxl-rpc remoting fail, StatusCode(404) invalid. for url : http://localhost:8080/xxl-job-admin/api/callback, content=null]
2026-07-13 22:43:28 [com.xxl.job.core.thread.TriggerCallbackThread#callbackLog]-[197]-[Thread-72] <br>----------- xxl-job job callback fail, callbackResult:ReturnT [code=500, msg=xxl-rpc remoting fail, StatusCode(404) invalid. for url : http://localhost:8080/xxl-job-admin/api/callback, content=null]
2026-07-13 22:43:58 [com.xxl.job.core.thread.TriggerCallbackThread#callbackLog]-[197]-[Thread-72] <br>----------- xxl-job job callback fail, callbackResult:ReturnT [code=500, msg=xxl-rpc remoting fail, StatusCode(404) invalid. for url : http://localhost:8080/xxl-job-admin/api/callback, content=null]
2026-07-13 22:44:29 [com.xxl.job.core.thread.TriggerCallbackThread#callbackLog]-[197]-[Thread-72] <br>----------- xxl-job job callback fail, callbackResult:ReturnT [code=500, msg=xxl-rpc remoting fail, StatusCode(404) invalid. for url : http://localhost:8080/xxl-job-admin/api/callback, content=null]
2026-07-13 22:44:59 [com.xxl.job.core.thread.TriggerCallbackThread#callbackLog]-[197]-[Thread-72] <br>----------- xxl-job job callback fail, callbackResult:ReturnT [code=500, msg=xxl-rpc remoting fail, StatusCode(404) invalid. for url : http://localhost:8080/xxl-job-admin/api/callback, content=null]
2026-07-13 22:45:29 [com.xxl.job.core.thread.TriggerCallbackThread#callbackLog]-[197]-[Thread-72] <br>----------- xxl-job job callback fail, callbackResult:ReturnT [code=500, msg=xxl-rpc remoting fail, StatusCode(404) invalid. for url : http://localhost:8080/xxl-job-admin/api/callback, content=null]
2026-07-13 22:45:59 [com.xxl.job.core.thread.TriggerCallbackThread#callbackLog]-[197]-[Thread-72] <br>----------- xxl-job job callback fail, callbackResult:ReturnT [code=500, msg=xxl-rpc remoting fail, StatusCode(404) invalid. for url : http://localhost:8080/xxl-job-admin/api/callback, content=null]
2026-07-13 22:46:29 [com.xxl.job.core.thread.TriggerCallbackThread#callbackLog]-[197]-[Thread-72] <br>----------- xxl-job job callback fail, callbackResult:ReturnT [code=500, msg=xxl-rpc remoting fail, StatusCode(404) invalid. for url : http://localhost:8080/xxl-job-admin/api/callback, content=null]
2026-07-13 22:46:59 [com.xxl.job.core.thread.TriggerCallbackThread#callbackLog]-[197]-[Thread-72] <br>----------- xxl-job job callback fail, callbackResult:ReturnT [code=500, msg=xxl-rpc remoting fail, StatusCode(404) invalid. for url : http://localhost:8080/xxl-job-admin/api/callback, content=null]
2026-07-13 22:47:29 [com.xxl.job.core.thread.TriggerCallbackThread#callbackLog]-[197]-[Thread-72] <br>----------- xxl-job job callback fail, callbackResult:ReturnT [code=500, msg=xxl-rpc remoting fail, StatusCode(404) invalid. for url : http://localhost:8080/xxl-job-admin/api/callback, content=null]
2026-07-13 22:47:59 [com.xxl.job.core.thread.TriggerCallbackThread#callbackLog]-[197]-[Thread-72] <br>----------- xxl-job job callback fail, callbackResult:ReturnT [code=500, msg=xxl-rpc remoting fail, StatusCode(404) invalid. for url : http://localhost:8080/xxl-job-admin/api/callback, content=null]
2026-07-13 22:48:29 [com.xxl.job.core.thread.TriggerCallbackThread#callbackLog]-[197]-[Thread-72] <br>----------- xxl-job job callback fail, callbackResult:ReturnT [code=500, msg=xxl-rpc remoting fail, StatusCode(404) invalid. for url : http://localhost:8080/xxl-job-admin/api/callback, content=null]
2026-07-13 22:48:59 [com.xxl.job.core.thread.TriggerCallbackThread#callbackLog]-[197]-[Thread-72] <br>----------- xxl-job job callback fail, callbackResult:ReturnT [code=500, msg=xxl-rpc remoting fail, StatusCode(404) invalid. for url : http://localhost:8080/xxl-job-admin/api/callback, content=null]
2026-07-13 22:49:29 [com.xxl.job.core.thread.TriggerCallbackThread#callbackLog]-[197]-[Thread-72] <br>----------- xxl-job job callback fail, callbackResult:ReturnT [code=500, msg=xxl-rpc remoting fail, StatusCode(404) invalid. for url : http://localhost:8080/xxl-job-admin/api/callback, content=null]
2026-07-13 22:49:59 [com.xxl.job.core.thread.TriggerCallbackThread#callbackLog]-[197]-[Thread-72] <br>----------- xxl-job job callback fail, callbackResult:ReturnT [code=500, msg=xxl-rpc remoting fail, StatusCode(404) invalid. for url : http://localhost:8080/xxl-job-admin/api/callback, content=null]
2026-07-13 22:50:29 [com.xxl.job.core.thread.TriggerCallbackThread#callbackLog]-[197]-[Thread-72] <br>----------- xxl-job job callback fail, callbackResult:ReturnT [code=500, msg=xxl-rpc remoting fail, StatusCode(404) invalid. for url : http://localhost:8080/xxl-job-admin/api/callback, content=null]
2026-07-13 22:50:59 [com.xxl.job.core.thread.TriggerCallbackThread#callbackLog]-[197]-[Thread-72] <br>----------- xxl-job job callback fail, callbackResult:ReturnT [code=500, msg=xxl-rpc remoting fail, StatusCode(404) invalid. for url : http://localhost:8080/xxl-job-admin/api/callback, content=null]
2026-07-13 22:51:29 [com.xxl.job.core.thread.TriggerCallbackThread#callbackLog]-[197]-[Thread-72] <br>----------- xxl-job job callback fail, callbackResult:ReturnT [code=500, msg=xxl-rpc remoting fail, StatusCode(404) invalid. for url : http://localhost:8080/xxl-job-admin/api/callback, content=null]
2026-07-13 22:51:59 [com.xxl.job.core.thread.TriggerCallbackThread#callbackLog]-[197]-[Thread-72] <br>----------- xxl-job job callback fail, callbackResult:ReturnT [code=500, msg=xxl-rpc remoting fail, StatusCode(404) invalid. for url : http://localhost:8080/xxl-job-admin/api/callback, content=null]
2026-07-13 22:53:03 [com.xxl.job.core.thread.TriggerCallbackThread#callbackLog]-[197]-[Thread-72] <br>----------- xxl-job job callback fail, callbackResult:ReturnT [code=500, msg=xxl-rpc remoting error(Connection refused: connect), for url : http://localhost:8080/xxl-job-admin/api/callback, content=null]
2026-07-13 22:53:37 [com.xxl.job.core.thread.TriggerCallbackThread#callbackLog]-[197]-[Thread-72] <br>----------- xxl-job job callback fail, callbackResult:ReturnT [code=500, msg=xxl-rpc remoting error(Connection refused: connect), for url : http://localhost:8080/xxl-job-admin/api/callback, content=null]
2026-07-13 22:54:11 [com.xxl.job.core.thread.TriggerCallbackThread#callbackLog]-[197]-[Thread-72] <br>----------- xxl-job job callback fail, callbackResult:ReturnT [code=500, msg=xxl-rpc remoting error(Connection refused: connect), for url : http://localhost:8080/xxl-job-admin/api/callback, content=null]
2026-07-13 22:54:46 [com.xxl.job.core.thread.TriggerCallbackThread#callbackLog]-[197]-[Thread-72] <br>----------- xxl-job job callback fail, callbackResult:ReturnT [code=500, msg=xxl-rpc remoting error(Connection refused: connect), for url : http://localhost:8080/xxl-job-admin/api/callback, content=null]
2026-07-13 22:55:20 [com.xxl.job.core.thread.TriggerCallbackThread#callbackLog]-[197]-[Thread-72] <br>----------- xxl-job job callback fail, callbackResult:ReturnT [code=500, msg=xxl-rpc remoting error(Connection refused: connect), for url : http://localhost:8080/xxl-job-admin/api/callback, content=null]
2026-07-13 22:55:54 [com.xxl.job.core.thread.TriggerCallbackThread#callbackLog]-[197]-[Thread-72] <br>----------- xxl-job job callback fail, callbackResult:ReturnT [code=500, msg=xxl-rpc remoting error(Connection refused: connect), for url : http://localhost:8080/xxl-job-admin/api/callback, content=null]
2026-07-13 22:56:28 [com.xxl.job.core.thread.TriggerCallbackThread#callbackLog]-[197]-[Thread-72] <br>----------- xxl-job job callback fail, callbackResult:ReturnT [code=500, msg=xxl-rpc remoting error(Connection refused: connect), for url : http://localhost:8080/xxl-job-admin/api/callback, content=null]
2026-07-13 22:57:02 [com.xxl.job.core.thread.TriggerCallbackThread#callbackLog]-[197]-[Thread-72] <br>----------- xxl-job job callback fail, callbackResult:ReturnT [code=500, msg=xxl-rpc remoting error(Connection refused: connect), for url : http://localhost:8080/xxl-job-admin/api/callback, content=null]
2026-07-13 22:57:36 [com.xxl.job.core.thread.TriggerCallbackThread#callbackLog]-[197]-[Thread-72] <br>----------- xxl-job job callback fail, callbackResult:ReturnT [code=500, msg=xxl-rpc remoting error(Connection refused: connect), for url : http://localhost:8080/xxl-job-admin/api/callback, content=null]
2026-07-13 22:58:10 [com.xxl.job.core.thread.TriggerCallbackThread#callbackLog]-[197]-[Thread-72] <br>----------- xxl-job job callback fail, callbackResult:ReturnT [code=500, msg=xxl-rpc remoting error(Connection refused: connect), for url : http://localhost:8080/xxl-job-admin/api/callback, content=null]
2026-07-13 22:58:44 [com.xxl.job.core.thread.TriggerCallbackThread#callbackLog]-[197]-[Thread-72] <br>----------- xxl-job job callback fail, callbackResult:ReturnT [code=500, msg=xxl-rpc remoting error(Connection refused: connect), for url : http://localhost:8080/xxl-job-admin/api/callback, content=null]
2026-07-13 22:59:18 [com.xxl.job.core.thread.TriggerCallbackThread#callbackLog]-[197]-[Thread-72] <br>----------- xxl-job job callback fail, callbackResult:ReturnT [code=500, msg=xxl-rpc remoting error(Connection refused: connect), for url : http://localhost:8080/xxl-job-admin/api/callback, content=null]
2026-07-13 22:59:53 [com.xxl.job.core.thread.TriggerCallbackThread#callbackLog]-[197]-[Thread-72] <br>----------- xxl-job job callback fail, callbackResult:ReturnT [code=500, msg=xxl-rpc remoting error(Connection refused: connect), for url : http://localhost:8080/xxl-job-admin/api/callback, content=null]
2026-07-13 23:00:27 [com.xxl.job.core.thread.TriggerCallbackThread#callbackLog]-[197]-[Thread-72] <br>----------- xxl-job job callback fail, callbackResult:ReturnT [code=500, msg=xxl-rpc remoting error(Connection refused: connect), for url : http://localhost:8080/xxl-job-admin/api/callback, content=null]
2026-07-13 23:01:01 [com.xxl.job.core.thread.TriggerCallbackThread#callbackLog]-[197]-[Thread-72] <br>----------- xxl-job job callback fail, callbackResult:ReturnT [code=500, msg=xxl-rpc remoting error(Connection refused: connect), for url : http://localhost:8080/xxl-job-admin/api/callback, content=null]
2026-07-13 23:01:35 [com.xxl.job.core.thread.TriggerCallbackThread#callbackLog]-[197]-[Thread-72] <br>----------- xxl-job job callback fail, callbackResult:ReturnT [code=500, msg=xxl-rpc remoting error(Connection refused: connect), for url : http://localhost:8080/xxl-job-admin/api/callback, content=null]
2026-07-13 23:02:09 [com.xxl.job.core.thread.TriggerCallbackThread#callbackLog]-[197]-[Thread-72] <br>----------- xxl-job job callback fail, callbackResult:ReturnT [code=500, msg=xxl-rpc remoting error(Connection refused: connect), for url : http://localhost:8080/xxl-job-admin/api/callback, content=null]
2026-07-13 23:02:43 [com.xxl.job.core.thread.TriggerCallbackThread#callbackLog]-[197]-[Thread-72] <br>----------- xxl-job job callback fail, callbackResult:ReturnT [code=500, msg=xxl-rpc remoting error(Connection refused: connect), for url : http://localhost:8080/xxl-job-admin/api/callback, content=null]
2026-07-13 23:03:17 [com.xxl.job.core.thread.TriggerCallbackThread#callbackLog]-[197]-[Thread-72] <br>----------- xxl-job job callback fail, callbackResult:ReturnT [code=500, msg=xxl-rpc remoting error(Connection refused: connect), for url : http://localhost:8080/xxl-job-admin/api/callback, content=null]
2026-07-13 23:03:51 [com.xxl.job.core.thread.TriggerCallbackThread#callbackLog]-[197]-[Thread-72] <br>----------- xxl-job job callback fail, callbackResult:ReturnT [code=500, msg=xxl-rpc remoting error(Connection refused: connect), for url : http://localhost:8080/xxl-job-admin/api/callback, content=null]
2026-07-13 23:04:25 [com.xxl.job.core.thread.TriggerCallbackThread#callbackLog]-[197]-[Thread-72] <br>----------- xxl-job job callback fail, callbackResult:ReturnT [code=500, msg=xxl-rpc remoting error(Connection refused: connect), for url : http://localhost:8080/xxl-job-admin/api/callback, content=null]
2026-07-13 23:04:59 [com.xxl.job.core.thread.TriggerCallbackThread#callbackLog]-[197]-[Thread-72] <br>----------- xxl-job job callback fail, callbackResult:ReturnT [code=500, msg=xxl-rpc remoting error(Connection refused: connect), for url : http://localhost:8080/xxl-job-admin/api/callback, content=null]
2026-07-13 23:05:34 [com.xxl.job.core.thread.TriggerCallbackThread#callbackLog]-[197]-[Thread-72] <br>----------- xxl-job job callback fail, callbackResult:ReturnT [code=500, msg=xxl-rpc remoting error(Connection refused: connect), for url : http://localhost:8080/xxl-job-admin/api/callback, content=null]
2026-07-13 23:06:08 [com.xxl.job.core.thread.TriggerCallbackThread#callbackLog]-[197]-[Thread-72] <br>----------- xxl-job job callback fail, callbackResult:ReturnT [code=500, msg=xxl-rpc remoting error(Connection refused: connect), for url : http://localhost:8080/xxl-job-admin/api/callback, content=null]
2026-07-13 23:06:42 [com.xxl.job.core.thread.TriggerCallbackThread#callbackLog]-[197]-[Thread-72] <br>----------- xxl-job job callback fail, callbackResult:ReturnT [code=500, msg=xxl-rpc remoting error(Connection refused: connect), for url : http://localhost:8080/xxl-job-admin/api/callback, content=null]
2026-07-13 23:07:16 [com.xxl.job.core.thread.TriggerCallbackThread#callbackLog]-[197]-[Thread-72] <br>----------- xxl-job job callback fail, callbackResult:ReturnT [code=500, msg=xxl-rpc remoting error(Connection refused: connect), for url : http://localhost:8080/xxl-job-admin/api/callback, content=null]
2026-07-13 23:07:50 [com.xxl.job.core.thread.TriggerCallbackThread#callbackLog]-[197]-[Thread-72] <br>----------- xxl-job job callback fail, callbackResult:ReturnT [code=500, msg=xxl-rpc remoting error(Connection refused: connect), for url : http://localhost:8080/xxl-job-admin/api/callback, content=null]
2026-07-13 23:08:24 [com.xxl.job.core.thread.TriggerCallbackThread#callbackLog]-[197]-[Thread-72] <br>----------- xxl-job job callback fail, callbackResult:ReturnT [code=500, msg=xxl-rpc remoting error(Connection refused: connect), for url : http://localhost:8080/xxl-job-admin/api/callback, content=null]
2026-07-13 23:08:58 [com.xxl.job.core.thread.TriggerCallbackThread#callbackLog]-[197]-[Thread-72] <br>----------- xxl-job job callback fail, callbackResult:ReturnT [code=500, msg=xxl-rpc remoting error(Connection refused: connect), for url : http://localhost:8080/xxl-job-admin/api/callback, content=null]
2026-07-13 23:09:32 [com.xxl.job.core.thread.TriggerCallbackThread#callbackLog]-[197]-[Thread-72] <br>----------- xxl-job job callback fail, callbackResult:ReturnT [code=500, msg=xxl-rpc remoting error(Connection refused: connect), for url : http://localhost:8080/xxl-job-admin/api/callback, content=null]
2026-07-13 23:10:06 [com.xxl.job.core.thread.TriggerCallbackThread#callbackLog]-[197]-[Thread-72] <br>----------- xxl-job job callback fail, callbackResult:ReturnT [code=500, msg=xxl-rpc remoting error(Connection refused: connect), for url : http://localhost:8080/xxl-job-admin/api/callback, content=null]
2026-07-13 23:10:41 [com.xxl.job.core.thread.TriggerCallbackThread#callbackLog]-[197]-[Thread-72] <br>----------- xxl-job job callback fail, callbackResult:ReturnT [code=500, msg=xxl-rpc remoting error(Connection refused: connect), for url : http://localhost:8080/xxl-job-admin/api/callback, content=null]
2026-07-13 23:11:15 [com.xxl.job.core.thread.TriggerCallbackThread#callbackLog]-[197]-[Thread-72] <br>----------- xxl-job job callback fail, callbackResult:ReturnT [code=500, msg=xxl-rpc remoting error(Connection refused: connect), for url : http://localhost:8080/xxl-job-admin/api/callback, content=null]
2026-07-13 23:11:49 [com.xxl.job.core.thread.TriggerCallbackThread#callbackLog]-[197]-[Thread-72] <br>----------- xxl-job job callback fail, callbackResult:ReturnT [code=500, msg=xxl-rpc remoting error(Connection refused: connect), for url : http://localhost:8080/xxl-job-admin/api/callback, content=null]
2026-07-13 23:12:23 [com.xxl.job.core.thread.TriggerCallbackThread#callbackLog]-[197]-[Thread-72] <br>----------- xxl-job job callback fail, callbackResult:ReturnT [code=500, msg=xxl-rpc remoting error(Connection refused: connect), for url : http://localhost:8080/xxl-job-admin/api/callback, content=null]
2026-07-13 23:12:57 [com.xxl.job.core.thread.TriggerCallbackThread#callbackLog]-[197]-[Thread-72] <br>----------- xxl-job job callback fail, callbackResult:ReturnT [code=500, msg=xxl-rpc remoting error(Connection refused: connect), for url : http://localhost:8080/xxl-job-admin/api/callback, content=null]
2026-07-13 23:13:31 [com.xxl.job.core.thread.TriggerCallbackThread#callbackLog]-[197]-[Thread-72] <br>----------- xxl-job job callback fail, callbackResult:ReturnT [code=500, msg=xxl-rpc remoting error(Connection refused: connect), for url : http://localhost:8080/xxl-job-admin/api/callback, content=null]
2026-07-13 23:14:05 [com.xxl.job.core.thread.TriggerCallbackThread#callbackLog]-[197]-[Thread-72] <br>----------- xxl-job job callback fail, callbackResult:ReturnT [code=500, msg=xxl-rpc remoting error(Connection refused: connect), for url : http://localhost:8080/xxl-job-admin/api/callback, content=null]
2026-07-13 23:14:39 [com.xxl.job.core.thread.TriggerCallbackThread#callbackLog]-[197]-[Thread-72] <br>----------- xxl-job job callback fail, callbackResult:ReturnT [code=500, msg=xxl-rpc remoting error(Connection refused: connect), for url : http://localhost:8080/xxl-job-admin/api/callback, content=null]
2026-07-13 23:15:13 [com.xxl.job.core.thread.TriggerCallbackThread#callbackLog]-[197]-[Thread-72] <br>----------- xxl-job job callback fail, callbackResult:ReturnT [code=500, msg=xxl-rpc remoting error(Connection refused: connect), for url : http://localhost:8080/xxl-job-admin/api/callback, content=null]
2026-07-13 23:15:47 [com.xxl.job.core.thread.TriggerCallbackThread#callbackLog]-[197]-[Thread-72] <br>----------- xxl-job job callback fail, callbackResult:ReturnT [code=500, msg=xxl-rpc remoting error(Connection refused: connect), for url : http://localhost:8080/xxl-job-admin/api/callback, content=null]
2026-07-13 23:16:22 [com.xxl.job.core.thread.TriggerCallbackThread#callbackLog]-[197]-[Thread-72] <br>----------- xxl-job job callback fail, callbackResult:ReturnT [code=500, msg=xxl-rpc remoting error(Connection refused: connect), for url : http://localhost:8080/xxl-job-admin/api/callback, content=null]
2026-07-13 23:16:56 [com.xxl.job.core.thread.TriggerCallbackThread#callbackLog]-[197]-[Thread-72] <br>----------- xxl-job job callback fail, callbackResult:ReturnT [code=500, msg=xxl-rpc remoting error(Connection refused: connect), for url : http://localhost:8080/xxl-job-admin/api/callback, content=null]
2026-07-13 23:17:30 [com.xxl.job.core.thread.TriggerCallbackThread#callbackLog]-[197]-[Thread-72] <br>----------- xxl-job job callback fail, callbackResult:ReturnT [code=500, msg=xxl-rpc remoting error(Connection refused: connect), for url : http://localhost:8080/xxl-job-admin/api/callback, content=null]
2026-07-13 23:18:04 [com.xxl.job.core.thread.TriggerCallbackThread#callbackLog]-[197]-[Thread-72] <br>----------- xxl-job job callback fail, callbackResult:ReturnT [code=500, msg=xxl-rpc remoting error(Connection refused: connect), for url : http://localhost:8080/xxl-job-admin/api/callback, content=null]
2026-07-13 23:18:38 [com.xxl.job.core.thread.TriggerCallbackThread#callbackLog]-[197]-[Thread-72] <br>----------- xxl-job job callback fail, callbackResult:ReturnT [code=500, msg=xxl-rpc remoting error(Connection refused: connect), for url : http://localhost:8080/xxl-job-admin/api/callback, content=null]
2026-07-13 23:19:12 [com.xxl.job.core.thread.TriggerCallbackThread#callbackLog]-[197]-[Thread-72] <br>----------- xxl-job job callback fail, callbackResult:ReturnT [code=500, msg=xxl-rpc remoting error(Connection refused: connect), for url : http://localhost:8080/xxl-job-admin/api/callback, content=null]
2026-07-13 23:19:46 [com.xxl.job.core.thread.TriggerCallbackThread#callbackLog]-[197]-[Thread-72] <br>----------- xxl-job job callback fail, callbackResult:ReturnT [code=500, msg=xxl-rpc remoting error(Connection refused: connect), for url : http://localhost:8080/xxl-job-admin/api/callback, content=null]
2026-07-13 23:20:20 [com.xxl.job.core.thread.TriggerCallbackThread#callbackLog]-[197]-[Thread-72] <br>----------- xxl-job job callback fail, callbackResult:ReturnT [code=500, msg=xxl-rpc remoting error(Connection refused: connect), for url : http://localhost:8080/xxl-job-admin/api/callback, content=null]
2026-07-13 23:20:54 [com.xxl.job.core.thread.TriggerCallbackThread#callbackLog]-[197]-[Thread-72] <br>----------- xxl-job job callback fail, callbackResult:ReturnT [code=500, msg=xxl-rpc remoting error(Connection refused: connect), for url : http://localhost:8080/xxl-job-admin/api/callback, content=null]
2026-07-13 23:21:28 [com.xxl.job.core.thread.TriggerCallbackThread#callbackLog]-[197]-[Thread-72] <br>----------- xxl-job job callback fail, callbackResult:ReturnT [code=500, msg=xxl-rpc remoting error(Connection refused: connect), for url : http://localhost:8080/xxl-job-admin/api/callback, content=null]
2026-07-13 23:22:03 [com.xxl.job.core.thread.TriggerCallbackThread#callbackLog]-[197]-[Thread-72] <br>----------- xxl-job job callback fail, callbackResult:ReturnT [code=500, msg=xxl-rpc remoting error(Connection refused: connect), for url : http://localhost:8080/xxl-job-admin/api/callback, content=null]
2026-07-13 23:22:37 [com.xxl.job.core.thread.TriggerCallbackThread#callbackLog]-[197]-[Thread-72] <br>----------- xxl-job job callback fail, callbackResult:ReturnT [code=500, msg=xxl-rpc remoting error(Connection refused: connect), for url : http://localhost:8080/xxl-job-admin/api/callback, content=null]
2026-07-13 23:23:11 [com.xxl.job.core.thread.TriggerCallbackThread#callbackLog]-[197]-[Thread-72] <br>----------- xxl-job job callback fail, callbackResult:ReturnT [code=500, msg=xxl-rpc remoting error(Connection refused: connect), for url : http://localhost:8080/xxl-job-admin/api/callback, content=null]
2026-07-13 23:23:45 [com.xxl.job.core.thread.TriggerCallbackThread#callbackLog]-[197]-[Thread-72] <br>----------- xxl-job job callback fail, callbackResult:ReturnT [code=500, msg=xxl-rpc remoting error(Connection refused: connect), for url : http://localhost:8080/xxl-job-admin/api/callback, content=null]
2026-07-13 23:24:19 [com.xxl.job.core.thread.TriggerCallbackThread#callbackLog]-[197]-[Thread-72] <br>----------- xxl-job job callback fail, callbackResult:ReturnT [code=500, msg=xxl-rpc remoting error(Connection refused: connect), for url : http://localhost:8080/xxl-job-admin/api/callback, content=null]
2026-07-13 23:24:53 [com.xxl.job.core.thread.TriggerCallbackThread#callbackLog]-[197]-[Thread-72] <br>----------- xxl-job job callback fail, callbackResult:ReturnT [code=500, msg=xxl-rpc remoting error(Connection refused: connect), for url : http://localhost:8080/xxl-job-admin/api/callback, content=null]
2026-07-13 23:25:27 [com.xxl.job.core.thread.TriggerCallbackThread#callbackLog]-[197]-[Thread-72] <br>----------- xxl-job job callback fail, callbackResult:ReturnT [code=500, msg=xxl-rpc remoting error(Connection refused: connect), for url : http://localhost:8080/xxl-job-admin/api/callback, content=null]
2026-07-13 23:26:01 [com.xxl.job.core.thread.TriggerCallbackThread#callbackLog]-[197]-[Thread-72] <br>----------- xxl-job job callback fail, callbackResult:ReturnT [code=500, msg=xxl-rpc remoting error(Connection refused: connect), for url : http://localhost:8080/xxl-job-admin/api/callback, content=null]
2026-07-13 23:26:35 [com.xxl.job.core.thread.TriggerCallbackThread#callbackLog]-[197]-[Thread-72] <br>----------- xxl-job job callback fail, callbackResult:ReturnT [code=500, msg=xxl-rpc remoting error(Connection refused: connect), for url : http://localhost:8080/xxl-job-admin/api/callback, content=null]
2026-07-13 23:27:10 [com.xxl.job.core.thread.TriggerCallbackThread#callbackLog]-[197]-[Thread-72] <br>----------- xxl-job job callback fail, callbackResult:ReturnT [code=500, msg=xxl-rpc remoting error(Connection refused: connect), for url : http://localhost:8080/xxl-job-admin/api/callback, content=null]
2026-07-13 23:27:44 [com.xxl.job.core.thread.TriggerCallbackThread#callbackLog]-[197]-[Thread-72] <br>----------- xxl-job job callback fail, callbackResult:ReturnT [code=500, msg=xxl-rpc remoting error(Connection refused: connect), for url : http://localhost:8080/xxl-job-admin/api/callback, content=null]
2026-07-13 23:28:18 [com.xxl.job.core.thread.TriggerCallbackThread#callbackLog]-[197]-[Thread-72] <br>----------- xxl-job job callback fail, callbackResult:ReturnT [code=500, msg=xxl-rpc remoting error(Connection refused: connect), for url : http://localhost:8080/xxl-job-admin/api/callback, content=null]
2026-07-13 23:28:52 [com.xxl.job.core.thread.TriggerCallbackThread#callbackLog]-[197]-[Thread-72] <br>----------- xxl-job job callback fail, callbackResult:ReturnT [code=500, msg=xxl-rpc remoting error(Connection refused: connect), for url : http://localhost:8080/xxl-job-admin/api/callback, content=null]
2026-07-13 23:29:26 [com.xxl.job.core.thread.TriggerCallbackThread#callbackLog]-[197]-[Thread-72] <br>----------- xxl-job job callback fail, callbackResult:ReturnT [code=500, msg=xxl-rpc remoting error(Connection refused: connect), for url : http://localhost:8080/xxl-job-admin/api/callback, content=null]
2026-07-13 23:30:00 [com.xxl.job.core.thread.TriggerCallbackThread#callbackLog]-[197]-[Thread-72] <br>----------- xxl-job job callback fail, callbackResult:ReturnT [code=500, msg=xxl-rpc remoting error(Connection refused: connect), for url : http://localhost:8080/xxl-job-admin/api/callback, content=null]
2026-07-13 23:30:34 [com.xxl.job.core.thread.TriggerCallbackThread#callbackLog]-[197]-[Thread-72] <br>----------- xxl-job job callback fail, callbackResult:ReturnT [code=500, msg=xxl-rpc remoting error(Connection refused: connect), for url : http://localhost:8080/xxl-job-admin/api/callback, content=null]
2026-07-13 23:31:08 [com.xxl.job.core.thread.TriggerCallbackThread#callbackLog]-[197]-[Thread-72] <br>----------- xxl-job job callback fail, callbackResult:ReturnT [code=500, msg=xxl-rpc remoting error(Connection refused: connect), for url : http://localhost:8080/xxl-job-admin/api/callback, content=null]
2026-07-13 23:31:42 [com.xxl.job.core.thread.TriggerCallbackThread#callbackLog]-[197]-[Thread-72] <br>----------- xxl-job job callback fail, callbackResult:ReturnT [code=500, msg=xxl-rpc remoting error(Connection refused: connect), for url : http://localhost:8080/xxl-job-admin/api/callback, content=null]
2026-07-13 23:32:16 [com.xxl.job.core.thread.TriggerCallbackThread#callbackLog]-[197]-[Thread-72] <br>----------- xxl-job job callback fail, callbackResult:ReturnT [code=500, msg=xxl-rpc remoting error(Connection refused: connect), for url : http://localhost:8080/xxl-job-admin/api/callback, content=null]
2026-07-13 23:32:50 [com.xxl.job.core.thread.TriggerCallbackThread#callbackLog]-[197]-[Thread-72] <br>----------- xxl-job job callback fail, callbackResult:ReturnT [code=500, msg=xxl-rpc remoting error(Connection refused: connect), for url : http://localhost:8080/xxl-job-admin/api/callback, content=null]
2026-07-13 23:33:25 [com.xxl.job.core.thread.TriggerCallbackThread#callbackLog]-[197]-[Thread-72] <br>----------- xxl-job job callback fail, callbackResult:ReturnT [code=500, msg=xxl-rpc remoting error(Connection refused: connect), for url : http://localhost:8080/xxl-job-admin/api/callback, content=null]
2026-07-13 23:33:59 [com.xxl.job.core.thread.TriggerCallbackThread#callbackLog]-[197]-[Thread-72] <br>----------- xxl-job job callback fail, callbackResult:ReturnT [code=500, msg=xxl-rpc remoting error(Connection refused: connect), for url : http://localhost:8080/xxl-job-admin/api/callback, content=null]
2026-07-13 23:34:33 [com.xxl.job.core.thread.TriggerCallbackThread#callbackLog]-[197]-[Thread-72] <br>----------- xxl-job job callback fail, callbackResult:ReturnT [code=500, msg=xxl-rpc remoting error(Connection refused: connect), for url : http://localhost:8080/xxl-job-admin/api/callback, content=null]
2026-07-13 23:35:07 [com.xxl.job.core.thread.TriggerCallbackThread#callbackLog]-[197]-[Thread-72] <br>----------- xxl-job job callback fail, callbackResult:ReturnT [code=500, msg=xxl-rpc remoting error(Connection refused: connect), for url : http://localhost:8080/xxl-job-admin/api/callback, content=null]
2026-07-13 23:35:41 [com.xxl.job.core.thread.TriggerCallbackThread#callbackLog]-[197]-[Thread-72] <br>----------- xxl-job job callback fail, callbackResult:ReturnT [code=500, msg=xxl-rpc remoting error(Connection refused: connect), for url : http://localhost:8080/xxl-job-admin/api/callback, content=null]
2026-07-13 23:36:15 [com.xxl.job.core.thread.TriggerCallbackThread#callbackLog]-[197]-[Thread-72] <br>----------- xxl-job job callback fail, callbackResult:ReturnT [code=500, msg=xxl-rpc remoting error(Connection refused: connect), for url : http://localhost:8080/xxl-job-admin/api/callback, content=null]
2026-07-13 23:36:49 [com.xxl.job.core.thread.TriggerCallbackThread#callbackLog]-[197]-[Thread-72] <br>----------- xxl-job job callback fail, callbackResult:ReturnT [code=500, msg=xxl-rpc remoting error(Connection refused: connect), for url : http://localhost:8080/xxl-job-admin/api/callback, content=null]
2026-07-13 23:37:23 [com.xxl.job.core.thread.TriggerCallbackThread#callbackLog]-[197]-[Thread-72] <br>----------- xxl-job job callback fail, callbackResult:ReturnT [code=500, msg=xxl-rpc remoting error(Connection refused: connect), for url : http://localhost:8080/xxl-job-admin/api/callback, content=null]
2026-07-13 23:37:57 [com.xxl.job.core.thread.TriggerCallbackThread#callbackLog]-[197]-[Thread-72] <br>----------- xxl-job job callback fail, callbackResult:ReturnT [code=500, msg=xxl-rpc remoting error(Connection refused: connect), for url : http://localhost:8080/xxl-job-admin/api/callback, content=null]
2026-07-13 23:38:31 [com.xxl.job.core.thread.TriggerCallbackThread#callbackLog]-[197]-[Thread-72] <br>----------- xxl-job job callback fail, callbackResult:ReturnT [code=500, msg=xxl-rpc remoting error(Connection refused: connect), for url : http://localhost:8080/xxl-job-admin/api/callback, content=null]
2026-07-13 23:39:06 [com.xxl.job.core.thread.TriggerCallbackThread#callbackLog]-[197]-[Thread-72] <br>----------- xxl-job job callback fail, callbackResult:ReturnT [code=500, msg=xxl-rpc remoting error(Connection refused: connect), for url : http://localhost:8080/xxl-job-admin/api/callback, content=null]
2026-07-13 23:39:40 [com.xxl.job.core.thread.TriggerCallbackThread#callbackLog]-[197]-[Thread-72] <br>----------- xxl-job job callback fail, callbackResult:ReturnT [code=500, msg=xxl-rpc remoting error(Connection refused: connect), for url : http://localhost:8080/xxl-job-admin/api/callback, content=null]
2026-07-13 23:40:14 [com.xxl.job.core.thread.TriggerCallbackThread#callbackLog]-[197]-[Thread-72] <br>----------- xxl-job job callback fail, callbackResult:ReturnT [code=500, msg=xxl-rpc remoting error(Connection refused: connect), for url : http://localhost:8080/xxl-job-admin/api/callback, content=null]
2026-07-13 23:40:48 [com.xxl.job.core.thread.TriggerCallbackThread#callbackLog]-[197]-[Thread-72] <br>----------- xxl-job job callback fail, callbackResult:ReturnT [code=500, msg=xxl-rpc remoting error(Connection refused: connect), for url : http://localhost:8080/xxl-job-admin/api/callback, content=null]
2026-07-13 23:41:22 [com.xxl.job.core.thread.TriggerCallbackThread#callbackLog]-[197]-[Thread-72] <br>----------- xxl-job job callback fail, callbackResult:ReturnT [code=500, msg=xxl-rpc remoting error(Connection refused: connect), for url : http://localhost:8080/xxl-job-admin/api/callback, content=null]
2026-07-13 23:41:56 [com.xxl.job.core.thread.TriggerCallbackThread#callbackLog]-[197]-[Thread-72] <br>----------- xxl-job job callback fail, callbackResult:ReturnT [code=500, msg=xxl-rpc remoting error(Connection refused: connect), for url : http://localhost:8080/xxl-job-admin/api/callback, content=null]
2026-07-13 23:42:30 [com.xxl.job.core.thread.TriggerCallbackThread#callbackLog]-[197]-[Thread-72] <br>----------- xxl-job job callback fail, callbackResult:ReturnT [code=500, msg=xxl-rpc remoting error(Connection refused: connect), for url : http://localhost:8080/xxl-job-admin/api/callback, content=null]
2026-07-13 23:43:04 [com.xxl.job.core.thread.TriggerCallbackThread#callbackLog]-[197]-[Thread-72] <br>----------- xxl-job job callback fail, callbackResult:ReturnT [code=500, msg=xxl-rpc remoting error(Connection refused: connect), for url : http://localhost:8080/xxl-job-admin/api/callback, content=null]
2026-07-13 23:43:38 [com.xxl.job.core.thread.TriggerCallbackThread#callbackLog]-[197]-[Thread-72] <br>----------- xxl-job job callback fail, callbackResult:ReturnT [code=500, msg=xxl-rpc remoting error(Connection refused: connect), for url : http://localhost:8080/xxl-job-admin/api/callback, content=null]
2026-07-13 23:44:12 [com.xxl.job.core.thread.TriggerCallbackThread#callbackLog]-[197]-[Thread-72] <br>----------- xxl-job job callback fail, callbackResult:ReturnT [code=500, msg=xxl-rpc remoting error(Connection refused: connect), for url : http://localhost:8080/xxl-job-admin/api/callback, content=null]
2026-07-13 23:44:47 [com.xxl.job.core.thread.TriggerCallbackThread#callbackLog]-[197]-[Thread-72] <br>----------- xxl-job job callback fail, callbackResult:ReturnT [code=500, msg=xxl-rpc remoting error(Connection refused: connect), for url : http://localhost:8080/xxl-job-admin/api/callback, content=null]
2026-07-13 23:45:21 [com.xxl.job.core.thread.TriggerCallbackThread#callbackLog]-[197]-[Thread-72] <br>----------- xxl-job job callback fail, callbackResult:ReturnT [code=500, msg=xxl-rpc remoting error(Connection refused: connect), for url : http://localhost:8080/xxl-job-admin/api/callback, content=null]
2026-07-13 23:45:55 [com.xxl.job.core.thread.TriggerCallbackThread#callbackLog]-[197]-[Thread-72] <br>----------- xxl-job job callback fail, callbackResult:ReturnT [code=500, msg=xxl-rpc remoting error(Connection refused: connect), for url : http://localhost:8080/xxl-job-admin/api/callback, content=null]
2026-07-13 23:46:29 [com.xxl.job.core.thread.TriggerCallbackThread#callbackLog]-[197]-[Thread-72] <br>----------- xxl-job job callback fail, callbackResult:ReturnT [code=500, msg=xxl-rpc remoting error(Connection refused: connect), for url : http://localhost:8080/xxl-job-admin/api/callback, content=null]
2026-07-13 23:47:03 [com.xxl.job.core.thread.TriggerCallbackThread#callbackLog]-[197]-[Thread-72] <br>----------- xxl-job job callback fail, callbackResult:ReturnT [code=500, msg=xxl-rpc remoting error(Connection refused: connect), for url : http://localhost:8080/xxl-job-admin/api/callback, content=null]
2026-07-13 23:47:37 [com.xxl.job.core.thread.TriggerCallbackThread#callbackLog]-[197]-[Thread-72] <br>----------- xxl-job job callback fail, callbackResult:ReturnT [code=500, msg=xxl-rpc remoting error(Connection refused: connect), for url : http://localhost:8080/xxl-job-admin/api/callback, content=null]
2026-07-13 23:48:11 [com.xxl.job.core.thread.TriggerCallbackThread#callbackLog]-[197]-[Thread-72] <br>----------- xxl-job job callback fail, callbackResult:ReturnT [code=500, msg=xxl-rpc remoting error(Connection refused: connect), for url : http://localhost:8080/xxl-job-admin/api/callback, content=null]
2026-07-13 23:48:45 [com.xxl.job.core.thread.TriggerCallbackThread#callbackLog]-[197]-[Thread-72] <br>----------- xxl-job job callback fail, callbackResult:ReturnT [code=500, msg=xxl-rpc remoting error(Connection refused: connect), for url : http://localhost:8080/xxl-job-admin/api/callback, content=null]
2026-07-13 23:49:19 [com.xxl.job.core.thread.TriggerCallbackThread#callbackLog]-[197]-[Thread-72] <br>----------- xxl-job job callback fail, callbackResult:ReturnT [code=500, msg=xxl-rpc remoting error(Connection refused: connect), for url : http://localhost:8080/xxl-job-admin/api/callback, content=null]
2026-07-13 23:49:53 [com.xxl.job.core.thread.TriggerCallbackThread#callbackLog]-[197]-[Thread-72] <br>----------- xxl-job job callback fail, callbackResult:ReturnT [code=500, msg=xxl-rpc remoting error(Connection refused: connect), for url : http://localhost:8080/xxl-job-admin/api/callback, content=null]
2026-07-13 23:50:27 [com.xxl.job.core.thread.TriggerCallbackThread#callbackLog]-[197]-[Thread-72] <br>----------- xxl-job job callback fail, callbackResult:ReturnT [code=500, msg=xxl-rpc remoting error(Connection refused: connect), for url : http://localhost:8080/xxl-job-admin/api/callback, content=null]
2026-07-13 23:51:02 [com.xxl.job.core.thread.TriggerCallbackThread#callbackLog]-[197]-[Thread-72] <br>----------- xxl-job job callback fail, callbackResult:ReturnT [code=500, msg=xxl-rpc remoting error(Connection refused: connect), for url : http://localhost:8080/xxl-job-admin/api/callback, content=null]
2026-07-13 23:51:36 [com.xxl.job.core.thread.TriggerCallbackThread#callbackLog]-[197]-[Thread-72] <br>----------- xxl-job job callback fail, callbackResult:ReturnT [code=500, msg=xxl-rpc remoting error(Connection refused: connect), for url : http://localhost:8080/xxl-job-admin/api/callback, content=null]
2026-07-13 23:52:10 [com.xxl.job.core.thread.TriggerCallbackThread#callbackLog]-[197]-[Thread-72] <br>----------- xxl-job job callback fail, callbackResult:ReturnT [code=500, msg=xxl-rpc remoting error(Connection refused: connect), for url : http://localhost:8080/xxl-job-admin/api/callback, content=null]
2026-07-13 23:52:44 [com.xxl.job.core.thread.TriggerCallbackThread#callbackLog]-[197]-[Thread-72] <br>----------- xxl-job job callback fail, callbackResult:ReturnT [code=500, msg=xxl-rpc remoting error(Connection refused: connect), for url : http://localhost:8080/xxl-job-admin/api/callback, content=null]
2026-07-14 07:01:04 [com.xxl.job.core.thread.TriggerCallbackThread#callbackLog]-[197]-[Thread-72] <br>----------- xxl-job job callback fail, callbackResult:ReturnT [code=500, msg=xxl-rpc remoting error(Connection refused: connect), for url : http://localhost:8080/xxl-job-admin/api/callback, content=null]
2026-07-14 07:01:38 [com.xxl.job.core.thread.TriggerCallbackThread#callbackLog]-[197]-[Thread-72] <br>----------- xxl-job job callback fail, callbackResult:ReturnT [code=500, msg=xxl-rpc remoting error(Connection refused: connect), for url : http://localhost:8080/xxl-job-admin/api/callback, content=null]
2026-07-14 07:02:12 [com.xxl.job.core.thread.TriggerCallbackThread#callbackLog]-[197]-[Thread-72] <br>----------- xxl-job job callback fail, callbackResult:ReturnT [code=500, msg=xxl-rpc remoting error(Connection refused: connect), for url : http://localhost:8080/xxl-job-admin/api/callback, content=null]
2026-07-14 07:02:46 [com.xxl.job.core.thread.TriggerCallbackThread#callbackLog]-[197]-[Thread-72] <br>----------- xxl-job job callback fail, callbackResult:ReturnT [code=500, msg=xxl-rpc remoting error(Connection refused: connect), for url : http://localhost:8080/xxl-job-admin/api/callback, content=null]
2026-07-14 07:03:20 [com.xxl.job.core.thread.TriggerCallbackThread#callbackLog]-[197]-[Thread-72] <br>----------- xxl-job job callback fail, callbackResult:ReturnT [code=500, msg=xxl-rpc remoting error(Connection refused: connect), for url : http://localhost:8080/xxl-job-admin/api/callback, content=null]
2026-07-14 07:03:54 [com.xxl.job.core.thread.TriggerCallbackThread#callbackLog]-[197]-[Thread-72] <br>----------- xxl-job job callback fail, callbackResult:ReturnT [code=500, msg=xxl-rpc remoting error(Connection refused: connect), for url : http://localhost:8080/xxl-job-admin/api/callback, content=null]
2026-07-14 07:04:28 [com.xxl.job.core.thread.TriggerCallbackThread#callbackLog]-[197]-[Thread-72] <br>----------- xxl-job job callback fail, callbackResult:ReturnT [code=500, msg=xxl-rpc remoting error(Connection refused: connect), for url : http://localhost:8080/xxl-job-admin/api/callback, content=null]
2026-07-14 07:05:02 [com.xxl.job.core.thread.TriggerCallbackThread#callbackLog]-[197]-[Thread-72] <br>----------- xxl-job job callback fail, callbackResult:ReturnT [code=500, msg=xxl-rpc remoting error(Connection refused: connect), for url : http://localhost:8080/xxl-job-admin/api/callback, content=null]
2026-07-14 07:05:37 [com.xxl.job.core.thread.TriggerCallbackThread#callbackLog]-[197]-[Thread-72] <br>----------- xxl-job job callback fail, callbackResult:ReturnT [code=500, msg=xxl-rpc remoting error(Connection refused: connect), for url : http://localhost:8080/xxl-job-admin/api/callback, content=null]
2026-07-14 07:06:11 [com.xxl.job.core.thread.TriggerCallbackThread#callbackLog]-[197]-[Thread-72] <br>----------- xxl-job job callback fail, callbackResult:ReturnT [code=500, msg=xxl-rpc remoting error(Connection refused: connect), for url : http://localhost:8080/xxl-job-admin/api/callback, content=null]
2026-07-14 07:06:45 [com.xxl.job.core.thread.TriggerCallbackThread#callbackLog]-[197]-[Thread-72] <br>----------- xxl-job job callback fail, callbackResult:ReturnT [code=500, msg=xxl-rpc remoting error(Connection refused: connect), for url : http://localhost:8080/xxl-job-admin/api/callback, content=null]
2026-07-14 07:07:19 [com.xxl.job.core.thread.TriggerCallbackThread#callbackLog]-[197]-[Thread-72] <br>----------- xxl-job job callback fail, callbackResult:ReturnT [code=500, msg=xxl-rpc remoting error(Connection refused: connect), for url : http://localhost:8080/xxl-job-admin/api/callback, content=null]
2026-07-14 07:07:53 [com.xxl.job.core.thread.TriggerCallbackThread#callbackLog]-[197]-[Thread-72] <br>----------- xxl-job job callback fail, callbackResult:ReturnT [code=500, msg=xxl-rpc remoting error(Connection refused: connect), for url : http://localhost:8080/xxl-job-admin/api/callback, content=null]
2026-07-14 07:08:27 [com.xxl.job.core.thread.TriggerCallbackThread#callbackLog]-[197]-[Thread-72] <br>----------- xxl-job job callback fail, callbackResult:ReturnT [code=500, msg=xxl-rpc remoting error(Connection refused: connect), for url : http://localhost:8080/xxl-job-admin/api/callback, content=null]
2026-07-14 07:09:01 [com.xxl.job.core.thread.TriggerCallbackThread#callbackLog]-[197]-[Thread-72] <br>----------- xxl-job job callback fail, callbackResult:ReturnT [code=500, msg=xxl-rpc remoting error(Connection refused: connect), for url : http://localhost:8080/xxl-job-admin/api/callback, content=null]
2026-07-14 07:09:35 [com.xxl.job.core.thread.TriggerCallbackThread#callbackLog]-[197]-[Thread-72] <br>----------- xxl-job job callback fail, callbackResult:ReturnT [code=500, msg=xxl-rpc remoting error(Connection refused: connect), for url : http://localhost:8080/xxl-job-admin/api/callback, content=null]
2026-07-14 07:10:09 [com.xxl.job.core.thread.TriggerCallbackThread#callbackLog]-[197]-[Thread-72] <br>----------- xxl-job job callback fail, callbackResult:ReturnT [code=500, msg=xxl-rpc remoting error(Connection refused: connect), for url : http://localhost:8080/xxl-job-admin/api/callback, content=null]
2026-07-14 07:10:43 [com.xxl.job.core.thread.TriggerCallbackThread#callbackLog]-[197]-[Thread-72] <br>----------- xxl-job job callback fail, callbackResult:ReturnT [code=500, msg=xxl-rpc remoting error(Connection refused: connect), for url : http://localhost:8080/xxl-job-admin/api/callback, content=null]
2026-07-14 07:11:17 [com.xxl.job.core.thread.TriggerCallbackThread#callbackLog]-[197]-[Thread-72] <br>----------- xxl-job job callback fail, callbackResult:ReturnT [code=500, msg=xxl-rpc remoting error(Connection refused: connect), for url : http://localhost:8080/xxl-job-admin/api/callback, content=null]
2026-07-14 07:11:52 [com.xxl.job.core.thread.TriggerCallbackThread#callbackLog]-[197]-[Thread-72] <br>----------- xxl-job job callback fail, callbackResult:ReturnT [code=500, msg=xxl-rpc remoting error(Connection refused: connect), for url : http://localhost:8080/xxl-job-admin/api/callback, content=null]
2026-07-14 07:12:26 [com.xxl.job.core.thread.TriggerCallbackThread#callbackLog]-[197]-[Thread-72] <br>----------- xxl-job job callback fail, callbackResult:ReturnT [code=500, msg=xxl-rpc remoting error(Connection refused: connect), for url : http://localhost:8080/xxl-job-admin/api/callback, content=null]
2026-07-14 07:13:00 [com.xxl.job.core.thread.TriggerCallbackThread#callbackLog]-[197]-[Thread-72] <br>----------- xxl-job job callback fail, callbackResult:ReturnT [code=500, msg=xxl-rpc remoting error(Connection refused: connect), for url : http://localhost:8080/xxl-job-admin/api/callback, content=null]
2026-07-14 07:13:34 [com.xxl.job.core.thread.TriggerCallbackThread#callbackLog]-[197]-[Thread-72] <br>----------- xxl-job job callback fail, callbackResult:ReturnT [code=500, msg=xxl-rpc remoting error(Connection refused: connect), for url : http://localhost:8080/xxl-job-admin/api/callback, content=null]
2026-07-14 07:14:08 [com.xxl.job.core.thread.TriggerCallbackThread#callbackLog]-[197]-[Thread-72] <br>----------- xxl-job job callback fail, callbackResult:ReturnT [code=500, msg=xxl-rpc remoting error(Connection refused: connect), for url : http://localhost:8080/xxl-job-admin/api/callback, content=null]
2026-07-14 07:14:42 [com.xxl.job.core.thread.TriggerCallbackThread#callbackLog]-[197]-[Thread-72] <br>----------- xxl-job job callback fail, callbackResult:ReturnT [code=500, msg=xxl-rpc remoting error(Connection refused: connect), for url : http://localhost:8080/xxl-job-admin/api/callback, content=null]
2026-07-14 07:15:16 [com.xxl.job.core.thread.TriggerCallbackThread#callbackLog]-[197]-[Thread-72] <br>----------- xxl-job job callback fail, callbackResult:ReturnT [code=500, msg=xxl-rpc remoting error(Connection refused: connect), for url : http://localhost:8080/xxl-job-admin/api/callback, content=null]
2026-07-14 07:15:50 [com.xxl.job.core.thread.TriggerCallbackThread#callbackLog]-[197]-[Thread-72] <br>----------- xxl-job job callback fail, callbackResult:ReturnT [code=500, msg=xxl-rpc remoting error(Connection refused: connect), for url : http://localhost:8080/xxl-job-admin/api/callback, content=null]
2026-07-14 07:16:24 [com.xxl.job.core.thread.TriggerCallbackThread#callbackLog]-[197]-[Thread-72] <br>----------- xxl-job job callback fail, callbackResult:ReturnT [code=500, msg=xxl-rpc remoting error(Connection refused: connect), for url : http://localhost:8080/xxl-job-admin/api/callback, content=null]
2026-07-14 07:16:58 [com.xxl.job.core.thread.TriggerCallbackThread#callbackLog]-[197]-[Thread-72] <br>----------- xxl-job job callback fail, callbackResult:ReturnT [code=500, msg=xxl-rpc remoting error(Connection refused: connect), for url : http://localhost:8080/xxl-job-admin/api/callback, content=null]
2026-07-14 07:17:32 [com.xxl.job.core.thread.TriggerCallbackThread#callbackLog]-[197]-[Thread-72] <br>----------- xxl-job job callback fail, callbackResult:ReturnT [code=500, msg=xxl-rpc remoting error(Connection refused: connect), for url : http://localhost:8080/xxl-job-admin/api/callback, content=null]
2026-07-14 07:18:07 [com.xxl.job.core.thread.TriggerCallbackThread#callbackLog]-[197]-[Thread-72] <br>----------- xxl-job job callback fail, callbackResult:ReturnT [code=500, msg=xxl-rpc remoting error(Connection refused: connect), for url : http://localhost:8080/xxl-job-admin/api/callback, content=null]
2026-07-14 07:18:41 [com.xxl.job.core.thread.TriggerCallbackThread#callbackLog]-[197]-[Thread-72] <br>----------- xxl-job job callback fail, callbackResult:ReturnT [code=500, msg=xxl-rpc remoting error(Connection refused: connect), for url : http://localhost:8080/xxl-job-admin/api/callback, content=null]
2026-07-14 07:19:15 [com.xxl.job.core.thread.TriggerCallbackThread#callbackLog]-[197]-[Thread-72] <br>----------- xxl-job job callback fail, callbackResult:ReturnT [code=500, msg=xxl-rpc remoting error(Connection refused: connect), for url : http://localhost:8080/xxl-job-admin/api/callback, content=null]
2026-07-14 07:19:49 [com.xxl.job.core.thread.TriggerCallbackThread#callbackLog]-[197]-[Thread-72] <br>----------- xxl-job job callback fail, callbackResult:ReturnT [code=500, msg=xxl-rpc remoting error(Connection refused: connect), for url : http://localhost:8080/xxl-job-admin/api/callback, content=null]
2026-07-14 07:20:23 [com.xxl.job.core.thread.TriggerCallbackThread#callbackLog]-[197]-[Thread-72] <br>----------- xxl-job job callback fail, callbackResult:ReturnT [code=500, msg=xxl-rpc remoting error(Connection refused: connect), for url : http://localhost:8080/xxl-job-admin/api/callback, content=null]
2026-07-14 07:20:57 [com.xxl.job.core.thread.TriggerCallbackThread#callbackLog]-[197]-[Thread-72] <br>----------- xxl-job job callback fail, callbackResult:ReturnT [code=500, msg=xxl-rpc remoting error(Connection refused: connect), for url : http://localhost:8080/xxl-job-admin/api/callback, content=null]
2026-07-14 07:21:31 [com.xxl.job.core.thread.TriggerCallbackThread#callbackLog]-[197]-[Thread-72] <br>----------- xxl-job job callback fail, callbackResult:ReturnT [code=500, msg=xxl-rpc remoting error(Connection refused: connect), for url : http://localhost:8080/xxl-job-admin/api/callback, content=null]
2026-07-14 07:22:05 [com.xxl.job.core.thread.TriggerCallbackThread#callbackLog]-[197]-[Thread-72] <br>----------- xxl-job job callback fail, callbackResult:ReturnT [code=500, msg=xxl-rpc remoting error(Connection refused: connect), for url : http://localhost:8080/xxl-job-admin/api/callback, content=null]
2026-07-14 07:22:39 [com.xxl.job.core.thread.TriggerCallbackThread#callbackLog]-[197]-[Thread-72] <br>----------- xxl-job job callback fail, callbackResult:ReturnT [code=500, msg=xxl-rpc remoting error(Connection refused: connect), for url : http://localhost:8080/xxl-job-admin/api/callback, content=null]
2026-07-14 07:23:13 [com.xxl.job.core.thread.TriggerCallbackThread#callbackLog]-[197]-[Thread-72] <br>----------- xxl-job job callback fail, callbackResult:ReturnT [code=500, msg=xxl-rpc remoting error(Connection refused: connect), for url : http://localhost:8080/xxl-job-admin/api/callback, content=null]
2026-07-14 07:23:48 [com.xxl.job.core.thread.TriggerCallbackThread#callbackLog]-[197]-[Thread-72] <br>----------- xxl-job job callback fail, callbackResult:ReturnT [code=500, msg=xxl-rpc remoting error(Connection refused: connect), for url : http://localhost:8080/xxl-job-admin/api/callback, content=null]
2026-07-14 07:24:22 [com.xxl.job.core.thread.TriggerCallbackThread#callbackLog]-[197]-[Thread-72] <br>----------- xxl-job job callback fail, callbackResult:ReturnT [code=500, msg=xxl-rpc remoting error(Connection refused: connect), for url : http://localhost:8080/xxl-job-admin/api/callback, content=null]
2026-07-14 07:24:56 [com.xxl.job.core.thread.TriggerCallbackThread#callbackLog]-[197]-[Thread-72] <br>----------- xxl-job job callback fail, callbackResult:ReturnT [code=500, msg=xxl-rpc remoting error(Connection refused: connect), for url : http://localhost:8080/xxl-job-admin/api/callback, content=null]
2026-07-14 07:25:30 [com.xxl.job.core.thread.TriggerCallbackThread#callbackLog]-[197]-[Thread-72] <br>----------- xxl-job job callback fail, callbackResult:ReturnT [code=500, msg=xxl-rpc remoting error(Connection refused: connect), for url : http://localhost:8080/xxl-job-admin/api/callback, content=null]
2026-07-14 07:26:04 [com.xxl.job.core.thread.TriggerCallbackThread#callbackLog]-[197]-[Thread-72] <br>----------- xxl-job job callback fail, callbackResult:ReturnT [code=500, msg=xxl-rpc remoting error(Connection refused: connect), for url : http://localhost:8080/xxl-job-admin/api/callback, content=null]
2026-07-14 07:26:38 [com.xxl.job.core.thread.TriggerCallbackThread#callbackLog]-[197]-[Thread-72] <br>----------- xxl-job job callback fail, callbackResult:ReturnT [code=500, msg=xxl-rpc remoting error(Connection refused: connect), for url : http://localhost:8080/xxl-job-admin/api/callback, content=null]
2026-07-14 07:27:12 [com.xxl.job.core.thread.TriggerCallbackThread#callbackLog]-[197]-[Thread-72] <br>----------- xxl-job job callback fail, callbackResult:ReturnT [code=500, msg=xxl-rpc remoting error(Connection refused: connect), for url : http://localhost:8080/xxl-job-admin/api/callback, content=null]
2026-07-14 07:27:46 [com.xxl.job.core.thread.TriggerCallbackThread#callbackLog]-[197]-[Thread-72] <br>----------- xxl-job job callback fail, callbackResult:ReturnT [code=500, msg=xxl-rpc remoting error(Connection refused: connect), for url : http://localhost:8080/xxl-job-admin/api/callback, content=null]
2026-07-14 07:28:20 [com.xxl.job.core.thread.TriggerCallbackThread#callbackLog]-[197]-[Thread-72] <br>----------- xxl-job job callback fail, callbackResult:ReturnT [code=500, msg=xxl-rpc remoting error(Connection refused: connect), for url : http://localhost:8080/xxl-job-admin/api/callback, content=null]
2026-07-14 07:28:55 [com.xxl.job.core.thread.TriggerCallbackThread#callbackLog]-[197]-[Thread-72] <br>----------- xxl-job job callback fail, callbackResult:ReturnT [code=500, msg=xxl-rpc remoting error(Connection refused: connect), for url : http://localhost:8080/xxl-job-admin/api/callback, content=null]
2026-07-14 07:29:29 [com.xxl.job.core.thread.TriggerCallbackThread#callbackLog]-[197]-[Thread-72] <br>----------- xxl-job job callback fail, callbackResult:ReturnT [code=500, msg=xxl-rpc remoting error(Connection refused: connect), for url : http://localhost:8080/xxl-job-admin/api/callback, content=null]
2026-07-14 07:30:03 [com.xxl.job.core.thread.TriggerCallbackThread#callbackLog]-[197]-[Thread-72] <br>----------- xxl-job job callback fail, callbackResult:ReturnT [code=500, msg=xxl-rpc remoting error(Connection refused: connect), for url : http://localhost:8080/xxl-job-admin/api/callback, content=null]
2026-07-14 07:30:37 [com.xxl.job.core.thread.TriggerCallbackThread#callbackLog]-[197]-[Thread-72] <br>----------- xxl-job job callback fail, callbackResult:ReturnT [code=500, msg=xxl-rpc remoting error(Connection refused: connect), for url : http://localhost:8080/xxl-job-admin/api/callback, content=null]
2026-07-14 07:31:11 [com.xxl.job.core.thread.TriggerCallbackThread#callbackLog]-[197]-[Thread-72] <br>----------- xxl-job job callback fail, callbackResult:ReturnT [code=500, msg=xxl-rpc remoting error(Connection refused: connect), for url : http://localhost:8080/xxl-job-admin/api/callback, content=null]
2026-07-14 07:31:45 [com.xxl.job.core.thread.TriggerCallbackThread#callbackLog]-[197]-[Thread-72] <br>----------- xxl-job job callback fail, callbackResult:ReturnT [code=500, msg=xxl-rpc remoting error(Connection refused: connect), for url : http://localhost:8080/xxl-job-admin/api/callback, content=null]
2026-07-14 07:32:19 [com.xxl.job.core.thread.TriggerCallbackThread#callbackLog]-[197]-[Thread-72] <br>----------- xxl-job job callback fail, callbackResult:ReturnT [code=500, msg=xxl-rpc remoting error(Connection refused: connect), for url : http://localhost:8080/xxl-job-admin/api/callback, content=null]
2026-07-14 07:32:53 [com.xxl.job.core.thread.TriggerCallbackThread#callbackLog]-[197]-[Thread-72] <br>----------- xxl-job job callback fail, callbackResult:ReturnT [code=500, msg=xxl-rpc remoting error(Connection refused: connect), for url : http://localhost:8080/xxl-job-admin/api/callback, content=null]
2026-07-14 07:33:27 [com.xxl.job.core.thread.TriggerCallbackThread#callbackLog]-[197]-[Thread-72] <br>----------- xxl-job job callback fail, callbackResult:ReturnT [code=500, msg=xxl-rpc remoting error(Connection refused: connect), for url : http://localhost:8080/xxl-job-admin/api/callback, content=null]
2026-07-14 07:34:02 [com.xxl.job.core.thread.TriggerCallbackThread#callbackLog]-[197]-[Thread-72] <br>----------- xxl-job job callback fail, callbackResult:ReturnT [code=500, msg=xxl-rpc remoting error(Connection refused: connect), for url : http://localhost:8080/xxl-job-admin/api/callback, content=null]
2026-07-14 07:34:36 [com.xxl.job.core.thread.TriggerCallbackThread#callbackLog]-[197]-[Thread-72] <br>----------- xxl-job job callback fail, callbackResult:ReturnT [code=500, msg=xxl-rpc remoting error(Connection refused: connect), for url : http://localhost:8080/xxl-job-admin/api/callback, content=null]
2026-07-14 07:35:10 [com.xxl.job.core.thread.TriggerCallbackThread#callbackLog]-[197]-[Thread-72] <br>----------- xxl-job job callback fail, callbackResult:ReturnT [code=500, msg=xxl-rpc remoting error(Connection refused: connect), for url : http://localhost:8080/xxl-job-admin/api/callback, content=null]
2026-07-14 07:35:44 [com.xxl.job.core.thread.TriggerCallbackThread#callbackLog]-[197]-[Thread-72] <br>----------- xxl-job job callback fail, callbackResult:ReturnT [code=500, msg=xxl-rpc remoting error(Connection refused: connect), for url : http://localhost:8080/xxl-job-admin/api/callback, content=null]
2026-07-14 07:36:18 [com.xxl.job.core.thread.TriggerCallbackThread#callbackLog]-[197]-[Thread-72] <br>----------- xxl-job job callback fail, callbackResult:ReturnT [code=500, msg=xxl-rpc remoting error(Connection refused: connect), for url : http://localhost:8080/xxl-job-admin/api/callback, content=null]
2026-07-14 07:36:52 [com.xxl.job.core.thread.TriggerCallbackThread#callbackLog]-[197]-[Thread-72] <br>----------- xxl-job job callback fail, callbackResult:ReturnT [code=500, msg=xxl-rpc remoting error(Connection refused: connect), for url : http://localhost:8080/xxl-job-admin/api/callback, content=null]
2026-07-14 07:37:26 [com.xxl.job.core.thread.TriggerCallbackThread#callbackLog]-[197]-[Thread-72] <br>----------- xxl-job job callback fail, callbackResult:ReturnT [code=500, msg=xxl-rpc remoting error(Connection refused: connect), for url : http://localhost:8080/xxl-job-admin/api/callback, content=null]
2026-07-14 07:38:00 [com.xxl.job.core.thread.TriggerCallbackThread#callbackLog]-[197]-[Thread-72] <br>----------- xxl-job job callback fail, callbackResult:ReturnT [code=500, msg=xxl-rpc remoting error(Connection refused: connect), for url : http://localhost:8080/xxl-job-admin/api/callback, content=null]
2026-07-14 07:38:34 [com.xxl.job.core.thread.TriggerCallbackThread#callbackLog]-[197]-[Thread-72] <br>----------- xxl-job job callback fail, callbackResult:ReturnT [code=500, msg=xxl-rpc remoting error(Connection refused: connect), for url : http://localhost:8080/xxl-job-admin/api/callback, content=null]
2026-07-14 07:39:08 [com.xxl.job.core.thread.TriggerCallbackThread#callbackLog]-[197]-[Thread-72] <br>----------- xxl-job job callback fail, callbackResult:ReturnT [code=500, msg=xxl-rpc remoting error(Connection refused: connect), for url : http://localhost:8080/xxl-job-admin/api/callback, content=null]
2026-07-14 07:39:42 [com.xxl.job.core.thread.TriggerCallbackThread#callbackLog]-[197]-[Thread-72] <br>----------- xxl-job job callback fail, callbackResult:ReturnT [code=500, msg=xxl-rpc remoting error(Connection refused: connect), for url : http://localhost:8080/xxl-job-admin/api/callback, content=null]
2026-07-14 07:40:16 [com.xxl.job.core.thread.TriggerCallbackThread#callbackLog]-[197]-[Thread-72] <br>----------- xxl-job job callback fail, callbackResult:ReturnT [code=500, msg=xxl-rpc remoting error(Connection refused: connect), for url : http://localhost:8080/xxl-job-admin/api/callback, content=null]
2026-07-14 07:40:51 [com.xxl.job.core.thread.TriggerCallbackThread#callbackLog]-[197]-[Thread-72] <br>----------- xxl-job job callback fail, callbackResult:ReturnT [code=500, msg=xxl-rpc remoting error(Connection refused: connect), for url : http://localhost:8080/xxl-job-admin/api/callback, content=null]
2026-07-14 07:41:25 [com.xxl.job.core.thread.TriggerCallbackThread#callbackLog]-[197]-[Thread-72] <br>----------- xxl-job job callback fail, callbackResult:ReturnT [code=500, msg=xxl-rpc remoting error(Connection refused: connect), for url : http://localhost:8080/xxl-job-admin/api/callback, content=null]
2026-07-14 07:41:59 [com.xxl.job.core.thread.TriggerCallbackThread#callbackLog]-[197]-[Thread-72] <br>----------- xxl-job job callback fail, callbackResult:ReturnT [code=500, msg=xxl-rpc remoting error(Connection refused: connect), for url : http://localhost:8080/xxl-job-admin/api/callback, content=null]
2026-07-14 07:42:33 [com.xxl.job.core.thread.TriggerCallbackThread#callbackLog]-[197]-[Thread-72] <br>----------- xxl-job job callback fail, callbackResult:ReturnT [code=500, msg=xxl-rpc remoting error(Connection refused: connect), for url : http://localhost:8080/xxl-job-admin/api/callback, content=null]
2026-07-14 07:43:07 [com.xxl.job.core.thread.TriggerCallbackThread#callbackLog]-[197]-[Thread-72] <br>----------- xxl-job job callback fail, callbackResult:ReturnT [code=500, msg=xxl-rpc remoting error(Connection refused: connect), for url : http://localhost:8080/xxl-job-admin/api/callback, content=null]
2026-07-14 07:43:41 [com.xxl.job.core.thread.TriggerCallbackThread#callbackLog]-[197]-[Thread-72] <br>----------- xxl-job job callback fail, callbackResult:ReturnT [code=500, msg=xxl-rpc remoting error(Connection refused: connect), for url : http://localhost:8080/xxl-job-admin/api/callback, content=null]
2026-07-14 07:44:15 [com.xxl.job.core.thread.TriggerCallbackThread#callbackLog]-[197]-[Thread-72] <br>----------- xxl-job job callback fail, callbackResult:ReturnT [code=500, msg=xxl-rpc remoting error(Connection refused: connect), for url : http://localhost:8080/xxl-job-admin/api/callback, content=null]
2026-07-14 07:44:49 [com.xxl.job.core.thread.TriggerCallbackThread#callbackLog]-[197]-[Thread-72] <br>----------- xxl-job job callback fail, callbackResult:ReturnT [code=500, msg=xxl-rpc remoting error(Connection refused: connect), for url : http://localhost:8080/xxl-job-admin/api/callback, content=null]
2026-07-14 07:45:23 [com.xxl.job.core.thread.TriggerCallbackThread#callbackLog]-[197]-[Thread-72] <br>----------- xxl-job job callback fail, callbackResult:ReturnT [code=500, msg=xxl-rpc remoting error(Connection refused: connect), for url : http://localhost:8080/xxl-job-admin/api/callback, content=null]
2026-07-14 07:45:58 [com.xxl.job.core.thread.TriggerCallbackThread#callbackLog]-[197]-[Thread-72] <br>----------- xxl-job job callback fail, callbackResult:ReturnT [code=500, msg=xxl-rpc remoting error(Connection refused: connect), for url : http://localhost:8080/xxl-job-admin/api/callback, content=null]
2026-07-14 07:46:32 [com.xxl.job.core.thread.TriggerCallbackThread#callbackLog]-[197]-[Thread-72] <br>----------- xxl-job job callback fail, callbackResult:ReturnT [code=500, msg=xxl-rpc remoting error(Connection refused: connect), for url : http://localhost:8080/xxl-job-admin/api/callback, content=null]
2026-07-14 07:47:06 [com.xxl.job.core.thread.TriggerCallbackThread#callbackLog]-[197]-[Thread-72] <br>----------- xxl-job job callback fail, callbackResult:ReturnT [code=500, msg=xxl-rpc remoting error(Connection refused: connect), for url : http://localhost:8080/xxl-job-admin/api/callback, content=null]
2026-07-14 07:47:40 [com.xxl.job.core.thread.TriggerCallbackThread#callbackLog]-[197]-[Thread-72] <br>----------- xxl-job job callback fail, callbackResult:ReturnT [code=500, msg=xxl-rpc remoting error(Connection refused: connect), for url : http://localhost:8080/xxl-job-admin/api/callback, content=null]
2026-07-14 07:48:14 [com.xxl.job.core.thread.TriggerCallbackThread#callbackLog]-[197]-[Thread-72] <br>----------- xxl-job job callback fail, callbackResult:ReturnT [code=500, msg=xxl-rpc remoting error(Connection refused: connect), for url : http://localhost:8080/xxl-job-admin/api/callback, content=null]
2026-07-14 07:48:48 [com.xxl.job.core.thread.TriggerCallbackThread#callbackLog]-[197]-[Thread-72] <br>----------- xxl-job job callback fail, callbackResult:ReturnT [code=500, msg=xxl-rpc remoting error(Connection refused: connect), for url : http://localhost:8080/xxl-job-admin/api/callback, content=null]
2026-07-14 07:49:22 [com.xxl.job.core.thread.TriggerCallbackThread#callbackLog]-[197]-[Thread-72] <br>----------- xxl-job job callback fail, callbackResult:ReturnT [code=500, msg=xxl-rpc remoting error(Connection refused: connect), for url : http://localhost:8080/xxl-job-admin/api/callback, content=null]
2026-07-14 07:49:56 [com.xxl.job.core.thread.TriggerCallbackThread#callbackLog]-[197]-[Thread-72] <br>----------- xxl-job job callback fail, callbackResult:ReturnT [code=500, msg=xxl-rpc remoting error(Connection refused: connect), for url : http://localhost:8080/xxl-job-admin/api/callback, content=null]
2026-07-14 07:50:30 [com.xxl.job.core.thread.TriggerCallbackThread#callbackLog]-[197]-[Thread-72] <br>----------- xxl-job job callback fail, callbackResult:ReturnT [code=500, msg=xxl-rpc remoting error(Connection refused: connect), for url : http://localhost:8080/xxl-job-admin/api/callback, content=null]
2026-07-14 07:51:04 [com.xxl.job.core.thread.TriggerCallbackThread#callbackLog]-[197]-[Thread-72] <br>----------- xxl-job job callback fail, callbackResult:ReturnT [code=500, msg=xxl-rpc remoting error(Connection refused: connect), for url : http://localhost:8080/xxl-job-admin/api/callback, content=null]
2026-07-14 07:51:39 [com.xxl.job.core.thread.TriggerCallbackThread#callbackLog]-[197]-[Thread-72] <br>----------- xxl-job job callback fail, callbackResult:ReturnT [code=500, msg=xxl-rpc remoting error(Connection refused: connect), for url : http://localhost:8080/xxl-job-admin/api/callback, content=null]
2026-07-14 07:52:13 [com.xxl.job.core.thread.TriggerCallbackThread#callbackLog]-[197]-[Thread-72] <br>----------- xxl-job job callback fail, callbackResult:ReturnT [code=500, msg=xxl-rpc remoting error(Connection refused: connect), for url : http://localhost:8080/xxl-job-admin/api/callback, content=null]
2026-07-14 17:14:31 [com.xxl.job.core.thread.TriggerCallbackThread#callbackLog]-[197]-[Thread-67] <br>----------- xxl-job job callback fail, callbackResult:ReturnT [code=500, msg=xxl-rpc remoting fail, StatusCode(404) invalid. for url : http://localhost:8080/xxl-job-admin/api/callback, content=null]
2026-07-14 17:15:01 [com.xxl.job.core.thread.TriggerCallbackThread#callbackLog]-[197]-[Thread-67] <br>----------- xxl-job job callback fail, callbackResult:ReturnT [code=500, msg=xxl-rpc remoting fail, StatusCode(404) invalid. for url : http://localhost:8080/xxl-job-admin/api/callback, content=null]
2026-07-14 17:15:31 [com.xxl.job.core.thread.TriggerCallbackThread#callbackLog]-[197]-[Thread-67] <br>----------- xxl-job job callback fail, callbackResult:ReturnT [code=500, msg=xxl-rpc remoting fail, StatusCode(404) invalid. for url : http://localhost:8080/xxl-job-admin/api/callback, content=null]
2026-07-14 19:27:16 [com.xxl.job.core.thread.TriggerCallbackThread#callbackLog]-[197]-[Thread-82] <br>----------- xxl-job job callback fail, callbackResult:ReturnT [code=500, msg=xxl-rpc remoting fail, StatusCode(404) invalid. for url : http://localhost:8080/xxl-job-admin/api/callback, content=null]
2026-07-14 19:27:46 [com.xxl.job.core.thread.TriggerCallbackThread#callbackLog]-[197]-[Thread-82] <br>----------- xxl-job job callback fail, callbackResult:ReturnT [code=500, msg=xxl-rpc remoting fail, StatusCode(404) invalid. for url : http://localhost:8080/xxl-job-admin/api/callback, content=null]
2026-07-14 19:28:16 [com.xxl.job.core.thread.TriggerCallbackThread#callbackLog]-[197]-[Thread-82] <br>----------- xxl-job job callback fail, callbackResult:ReturnT [code=500, msg=xxl-rpc remoting fail, StatusCode(404) invalid. for url : http://localhost:8080/xxl-job-admin/api/callback, content=null]
2026-07-14 19:28:46 [com.xxl.job.core.thread.TriggerCallbackThread#callbackLog]-[197]-[Thread-82] <br>----------- xxl-job job callback fail, callbackResult:ReturnT [code=500, msg=xxl-rpc remoting fail, StatusCode(404) invalid. for url : http://localhost:8080/xxl-job-admin/api/callback, content=null]
2026-07-14 19:29:16 [com.xxl.job.core.thread.TriggerCallbackThread#callbackLog]-[197]-[Thread-82] <br>----------- xxl-job job callback fail, callbackResult:ReturnT [code=500, msg=xxl-rpc remoting fail, StatusCode(404) invalid. for url : http://localhost:8080/xxl-job-admin/api/callback, content=null]
2026-07-14 19:29:46 [com.xxl.job.core.thread.TriggerCallbackThread#callbackLog]-[197]-[Thread-82] <br>----------- xxl-job job callback fail, callbackResult:ReturnT [code=500, msg=xxl-rpc remoting fail, StatusCode(404) invalid. for url : http://localhost:8080/xxl-job-admin/api/callback, content=null]
2026-07-14 19:30:16 [com.xxl.job.core.thread.TriggerCallbackThread#callbackLog]-[197]-[Thread-82] <br>----------- xxl-job job callback fail, callbackResult:ReturnT [code=500, msg=xxl-rpc remoting fail, StatusCode(404) invalid. for url : http://localhost:8080/xxl-job-admin/api/callback, content=null]
2026-07-14 19:30:46 [com.xxl.job.core.thread.TriggerCallbackThread#callbackLog]-[197]-[Thread-82] <br>----------- xxl-job job callback fail, callbackResult:ReturnT [code=500, msg=xxl-rpc remoting fail, StatusCode(404) invalid. for url : http://localhost:8080/xxl-job-admin/api/callback, content=null]
2026-07-14 19:31:16 [com.xxl.job.core.thread.TriggerCallbackThread#callbackLog]-[197]-[Thread-82] <br>----------- xxl-job job callback fail, callbackResult:ReturnT [code=500, msg=xxl-rpc remoting fail, StatusCode(404) invalid. for url : http://localhost:8080/xxl-job-admin/api/callback, content=null]
2026-07-14 19:31:46 [com.xxl.job.core.thread.TriggerCallbackThread#callbackLog]-[197]-[Thread-82] <br>----------- xxl-job job callback fail, callbackResult:ReturnT [code=500, msg=xxl-rpc remoting fail, StatusCode(404) invalid. for url : http://localhost:8080/xxl-job-admin/api/callback, content=null]
2026-07-14 19:32:16 [com.xxl.job.core.thread.TriggerCallbackThread#callbackLog]-[197]-[Thread-82] <br>----------- xxl-job job callback fail, callbackResult:ReturnT [code=500, msg=xxl-rpc remoting fail, StatusCode(404) invalid. for url : http://localhost:8080/xxl-job-admin/api/callback, content=null]
2026-07-14 19:32:46 [com.xxl.job.core.thread.TriggerCallbackThread#callbackLog]-[197]-[Thread-82] <br>----------- xxl-job job callback fail, callbackResult:ReturnT [code=500, msg=xxl-rpc remoting fail, StatusCode(404) invalid. for url : http://localhost:8080/xxl-job-admin/api/callback, content=null]
2026-07-14 19:33:16 [com.xxl.job.core.thread.TriggerCallbackThread#callbackLog]-[197]-[Thread-82] <br>----------- xxl-job job callback fail, callbackResult:ReturnT [code=500, msg=xxl-rpc remoting fail, StatusCode(404) invalid. for url : http://localhost:8080/xxl-job-admin/api/callback, content=null]
2026-07-14 19:33:46 [com.xxl.job.core.thread.TriggerCallbackThread#callbackLog]-[197]-[Thread-82] <br>----------- xxl-job job callback fail, callbackResult:ReturnT [code=500, msg=xxl-rpc remoting fail, StatusCode(404) invalid. for url : http://localhost:8080/xxl-job-admin/api/callback, content=null]
2026-07-14 19:34:17 [com.xxl.job.core.thread.TriggerCallbackThread#callbackLog]-[197]-[Thread-82] <br>----------- xxl-job job callback fail, callbackResult:ReturnT [code=500, msg=xxl-rpc remoting fail, StatusCode(404) invalid. for url : http://localhost:8080/xxl-job-admin/api/callback, content=null]
2026-07-14 19:34:47 [com.xxl.job.core.thread.TriggerCallbackThread#callbackLog]-[197]-[Thread-82] <br>----------- xxl-job job callback fail, callbackResult:ReturnT [code=500, msg=xxl-rpc remoting fail, StatusCode(404) invalid. for url : http://localhost:8080/xxl-job-admin/api/callback, content=null]
2026-07-14 19:35:17 [com.xxl.job.core.thread.TriggerCallbackThread#callbackLog]-[197]-[Thread-82] <br>----------- xxl-job job callback fail, callbackResult:ReturnT [code=500, msg=xxl-rpc remoting fail, StatusCode(404) invalid. for url : http://localhost:8080/xxl-job-admin/api/callback, content=null]
2026-07-14 19:35:47 [com.xxl.job.core.thread.TriggerCallbackThread#callbackLog]-[197]-[Thread-82] <br>----------- xxl-job job callback fail, callbackResult:ReturnT [code=500, msg=xxl-rpc remoting fail, StatusCode(404) invalid. for url : http://localhost:8080/xxl-job-admin/api/callback, content=null]
2026-07-14 19:36:17 [com.xxl.job.core.thread.TriggerCallbackThread#callbackLog]-[197]-[Thread-82] <br>----------- xxl-job job callback fail, callbackResult:ReturnT [code=500, msg=xxl-rpc remoting fail, StatusCode(404) invalid. for url : http://localhost:8080/xxl-job-admin/api/callback, content=null]
2026-07-14 19:36:47 [com.xxl.job.core.thread.TriggerCallbackThread#callbackLog]-[197]-[Thread-82] <br>----------- xxl-job job callback fail, callbackResult:ReturnT [code=500, msg=xxl-rpc remoting fail, StatusCode(404) invalid. for url : http://localhost:8080/xxl-job-admin/api/callback, content=null]
2026-07-14 19:37:17 [com.xxl.job.core.thread.TriggerCallbackThread#callbackLog]-[197]-[Thread-82] <br>----------- xxl-job job callback fail, callbackResult:ReturnT [code=500, msg=xxl-rpc remoting fail, StatusCode(404) invalid. for url : http://localhost:8080/xxl-job-admin/api/callback, content=null]
2026-07-14 19:37:47 [com.xxl.job.core.thread.TriggerCallbackThread#callbackLog]-[197]-[Thread-82] <br>----------- xxl-job job callback fail, callbackResult:ReturnT [code=500, msg=xxl-rpc remoting fail, StatusCode(404) invalid. for url : http://localhost:8080/xxl-job-admin/api/callback, content=null]
2026-07-14 19:38:17 [com.xxl.job.core.thread.TriggerCallbackThread#callbackLog]-[197]-[Thread-82] <br>----------- xxl-job job callback fail, callbackResult:ReturnT [code=500, msg=xxl-rpc remoting fail, StatusCode(404) invalid. for url : http://localhost:8080/xxl-job-admin/api/callback, content=null]
2026-07-14 19:38:47 [com.xxl.job.core.thread.TriggerCallbackThread#callbackLog]-[197]-[Thread-82] <br>----------- xxl-job job callback fail, callbackResult:ReturnT [code=500, msg=xxl-rpc remoting fail, StatusCode(404) invalid. for url : http://localhost:8080/xxl-job-admin/api/callback, content=null]
2026-07-14 19:39:17 [com.xxl.job.core.thread.TriggerCallbackThread#callbackLog]-[197]-[Thread-82] <br>----------- xxl-job job callback fail, callbackResult:ReturnT [code=500, msg=xxl-rpc remoting fail, StatusCode(404) invalid. for url : http://localhost:8080/xxl-job-admin/api/callback, content=null]
2026-07-14 19:39:47 [com.xxl.job.core.thread.TriggerCallbackThread#callbackLog]-[197]-[Thread-82] <br>----------- xxl-job job callback fail, callbackResult:ReturnT [code=500, msg=xxl-rpc remoting fail, StatusCode(404) invalid. for url : http://localhost:8080/xxl-job-admin/api/callback, content=null]
2026-07-14 19:40:17 [com.xxl.job.core.thread.TriggerCallbackThread#callbackLog]-[197]-[Thread-82] <br>----------- xxl-job job callback fail, callbackResult:ReturnT [code=500, msg=xxl-rpc remoting fail, StatusCode(404) invalid. for url : http://localhost:8080/xxl-job-admin/api/callback, content=null]
2026-07-14 19:40:47 [com.xxl.job.core.thread.TriggerCallbackThread#callbackLog]-[197]-[Thread-82] <br>----------- xxl-job job callback fail, callbackResult:ReturnT [code=500, msg=xxl-rpc remoting fail, StatusCode(404) invalid. for url : http://localhost:8080/xxl-job-admin/api/callback, content=null]
2026-07-14 19:41:17 [com.xxl.job.core.thread.TriggerCallbackThread#callbackLog]-[197]-[Thread-82] <br>----------- xxl-job job callback fail, callbackResult:ReturnT [code=500, msg=xxl-rpc remoting fail, StatusCode(404) invalid. for url : http://localhost:8080/xxl-job-admin/api/callback, content=null]
2026-07-14 19:41:47 [com.xxl.job.core.thread.TriggerCallbackThread#callbackLog]-[197]-[Thread-82] <br>----------- xxl-job job callback fail, callbackResult:ReturnT [code=500, msg=xxl-rpc remoting fail, StatusCode(404) invalid. for url : http://localhost:8080/xxl-job-admin/api/callback, content=null]
2026-07-14 19:42:17 [com.xxl.job.core.thread.TriggerCallbackThread#callbackLog]-[197]-[Thread-82] <br>----------- xxl-job job callback fail, callbackResult:ReturnT [code=500, msg=xxl-rpc remoting fail, StatusCode(404) invalid. for url : http://localhost:8080/xxl-job-admin/api/callback, content=null]
2026-07-14 19:42:47 [com.xxl.job.core.thread.TriggerCallbackThread#callbackLog]-[197]-[Thread-82] <br>----------- xxl-job job callback fail, callbackResult:ReturnT [code=500, msg=xxl-rpc remoting fail, StatusCode(404) invalid. for url : http://localhost:8080/xxl-job-admin/api/callback, content=null]
2026-07-14 19:43:17 [com.xxl.job.core.thread.TriggerCallbackThread#callbackLog]-[197]-[Thread-82] <br>----------- xxl-job job callback fail, callbackResult:ReturnT [code=500, msg=xxl-rpc remoting fail, StatusCode(404) invalid. for url : http://localhost:8080/xxl-job-admin/api/callback, content=null]
2026-07-14 19:43:47 [com.xxl.job.core.thread.TriggerCallbackThread#callbackLog]-[197]-[Thread-82] <br>----------- xxl-job job callback fail, callbackResult:ReturnT [code=500, msg=xxl-rpc remoting fail, StatusCode(404) invalid. for url : http://localhost:8080/xxl-job-admin/api/callback, content=null]
2026-07-14 19:44:17 [com.xxl.job.core.thread.TriggerCallbackThread#callbackLog]-[197]-[Thread-82] <br>----------- xxl-job job callback fail, callbackResult:ReturnT [code=500, msg=xxl-rpc remoting fail, StatusCode(404) invalid. for url : http://localhost:8080/xxl-job-admin/api/callback, content=null]
2026-07-14 19:44:47 [com.xxl.job.core.thread.TriggerCallbackThread#callbackLog]-[197]-[Thread-82] <br>----------- xxl-job job callback fail, callbackResult:ReturnT [code=500, msg=xxl-rpc remoting fail, StatusCode(404) invalid. for url : http://localhost:8080/xxl-job-admin/api/callback, content=null]
2026-07-14 19:45:17 [com.xxl.job.core.thread.TriggerCallbackThread#callbackLog]-[197]-[Thread-82] <br>----------- xxl-job job callback fail, callbackResult:ReturnT [code=500, msg=xxl-rpc remoting fail, StatusCode(404) invalid. for url : http://localhost:8080/xxl-job-admin/api/callback, content=null]
2026-07-14 19:45:47 [com.xxl.job.core.thread.TriggerCallbackThread#callbackLog]-[197]-[Thread-82] <br>----------- xxl-job job callback fail, callbackResult:ReturnT [code=500, msg=xxl-rpc remoting fail, StatusCode(404) invalid. for url : http://localhost:8080/xxl-job-admin/api/callback, content=null]
2026-07-14 19:46:17 [com.xxl.job.core.thread.TriggerCallbackThread#callbackLog]-[197]-[Thread-82] <br>----------- xxl-job job callback fail, callbackResult:ReturnT [code=500, msg=xxl-rpc remoting fail, StatusCode(404) invalid. for url : http://localhost:8080/xxl-job-admin/api/callback, content=null]
2026-07-14 19:46:47 [com.xxl.job.core.thread.TriggerCallbackThread#callbackLog]-[197]-[Thread-82] <br>----------- xxl-job job callback fail, callbackResult:ReturnT [code=500, msg=xxl-rpc remoting fail, StatusCode(404) invalid. for url : http://localhost:8080/xxl-job-admin/api/callback, content=null]
2026-07-14 19:47:17 [com.xxl.job.core.thread.TriggerCallbackThread#callbackLog]-[197]-[Thread-82] <br>----------- xxl-job job callback fail, callbackResult:ReturnT [code=500, msg=xxl-rpc remoting fail, StatusCode(404) invalid. for url : http://localhost:8080/xxl-job-admin/api/callback, content=null]
2026-07-14 19:47:47 [com.xxl.job.core.thread.TriggerCallbackThread#callbackLog]-[197]-[Thread-82] <br>----------- xxl-job job callback fail, callbackResult:ReturnT [code=500, msg=xxl-rpc remoting fail, StatusCode(404) invalid. for url : http://localhost:8080/xxl-job-admin/api/callback, content=null]
2026-07-14 19:48:17 [com.xxl.job.core.thread.TriggerCallbackThread#callbackLog]-[197]-[Thread-82] <br>----------- xxl-job job callback fail, callbackResult:ReturnT [code=500, msg=xxl-rpc remoting fail, StatusCode(404) invalid. for url : http://localhost:8080/xxl-job-admin/api/callback, content=null]
2026-07-14 19:48:47 [com.xxl.job.core.thread.TriggerCallbackThread#callbackLog]-[197]-[Thread-82] <br>----------- xxl-job job callback fail, callbackResult:ReturnT [code=500, msg=xxl-rpc remoting fail, StatusCode(404) invalid. for url : http://localhost:8080/xxl-job-admin/api/callback, content=null]
2026-07-14 19:49:17 [com.xxl.job.core.thread.TriggerCallbackThread#callbackLog]-[197]-[Thread-82] <br>----------- xxl-job job callback fail, callbackResult:ReturnT [code=500, msg=xxl-rpc remoting fail, StatusCode(404) invalid. for url : http://localhost:8080/xxl-job-admin/api/callback, content=null]
2026-07-14 19:49:47 [com.xxl.job.core.thread.TriggerCallbackThread#callbackLog]-[197]-[Thread-82] <br>----------- xxl-job job callback fail, callbackResult:ReturnT [code=500, msg=xxl-rpc remoting fail, StatusCode(404) invalid. for url : http://localhost:8080/xxl-job-admin/api/callback, content=null]
2026-07-14 19:50:17 [com.xxl.job.core.thread.TriggerCallbackThread#callbackLog]-[197]-[Thread-82] <br>----------- xxl-job job callback fail, callbackResult:ReturnT [code=500, msg=xxl-rpc remoting fail, StatusCode(404) invalid. for url : http://localhost:8080/xxl-job-admin/api/callback, content=null]
2026-07-14 19:50:47 [com.xxl.job.core.thread.TriggerCallbackThread#callbackLog]-[197]-[Thread-82] <br>----------- xxl-job job callback fail, callbackResult:ReturnT [code=500, msg=xxl-rpc remoting fail, StatusCode(404) invalid. for url : http://localhost:8080/xxl-job-admin/api/callback, content=null]
2026-07-14 19:51:17 [com.xxl.job.core.thread.TriggerCallbackThread#callbackLog]-[197]-[Thread-82] <br>----------- xxl-job job callback fail, callbackResult:ReturnT [code=500, msg=xxl-rpc remoting fail, StatusCode(404) invalid. for url : http://localhost:8080/xxl-job-admin/api/callback, content=null]
2026-07-14 19:51:47 [com.xxl.job.core.thread.TriggerCallbackThread#callbackLog]-[197]-[Thread-82] <br>----------- xxl-job job callback fail, callbackResult:ReturnT [code=500, msg=xxl-rpc remoting fail, StatusCode(404) invalid. for url : http://localhost:8080/xxl-job-admin/api/callback, content=null]
2026-07-14 19:52:17 [com.xxl.job.core.thread.TriggerCallbackThread#callbackLog]-[197]-[Thread-82] <br>----------- xxl-job job callback fail, callbackResult:ReturnT [code=500, msg=xxl-rpc remoting fail, StatusCode(404) invalid. for url : http://localhost:8080/xxl-job-admin/api/callback, content=null]
2026-07-14 19:52:47 [com.xxl.job.core.thread.TriggerCallbackThread#callbackLog]-[197]-[Thread-82] <br>----------- xxl-job job callback fail, callbackResult:ReturnT [code=500, msg=xxl-rpc remoting fail, StatusCode(404) invalid. for url : http://localhost:8080/xxl-job-admin/api/callback, content=null]
2026-07-14 19:53:17 [com.xxl.job.core.thread.TriggerCallbackThread#callbackLog]-[197]-[Thread-82] <br>----------- xxl-job job callback fail, callbackResult:ReturnT [code=500, msg=xxl-rpc remoting fail, StatusCode(404) invalid. for url : http://localhost:8080/xxl-job-admin/api/callback, content=null]
2026-07-14 19:53:47 [com.xxl.job.core.thread.TriggerCallbackThread#callbackLog]-[197]-[Thread-82] <br>----------- xxl-job job callback fail, callbackResult:ReturnT [code=500, msg=xxl-rpc remoting fail, StatusCode(404) invalid. for url : http://localhost:8080/xxl-job-admin/api/callback, content=null]
2026-07-14 19:54:17 [com.xxl.job.core.thread.TriggerCallbackThread#callbackLog]-[197]-[Thread-82] <br>----------- xxl-job job callback fail, callbackResult:ReturnT [code=500, msg=xxl-rpc remoting fail, StatusCode(404) invalid. for url : http://localhost:8080/xxl-job-admin/api/callback, content=null]
2026-07-14 19:54:47 [com.xxl.job.core.thread.TriggerCallbackThread#callbackLog]-[197]-[Thread-82] <br>----------- xxl-job job callback fail, callbackResult:ReturnT [code=500, msg=xxl-rpc remoting fail, StatusCode(404) invalid. for url : http://localhost:8080/xxl-job-admin/api/callback, content=null]
2026-07-14 19:55:17 [com.xxl.job.core.thread.TriggerCallbackThread#callbackLog]-[197]-[Thread-82] <br>----------- xxl-job job callback fail, callbackResult:ReturnT [code=500, msg=xxl-rpc remoting fail, StatusCode(404) invalid. for url : http://localhost:8080/xxl-job-admin/api/callback, content=null]
2026-07-14 19:55:47 [com.xxl.job.core.thread.TriggerCallbackThread#callbackLog]-[197]-[Thread-82] <br>----------- xxl-job job callback fail, callbackResult:ReturnT [code=500, msg=xxl-rpc remoting fail, StatusCode(404) invalid. for url : http://localhost:8080/xxl-job-admin/api/callback, content=null]
2026-07-14 19:56:17 [com.xxl.job.core.thread.TriggerCallbackThread#callbackLog]-[197]-[Thread-82] <br>----------- xxl-job job callback fail, callbackResult:ReturnT [code=500, msg=xxl-rpc remoting fail, StatusCode(404) invalid. for url : http://localhost:8080/xxl-job-admin/api/callback, content=null]
2026-07-14 19:56:47 [com.xxl.job.core.thread.TriggerCallbackThread#callbackLog]-[197]-[Thread-82] <br>----------- xxl-job job callback fail, callbackResult:ReturnT [code=500, msg=xxl-rpc remoting fail, StatusCode(404) invalid. for url : http://localhost:8080/xxl-job-admin/api/callback, content=null]
2026-07-14 19:57:17 [com.xxl.job.core.thread.TriggerCallbackThread#callbackLog]-[197]-[Thread-82] <br>----------- xxl-job job callback fail, callbackResult:ReturnT [code=500, msg=xxl-rpc remoting fail, StatusCode(404) invalid. for url : http://localhost:8080/xxl-job-admin/api/callback, content=null]
2026-07-14 19:57:47 [com.xxl.job.core.thread.TriggerCallbackThread#callbackLog]-[197]-[Thread-82] <br>----------- xxl-job job callback fail, callbackResult:ReturnT [code=500, msg=xxl-rpc remoting fail, StatusCode(404) invalid. for url : http://localhost:8080/xxl-job-admin/api/callback, content=null]
2026-07-14 19:58:18 [com.xxl.job.core.thread.TriggerCallbackThread#callbackLog]-[197]-[Thread-82] <br>----------- xxl-job job callback fail, callbackResult:ReturnT [code=500, msg=xxl-rpc remoting fail, StatusCode(404) invalid. for url : http://localhost:8080/xxl-job-admin/api/callback, content=null]
2026-07-14 19:58:48 [com.xxl.job.core.thread.TriggerCallbackThread#callbackLog]-[197]-[Thread-82] <br>----------- xxl-job job callback fail, callbackResult:ReturnT [code=500, msg=xxl-rpc remoting fail, StatusCode(404) invalid. for url : http://localhost:8080/xxl-job-admin/api/callback, content=null]
2026-07-14 19:59:18 [com.xxl.job.core.thread.TriggerCallbackThread#callbackLog]-[197]-[Thread-82] <br>----------- xxl-job job callback fail, callbackResult:ReturnT [code=500, msg=xxl-rpc remoting fail, StatusCode(404) invalid. for url : http://localhost:8080/xxl-job-admin/api/callback, content=null]
2026-07-14 19:59:48 [com.xxl.job.core.thread.TriggerCallbackThread#callbackLog]-[197]-[Thread-82] <br>----------- xxl-job job callback fail, callbackResult:ReturnT [code=500, msg=xxl-rpc remoting fail, StatusCode(404) invalid. for url : http://localhost:8080/xxl-job-admin/api/callback, content=null]
2026-07-14 20:00:18 [com.xxl.job.core.thread.TriggerCallbackThread#callbackLog]-[197]-[Thread-82] <br>----------- xxl-job job callback fail, callbackResult:ReturnT [code=500, msg=xxl-rpc remoting fail, StatusCode(404) invalid. for url : http://localhost:8080/xxl-job-admin/api/callback, content=null]
2026-07-14 20:00:48 [com.xxl.job.core.thread.TriggerCallbackThread#callbackLog]-[197]-[Thread-82] <br>----------- xxl-job job callback fail, callbackResult:ReturnT [code=500, msg=xxl-rpc remoting fail, StatusCode(404) invalid. for url : http://localhost:8080/xxl-job-admin/api/callback, content=null]
2026-07-14 20:01:18 [com.xxl.job.core.thread.TriggerCallbackThread#callbackLog]-[197]-[Thread-82] <br>----------- xxl-job job callback fail, callbackResult:ReturnT [code=500, msg=xxl-rpc remoting fail, StatusCode(404) invalid. for url : http://localhost:8080/xxl-job-admin/api/callback, content=null]
2026-07-14 20:01:48 [com.xxl.job.core.thread.TriggerCallbackThread#callbackLog]-[197]-[Thread-82] <br>----------- xxl-job job callback fail, callbackResult:ReturnT [code=500, msg=xxl-rpc remoting fail, StatusCode(404) invalid. for url : http://localhost:8080/xxl-job-admin/api/callback, content=null]
2026-07-14 20:02:18 [com.xxl.job.core.thread.TriggerCallbackThread#callbackLog]-[197]-[Thread-82] <br>----------- xxl-job job callback fail, callbackResult:ReturnT [code=500, msg=xxl-rpc remoting fail, StatusCode(404) invalid. for url : http://localhost:8080/xxl-job-admin/api/callback, content=null]
2026-07-14 20:02:48 [com.xxl.job.core.thread.TriggerCallbackThread#callbackLog]-[197]-[Thread-82] <br>----------- xxl-job job callback fail, callbackResult:ReturnT [code=500, msg=xxl-rpc remoting fail, StatusCode(404) invalid. for url : http://localhost:8080/xxl-job-admin/api/callback, content=null]
2026-07-14 20:03:18 [com.xxl.job.core.thread.TriggerCallbackThread#callbackLog]-[197]-[Thread-82] <br>----------- xxl-job job callback fail, callbackResult:ReturnT [code=500, msg=xxl-rpc remoting fail, StatusCode(404) invalid. for url : http://localhost:8080/xxl-job-admin/api/callback, content=null]
2026-07-14 20:03:48 [com.xxl.job.core.thread.TriggerCallbackThread#callbackLog]-[197]-[Thread-82] <br>----------- xxl-job job callback fail, callbackResult:ReturnT [code=500, msg=xxl-rpc remoting fail, StatusCode(404) invalid. for url : http://localhost:8080/xxl-job-admin/api/callback, content=null]
2026-07-14 20:04:18 [com.xxl.job.core.thread.TriggerCallbackThread#callbackLog]-[197]-[Thread-82] <br>----------- xxl-job job callback fail, callbackResult:ReturnT [code=500, msg=xxl-rpc remoting fail, StatusCode(404) invalid. for url : http://localhost:8080/xxl-job-admin/api/callback, content=null]
2026-07-14 20:04:48 [com.xxl.job.core.thread.TriggerCallbackThread#callbackLog]-[197]-[Thread-82] <br>----------- xxl-job job callback fail, callbackResult:ReturnT [code=500, msg=xxl-rpc remoting fail, StatusCode(404) invalid. for url : http://localhost:8080/xxl-job-admin/api/callback, content=null]
2026-07-14 20:05:18 [com.xxl.job.core.thread.TriggerCallbackThread#callbackLog]-[197]-[Thread-82] <br>----------- xxl-job job callback fail, callbackResult:ReturnT [code=500, msg=xxl-rpc remoting fail, StatusCode(404) invalid. for url : http://localhost:8080/xxl-job-admin/api/callback, content=null]
2026-07-14 20:05:48 [com.xxl.job.core.thread.TriggerCallbackThread#callbackLog]-[197]-[Thread-82] <br>----------- xxl-job job callback fail, callbackResult:ReturnT [code=500, msg=xxl-rpc remoting fail, StatusCode(404) invalid. for url : http://localhost:8080/xxl-job-admin/api/callback, content=null]
2026-07-14 20:06:18 [com.xxl.job.core.thread.TriggerCallbackThread#callbackLog]-[197]-[Thread-82] <br>----------- xxl-job job callback fail, callbackResult:ReturnT [code=500, msg=xxl-rpc remoting fail, StatusCode(404) invalid. for url : http://localhost:8080/xxl-job-admin/api/callback, content=null]
2026-07-14 20:06:48 [com.xxl.job.core.thread.TriggerCallbackThread#callbackLog]-[197]-[Thread-82] <br>----------- xxl-job job callback fail, callbackResult:ReturnT [code=500, msg=xxl-rpc remoting fail, StatusCode(404) invalid. for url : http://localhost:8080/xxl-job-admin/api/callback, content=null]
2026-07-14 20:07:18 [com.xxl.job.core.thread.TriggerCallbackThread#callbackLog]-[197]-[Thread-82] <br>----------- xxl-job job callback fail, callbackResult:ReturnT [code=500, msg=xxl-rpc remoting fail, StatusCode(404) invalid. for url : http://localhost:8080/xxl-job-admin/api/callback, content=null]
2026-07-14 20:07:48 [com.xxl.job.core.thread.TriggerCallbackThread#callbackLog]-[197]-[Thread-82] <br>----------- xxl-job job callback fail, callbackResult:ReturnT [code=500, msg=xxl-rpc remoting fail, StatusCode(404) invalid. for url : http://localhost:8080/xxl-job-admin/api/callback, content=null]
2026-07-14 20:08:18 [com.xxl.job.core.thread.TriggerCallbackThread#callbackLog]-[197]-[Thread-82] <br>----------- xxl-job job callback fail, callbackResult:ReturnT [code=500, msg=xxl-rpc remoting fail, StatusCode(404) invalid. for url : http://localhost:8080/xxl-job-admin/api/callback, content=null]
2026-07-14 20:08:48 [com.xxl.job.core.thread.TriggerCallbackThread#callbackLog]-[197]-[Thread-82] <br>----------- xxl-job job callback fail, callbackResult:ReturnT [code=500, msg=xxl-rpc remoting fail, StatusCode(404) invalid. for url : http://localhost:8080/xxl-job-admin/api/callback, content=null]
2026-07-14 20:09:18 [com.xxl.job.core.thread.TriggerCallbackThread#callbackLog]-[197]-[Thread-82] <br>----------- xxl-job job callback fail, callbackResult:ReturnT [code=500, msg=xxl-rpc remoting fail, StatusCode(404) invalid. for url : http://localhost:8080/xxl-job-admin/api/callback, content=null]
2026-07-14 20:09:48 [com.xxl.job.core.thread.TriggerCallbackThread#callbackLog]-[197]-[Thread-82] <br>----------- xxl-job job callback fail, callbackResult:ReturnT [code=500, msg=xxl-rpc remoting fail, StatusCode(404) invalid. for url : http://localhost:8080/xxl-job-admin/api/callback, content=null]
2026-07-14 20:10:18 [com.xxl.job.core.thread.TriggerCallbackThread#callbackLog]-[197]-[Thread-82] <br>----------- xxl-job job callback fail, callbackResult:ReturnT [code=500, msg=xxl-rpc remoting fail, StatusCode(404) invalid. for url : http://localhost:8080/xxl-job-admin/api/callback, content=null]
2026-07-14 20:10:48 [com.xxl.job.core.thread.TriggerCallbackThread#callbackLog]-[197]-[Thread-82] <br>----------- xxl-job job callback fail, callbackResult:ReturnT [code=500, msg=xxl-rpc remoting fail, StatusCode(404) invalid. for url : http://localhost:8080/xxl-job-admin/api/callback, content=null]
2026-07-14 20:11:18 [com.xxl.job.core.thread.TriggerCallbackThread#callbackLog]-[197]-[Thread-82] <br>----------- xxl-job job callback fail, callbackResult:ReturnT [code=500, msg=xxl-rpc remoting fail, StatusCode(404) invalid. for url : http://localhost:8080/xxl-job-admin/api/callback, content=null]
2026-07-14 20:11:48 [com.xxl.job.core.thread.TriggerCallbackThread#callbackLog]-[197]-[Thread-82] <br>----------- xxl-job job callback fail, callbackResult:ReturnT [code=500, msg=xxl-rpc remoting fail, StatusCode(404) invalid. for url : http://localhost:8080/xxl-job-admin/api/callback, content=null]
2026-07-14 20:12:18 [com.xxl.job.core.thread.TriggerCallbackThread#callbackLog]-[197]-[Thread-82] <br>----------- xxl-job job callback fail, callbackResult:ReturnT [code=500, msg=xxl-rpc remoting fail, StatusCode(404) invalid. for url : http://localhost:8080/xxl-job-admin/api/callback, content=null]
2026-07-14 20:12:48 [com.xxl.job.core.thread.TriggerCallbackThread#callbackLog]-[197]-[Thread-82] <br>----------- xxl-job job callback fail, callbackResult:ReturnT [code=500, msg=xxl-rpc remoting fail, StatusCode(404) invalid. for url : http://localhost:8080/xxl-job-admin/api/callback, content=null]
2026-07-14 20:13:18 [com.xxl.job.core.thread.TriggerCallbackThread#callbackLog]-[197]-[Thread-82] <br>----------- xxl-job job callback fail, callbackResult:ReturnT [code=500, msg=xxl-rpc remoting fail, StatusCode(404) invalid. for url : http://localhost:8080/xxl-job-admin/api/callback, content=null]
2026-07-14 20:13:48 [com.xxl.job.core.thread.TriggerCallbackThread#callbackLog]-[197]-[Thread-82] <br>----------- xxl-job job callback fail, callbackResult:ReturnT [code=500, msg=xxl-rpc remoting fail, StatusCode(404) invalid. for url : http://localhost:8080/xxl-job-admin/api/callback, content=null]
2026-07-14 20:14:18 [com.xxl.job.core.thread.TriggerCallbackThread#callbackLog]-[197]-[Thread-82] <br>----------- xxl-job job callback fail, callbackResult:ReturnT [code=500, msg=xxl-rpc remoting fail, StatusCode(404) invalid. for url : http://localhost:8080/xxl-job-admin/api/callback, content=null]
2026-07-14 20:14:48 [com.xxl.job.core.thread.TriggerCallbackThread#callbackLog]-[197]-[Thread-82] <br>----------- xxl-job job callback fail, callbackResult:ReturnT [code=500, msg=xxl-rpc remoting fail, StatusCode(404) invalid. for url : http://localhost:8080/xxl-job-admin/api/callback, content=null]
2026-07-14 20:15:18 [com.xxl.job.core.thread.TriggerCallbackThread#callbackLog]-[197]-[Thread-82] <br>----------- xxl-job job callback fail, callbackResult:ReturnT [code=500, msg=xxl-rpc remoting fail, StatusCode(404) invalid. for url : http://localhost:8080/xxl-job-admin/api/callback, content=null]
2026-07-14 20:15:48 [com.xxl.job.core.thread.TriggerCallbackThread#callbackLog]-[197]-[Thread-82] <br>----------- xxl-job job callback fail, callbackResult:ReturnT [code=500, msg=xxl-rpc remoting fail, StatusCode(404) invalid. for url : http://localhost:8080/xxl-job-admin/api/callback, content=null]
2026-07-14 20:16:18 [com.xxl.job.core.thread.TriggerCallbackThread#callbackLog]-[197]-[Thread-82] <br>----------- xxl-job job callback fail, callbackResult:ReturnT [code=500, msg=xxl-rpc remoting fail, StatusCode(404) invalid. for url : http://localhost:8080/xxl-job-admin/api/callback, content=null]
2026-07-14 20:16:48 [com.xxl.job.core.thread.TriggerCallbackThread#callbackLog]-[197]-[Thread-82] <br>----------- xxl-job job callback fail, callbackResult:ReturnT [code=500, msg=xxl-rpc remoting fail, StatusCode(404) invalid. for url : http://localhost:8080/xxl-job-admin/api/callback, content=null]
2026-07-14 20:17:18 [com.xxl.job.core.thread.TriggerCallbackThread#callbackLog]-[197]-[Thread-82] <br>----------- xxl-job job callback fail, callbackResult:ReturnT [code=500, msg=xxl-rpc remoting fail, StatusCode(404) invalid. for url : http://localhost:8080/xxl-job-admin/api/callback, content=null]
2026-07-14 20:17:48 [com.xxl.job.core.thread.TriggerCallbackThread#callbackLog]-[197]-[Thread-82] <br>----------- xxl-job job callback fail, callbackResult:ReturnT [code=500, msg=xxl-rpc remoting fail, StatusCode(404) invalid. for url : http://localhost:8080/xxl-job-admin/api/callback, content=null]
2026-07-14 20:18:18 [com.xxl.job.core.thread.TriggerCallbackThread#callbackLog]-[197]-[Thread-82] <br>----------- xxl-job job callback fail, callbackResult:ReturnT [code=500, msg=xxl-rpc remoting fail, StatusCode(404) invalid. for url : http://localhost:8080/xxl-job-admin/api/callback, content=null]
2026-07-14 20:18:48 [com.xxl.job.core.thread.TriggerCallbackThread#callbackLog]-[197]-[Thread-82] <br>----------- xxl-job job callback fail, callbackResult:ReturnT [code=500, msg=xxl-rpc remoting fail, StatusCode(404) invalid. for url : http://localhost:8080/xxl-job-admin/api/callback, content=null]
2026-07-14 20:19:18 [com.xxl.job.core.thread.TriggerCallbackThread#callbackLog]-[197]-[Thread-82] <br>----------- xxl-job job callback fail, callbackResult:ReturnT [code=500, msg=xxl-rpc remoting fail, StatusCode(404) invalid. for url : http://localhost:8080/xxl-job-admin/api/callback, content=null]
2026-07-14 20:19:48 [com.xxl.job.core.thread.TriggerCallbackThread#callbackLog]-[197]-[Thread-82] <br>----------- xxl-job job callback fail, callbackResult:ReturnT [code=500, msg=xxl-rpc remoting fail, StatusCode(404) invalid. for url : http://localhost:8080/xxl-job-admin/api/callback, content=null]
2026-07-14 20:20:18 [com.xxl.job.core.thread.TriggerCallbackThread#callbackLog]-[197]-[Thread-82] <br>----------- xxl-job job callback fail, callbackResult:ReturnT [code=500, msg=xxl-rpc remoting fail, StatusCode(404) invalid. for url : http://localhost:8080/xxl-job-admin/api/callback, content=null]
2026-07-14 20:20:48 [com.xxl.job.core.thread.TriggerCallbackThread#callbackLog]-[197]-[Thread-82] <br>----------- xxl-job job callback fail, callbackResult:ReturnT [code=500, msg=xxl-rpc remoting fail, StatusCode(404) invalid. for url : http://localhost:8080/xxl-job-admin/api/callback, content=null]
2026-07-14 20:21:18 [com.xxl.job.core.thread.TriggerCallbackThread#callbackLog]-[197]-[Thread-82] <br>----------- xxl-job job callback fail, callbackResult:ReturnT [code=500, msg=xxl-rpc remoting fail, StatusCode(404) invalid. for url : http://localhost:8080/xxl-job-admin/api/callback, content=null]
2026-07-14 20:21:48 [com.xxl.job.core.thread.TriggerCallbackThread#callbackLog]-[197]-[Thread-82] <br>----------- xxl-job job callback fail, callbackResult:ReturnT [code=500, msg=xxl-rpc remoting fail, StatusCode(404) invalid. for url : http://localhost:8080/xxl-job-admin/api/callback, content=null]
2026-07-14 20:22:18 [com.xxl.job.core.thread.TriggerCallbackThread#callbackLog]-[197]-[Thread-82] <br>----------- xxl-job job callback fail, callbackResult:ReturnT [code=500, msg=xxl-rpc remoting fail, StatusCode(404) invalid. for url : http://localhost:8080/xxl-job-admin/api/callback, content=null]
2026-07-14 20:22:49 [com.xxl.job.core.thread.TriggerCallbackThread#callbackLog]-[197]-[Thread-82] <br>----------- xxl-job job callback fail, callbackResult:ReturnT [code=500, msg=xxl-rpc remoting fail, StatusCode(404) invalid. for url : http://localhost:8080/xxl-job-admin/api/callback, content=null]
2026-07-14 20:23:19 [com.xxl.job.core.thread.TriggerCallbackThread#callbackLog]-[197]-[Thread-82] <br>----------- xxl-job job callback fail, callbackResult:ReturnT [code=500, msg=xxl-rpc remoting fail, StatusCode(404) invalid. for url : http://localhost:8080/xxl-job-admin/api/callback, content=null]
2026-07-14 20:23:49 [com.xxl.job.core.thread.TriggerCallbackThread#callbackLog]-[197]-[Thread-82] <br>----------- xxl-job job callback fail, callbackResult:ReturnT [code=500, msg=xxl-rpc remoting fail, StatusCode(404) invalid. for url : http://localhost:8080/xxl-job-admin/api/callback, content=null]
2026-07-14 20:24:19 [com.xxl.job.core.thread.TriggerCallbackThread#callbackLog]-[197]-[Thread-82] <br>----------- xxl-job job callback fail, callbackResult:ReturnT [code=500, msg=xxl-rpc remoting fail, StatusCode(404) invalid. for url : http://localhost:8080/xxl-job-admin/api/callback, content=null]
2026-07-14 20:24:49 [com.xxl.job.core.thread.TriggerCallbackThread#callbackLog]-[197]-[Thread-82] <br>----------- xxl-job job callback fail, callbackResult:ReturnT [code=500, msg=xxl-rpc remoting fail, StatusCode(404) invalid. for url : http://localhost:8080/xxl-job-admin/api/callback, content=null]
2026-07-14 20:25:19 [com.xxl.job.core.thread.TriggerCallbackThread#callbackLog]-[197]-[Thread-82] <br>----------- xxl-job job callback fail, callbackResult:ReturnT [code=500, msg=xxl-rpc remoting fail, StatusCode(404) invalid. for url : http://localhost:8080/xxl-job-admin/api/callback, content=null]
2026-07-14 20:25:49 [com.xxl.job.core.thread.TriggerCallbackThread#callbackLog]-[197]-[Thread-82] <br>----------- xxl-job job callback fail, callbackResult:ReturnT [code=500, msg=xxl-rpc remoting fail, StatusCode(404) invalid. for url : http://localhost:8080/xxl-job-admin/api/callback, content=null]
2026-07-14 20:26:19 [com.xxl.job.core.thread.TriggerCallbackThread#callbackLog]-[197]-[Thread-82] <br>----------- xxl-job job callback fail, callbackResult:ReturnT [code=500, msg=xxl-rpc remoting fail, StatusCode(404) invalid. for url : http://localhost:8080/xxl-job-admin/api/callback, content=null]
2026-07-14 20:26:49 [com.xxl.job.core.thread.TriggerCallbackThread#callbackLog]-[197]-[Thread-82] <br>----------- xxl-job job callback fail, callbackResult:ReturnT [code=500, msg=xxl-rpc remoting fail, StatusCode(404) invalid. for url : http://localhost:8080/xxl-job-admin/api/callback, content=null]
2026-07-14 20:27:19 [com.xxl.job.core.thread.TriggerCallbackThread#callbackLog]-[197]-[Thread-82] <br>----------- xxl-job job callback fail, callbackResult:ReturnT [code=500, msg=xxl-rpc remoting fail, StatusCode(404) invalid. for url : http://localhost:8080/xxl-job-admin/api/callback, content=null]
2026-07-14 20:27:49 [com.xxl.job.core.thread.TriggerCallbackThread#callbackLog]-[197]-[Thread-82] <br>----------- xxl-job job callback fail, callbackResult:ReturnT [code=500, msg=xxl-rpc remoting fail, StatusCode(404) invalid. for url : http://localhost:8080/xxl-job-admin/api/callback, content=null]
2026-07-14 20:28:19 [com.xxl.job.core.thread.TriggerCallbackThread#callbackLog]-[197]-[Thread-82] <br>----------- xxl-job job callback fail, callbackResult:ReturnT [code=500, msg=xxl-rpc remoting fail, StatusCode(404) invalid. for url : http://localhost:8080/xxl-job-admin/api/callback, content=null]
2026-07-14 20:28:49 [com.xxl.job.core.thread.TriggerCallbackThread#callbackLog]-[197]-[Thread-82] <br>----------- xxl-job job callback fail, callbackResult:ReturnT [code=500, msg=xxl-rpc remoting fail, StatusCode(404) invalid. for url : http://localhost:8080/xxl-job-admin/api/callback, content=null]
2026-07-14 20:29:19 [com.xxl.job.core.thread.TriggerCallbackThread#callbackLog]-[197]-[Thread-82] <br>----------- xxl-job job callback fail, callbackResult:ReturnT [code=500, msg=xxl-rpc remoting fail, StatusCode(404) invalid. for url : http://localhost:8080/xxl-job-admin/api/callback, content=null]
2026-07-14 20:29:49 [com.xxl.job.core.thread.TriggerCallbackThread#callbackLog]-[197]-[Thread-82] <br>----------- xxl-job job callback fail, callbackResult:ReturnT [code=500, msg=xxl-rpc remoting fail, StatusCode(404) invalid. for url : http://localhost:8080/xxl-job-admin/api/callback, content=null]
2026-07-14 20:30:19 [com.xxl.job.core.thread.TriggerCallbackThread#callbackLog]-[197]-[Thread-82] <br>----------- xxl-job job callback fail, callbackResult:ReturnT [code=500, msg=xxl-rpc remoting fail, StatusCode(404) invalid. for url : http://localhost:8080/xxl-job-admin/api/callback, content=null]
2026-07-14 20:30:49 [com.xxl.job.core.thread.TriggerCallbackThread#callbackLog]-[197]-[Thread-82] <br>----------- xxl-job job callback fail, callbackResult:ReturnT [code=500, msg=xxl-rpc remoting fail, StatusCode(404) invalid. for url : http://localhost:8080/xxl-job-admin/api/callback, content=null]
2026-07-14 20:31:19 [com.xxl.job.core.thread.TriggerCallbackThread#callbackLog]-[197]-[Thread-82] <br>----------- xxl-job job callback fail, callbackResult:ReturnT [code=500, msg=xxl-rpc remoting fail, StatusCode(404) invalid. for url : http://localhost:8080/xxl-job-admin/api/callback, content=null]
2026-07-14 20:31:49 [com.xxl.job.core.thread.TriggerCallbackThread#callbackLog]-[197]-[Thread-82] <br>----------- xxl-job job callback fail, callbackResult:ReturnT [code=500, msg=xxl-rpc remoting fail, StatusCode(404) invalid. for url : http://localhost:8080/xxl-job-admin/api/callback, content=null]
2026-07-14 20:32:19 [com.xxl.job.core.thread.TriggerCallbackThread#callbackLog]-[197]-[Thread-82] <br>----------- xxl-job job callback fail, callbackResult:ReturnT [code=500, msg=xxl-rpc remoting fail, StatusCode(404) invalid. for url : http://localhost:8080/xxl-job-admin/api/callback, content=null]
2026-07-14 20:32:49 [com.xxl.job.core.thread.TriggerCallbackThread#callbackLog]-[197]-[Thread-82] <br>----------- xxl-job job callback fail, callbackResult:ReturnT [code=500, msg=xxl-rpc remoting fail, StatusCode(404) invalid. for url : http://localhost:8080/xxl-job-admin/api/callback, content=null]
2026-07-14 20:33:19 [com.xxl.job.core.thread.TriggerCallbackThread#callbackLog]-[197]-[Thread-82] <br>----------- xxl-job job callback fail, callbackResult:ReturnT [code=500, msg=xxl-rpc remoting fail, StatusCode(404) invalid. for url : http://localhost:8080/xxl-job-admin/api/callback, content=null]
2026-07-14 20:33:49 [com.xxl.job.core.thread.TriggerCallbackThread#callbackLog]-[197]-[Thread-82] <br>----------- xxl-job job callback fail, callbackResult:ReturnT [code=500, msg=xxl-rpc remoting fail, StatusCode(404) invalid. for url : http://localhost:8080/xxl-job-admin/api/callback, content=null]
2026-07-14 20:34:19 [com.xxl.job.core.thread.TriggerCallbackThread#callbackLog]-[197]-[Thread-82] <br>----------- xxl-job job callback fail, callbackResult:ReturnT [code=500, msg=xxl-rpc remoting fail, StatusCode(404) invalid. for url : http://localhost:8080/xxl-job-admin/api/callback, content=null]
2026-07-14 20:34:49 [com.xxl.job.core.thread.TriggerCallbackThread#callbackLog]-[197]-[Thread-82] <br>----------- xxl-job job callback fail, callbackResult:ReturnT [code=500, msg=xxl-rpc remoting fail, StatusCode(404) invalid. for url : http://localhost:8080/xxl-job-admin/api/callback, content=null]
2026-07-14 20:35:19 [com.xxl.job.core.thread.TriggerCallbackThread#callbackLog]-[197]-[Thread-82] <br>----------- xxl-job job callback fail, callbackResult:ReturnT [code=500, msg=xxl-rpc remoting fail, StatusCode(404) invalid. for url : http://localhost:8080/xxl-job-admin/api/callback, content=null]
2026-07-14 20:35:49 [com.xxl.job.core.thread.TriggerCallbackThread#callbackLog]-[197]-[Thread-82] <br>----------- xxl-job job callback fail, callbackResult:ReturnT [code=500, msg=xxl-rpc remoting fail, StatusCode(404) invalid. for url : http://localhost:8080/xxl-job-admin/api/callback, content=null]
2026-07-14 20:36:19 [com.xxl.job.core.thread.TriggerCallbackThread#callbackLog]-[197]-[Thread-82] <br>----------- xxl-job job callback fail, callbackResult:ReturnT [code=500, msg=xxl-rpc remoting fail, StatusCode(404) invalid. for url : http://localhost:8080/xxl-job-admin/api/callback, content=null]
2026-07-14 20:36:49 [com.xxl.job.core.thread.TriggerCallbackThread#callbackLog]-[197]-[Thread-82] <br>----------- xxl-job job callback fail, callbackResult:ReturnT [code=500, msg=xxl-rpc remoting fail, StatusCode(404) invalid. for url : http://localhost:8080/xxl-job-admin/api/callback, content=null]
2026-07-14 20:37:19 [com.xxl.job.core.thread.TriggerCallbackThread#callbackLog]-[197]-[Thread-82] <br>----------- xxl-job job callback fail, callbackResult:ReturnT [code=500, msg=xxl-rpc remoting fail, StatusCode(404) invalid. for url : http://localhost:8080/xxl-job-admin/api/callback, content=null]
2026-07-14 20:37:49 [com.xxl.job.core.thread.TriggerCallbackThread#callbackLog]-[197]-[Thread-82] <br>----------- xxl-job job callback fail, callbackResult:ReturnT [code=500, msg=xxl-rpc remoting fail, StatusCode(404) invalid. for url : http://localhost:8080/xxl-job-admin/api/callback, content=null]
2026-07-14 20:38:19 [com.xxl.job.core.thread.TriggerCallbackThread#callbackLog]-[197]-[Thread-82] <br>----------- xxl-job job callback fail, callbackResult:ReturnT [code=500, msg=xxl-rpc remoting fail, StatusCode(404) invalid. for url : http://localhost:8080/xxl-job-admin/api/callback, content=null]
2026-07-14 20:38:49 [com.xxl.job.core.thread.TriggerCallbackThread#callbackLog]-[197]-[Thread-82] <br>----------- xxl-job job callback fail, callbackResult:ReturnT [code=500, msg=xxl-rpc remoting fail, StatusCode(404) invalid. for url : http://localhost:8080/xxl-job-admin/api/callback, content=null]
2026-07-14 20:39:19 [com.xxl.job.core.thread.TriggerCallbackThread#callbackLog]-[197]-[Thread-82] <br>----------- xxl-job job callback fail, callbackResult:ReturnT [code=500, msg=xxl-rpc remoting fail, StatusCode(404) invalid. for url : http://localhost:8080/xxl-job-admin/api/callback, content=null]
2026-07-14 20:39:49 [com.xxl.job.core.thread.TriggerCallbackThread#callbackLog]-[197]-[Thread-82] <br>----------- xxl-job job callback fail, callbackResult:ReturnT [code=500, msg=xxl-rpc remoting fail, StatusCode(404) invalid. for url : http://localhost:8080/xxl-job-admin/api/callback, content=null]
2026-07-14 20:40:19 [com.xxl.job.core.thread.TriggerCallbackThread#callbackLog]-[197]-[Thread-82] <br>----------- xxl-job job callback fail, callbackResult:ReturnT [code=500, msg=xxl-rpc remoting fail, StatusCode(404) invalid. for url : http://localhost:8080/xxl-job-admin/api/callback, content=null]
2026-07-14 20:40:49 [com.xxl.job.core.thread.TriggerCallbackThread#callbackLog]-[197]-[Thread-82] <br>----------- xxl-job job callback fail, callbackResult:ReturnT [code=500, msg=xxl-rpc remoting fail, StatusCode(404) invalid. for url : http://localhost:8080/xxl-job-admin/api/callback, content=null]
2026-07-14 20:41:19 [com.xxl.job.core.thread.TriggerCallbackThread#callbackLog]-[197]-[Thread-82] <br>----------- xxl-job job callback fail, callbackResult:ReturnT [code=500, msg=xxl-rpc remoting fail, StatusCode(404) invalid. for url : http://localhost:8080/xxl-job-admin/api/callback, content=null]
2026-07-14 20:41:49 [com.xxl.job.core.thread.TriggerCallbackThread#callbackLog]-[197]-[Thread-82] <br>----------- xxl-job job callback fail, callbackResult:ReturnT [code=500, msg=xxl-rpc remoting fail, StatusCode(404) invalid. for url : http://localhost:8080/xxl-job-admin/api/callback, content=null]
2026-07-14 20:42:20 [com.xxl.job.core.thread.TriggerCallbackThread#callbackLog]-[197]-[Thread-82] <br>----------- xxl-job job callback fail, callbackResult:ReturnT [code=500, msg=xxl-rpc remoting fail, StatusCode(404) invalid. for url : http://localhost:8080/xxl-job-admin/api/callback, content=null]
2026-07-14 20:42:50 [com.xxl.job.core.thread.TriggerCallbackThread#callbackLog]-[197]-[Thread-82] <br>----------- xxl-job job callback fail, callbackResult:ReturnT [code=500, msg=xxl-rpc remoting fail, StatusCode(404) invalid. for url : http://localhost:8080/xxl-job-admin/api/callback, content=null]
2026-07-14 20:43:20 [com.xxl.job.core.thread.TriggerCallbackThread#callbackLog]-[197]-[Thread-82] <br>----------- xxl-job job callback fail, callbackResult:ReturnT [code=500, msg=xxl-rpc remoting fail, StatusCode(404) invalid. for url : http://localhost:8080/xxl-job-admin/api/callback, content=null]
2026-07-14 20:43:50 [com.xxl.job.core.thread.TriggerCallbackThread#callbackLog]-[197]-[Thread-82] <br>----------- xxl-job job callback fail, callbackResult:ReturnT [code=500, msg=xxl-rpc remoting fail, StatusCode(404) invalid. for url : http://localhost:8080/xxl-job-admin/api/callback, content=null]
2026-07-14 20:44:20 [com.xxl.job.core.thread.TriggerCallbackThread#callbackLog]-[197]-[Thread-82] <br>----------- xxl-job job callback fail, callbackResult:ReturnT [code=500, msg=xxl-rpc remoting fail, StatusCode(404) invalid. for url : http://localhost:8080/xxl-job-admin/api/callback, content=null]
2026-07-14 20:44:50 [com.xxl.job.core.thread.TriggerCallbackThread#callbackLog]-[197]-[Thread-82] <br>----------- xxl-job job callback fail, callbackResult:ReturnT [code=500, msg=xxl-rpc remoting fail, StatusCode(404) invalid. for url : http://localhost:8080/xxl-job-admin/api/callback, content=null]
2026-07-14 20:45:20 [com.xxl.job.core.thread.TriggerCallbackThread#callbackLog]-[197]-[Thread-82] <br>----------- xxl-job job callback fail, callbackResult:ReturnT [code=500, msg=xxl-rpc remoting fail, StatusCode(404) invalid. for url : http://localhost:8080/xxl-job-admin/api/callback, content=null]
2026-07-14 20:45:50 [com.xxl.job.core.thread.TriggerCallbackThread#callbackLog]-[197]-[Thread-82] <br>----------- xxl-job job callback fail, callbackResult:ReturnT [code=500, msg=xxl-rpc remoting fail, StatusCode(404) invalid. for url : http://localhost:8080/xxl-job-admin/api/callback, content=null]
2026-07-14 20:46:20 [com.xxl.job.core.thread.TriggerCallbackThread#callbackLog]-[197]-[Thread-82] <br>----------- xxl-job job callback fail, callbackResult:ReturnT [code=500, msg=xxl-rpc remoting fail, StatusCode(404) invalid. for url : http://localhost:8080/xxl-job-admin/api/callback, content=null]
2026-07-14 20:46:50 [com.xxl.job.core.thread.TriggerCallbackThread#callbackLog]-[197]-[Thread-82] <br>----------- xxl-job job callback fail, callbackResult:ReturnT [code=500, msg=xxl-rpc remoting fail, StatusCode(404) invalid. for url : http://localhost:8080/xxl-job-admin/api/callback, content=null]
2026-07-14 20:47:20 [com.xxl.job.core.thread.TriggerCallbackThread#callbackLog]-[197]-[Thread-82] <br>----------- xxl-job job callback fail, callbackResult:ReturnT [code=500, msg=xxl-rpc remoting fail, StatusCode(404) invalid. for url : http://localhost:8080/xxl-job-admin/api/callback, content=null]
2026-07-14 20:47:50 [com.xxl.job.core.thread.TriggerCallbackThread#callbackLog]-[197]-[Thread-82] <br>----------- xxl-job job callback fail, callbackResult:ReturnT [code=500, msg=xxl-rpc remoting fail, StatusCode(404) invalid. for url : http://localhost:8080/xxl-job-admin/api/callback, content=null]
2026-07-14 20:48:20 [com.xxl.job.core.thread.TriggerCallbackThread#callbackLog]-[197]-[Thread-82] <br>----------- xxl-job job callback fail, callbackResult:ReturnT [code=500, msg=xxl-rpc remoting fail, StatusCode(404) invalid. for url : http://localhost:8080/xxl-job-admin/api/callback, content=null]
2026-07-14 20:48:50 [com.xxl.job.core.thread.TriggerCallbackThread#callbackLog]-[197]-[Thread-82] <br>----------- xxl-job job callback fail, callbackResult:ReturnT [code=500, msg=xxl-rpc remoting fail, StatusCode(404) invalid. for url : http://localhost:8080/xxl-job-admin/api/callback, content=null]
2026-07-14 20:49:20 [com.xxl.job.core.thread.TriggerCallbackThread#callbackLog]-[197]-[Thread-82] <br>----------- xxl-job job callback fail, callbackResult:ReturnT [code=500, msg=xxl-rpc remoting fail, StatusCode(404) invalid. for url : http://localhost:8080/xxl-job-admin/api/callback, content=null]
2026-07-14 20:49:50 [com.xxl.job.core.thread.TriggerCallbackThread#callbackLog]-[197]-[Thread-82] <br>----------- xxl-job job callback fail, callbackResult:ReturnT [code=500, msg=xxl-rpc remoting fail, StatusCode(404) invalid. for url : http://localhost:8080/xxl-job-admin/api/callback, content=null]
2026-07-14 20:50:20 [com.xxl.job.core.thread.TriggerCallbackThread#callbackLog]-[197]-[Thread-82] <br>----------- xxl-job job callback fail, callbackResult:ReturnT [code=500, msg=xxl-rpc remoting fail, StatusCode(404) invalid. for url : http://localhost:8080/xxl-job-admin/api/callback, content=null]
2026-07-14 20:50:50 [com.xxl.job.core.thread.TriggerCallbackThread#callbackLog]-[197]-[Thread-82] <br>----------- xxl-job job callback fail, callbackResult:ReturnT [code=500, msg=xxl-rpc remoting fail, StatusCode(404) invalid. for url : http://localhost:8080/xxl-job-admin/api/callback, content=null]
2026-07-14 20:51:20 [com.xxl.job.core.thread.TriggerCallbackThread#callbackLog]-[197]-[Thread-82] <br>----------- xxl-job job callback fail, callbackResult:ReturnT [code=500, msg=xxl-rpc remoting fail, StatusCode(404) invalid. for url : http://localhost:8080/xxl-job-admin/api/callback, content=null]
2026-07-14 20:51:50 [com.xxl.job.core.thread.TriggerCallbackThread#callbackLog]-[197]-[Thread-82] <br>----------- xxl-job job callback fail, callbackResult:ReturnT [code=500, msg=xxl-rpc remoting fail, StatusCode(404) invalid. for url : http://localhost:8080/xxl-job-admin/api/callback, content=null]
2026-07-14 20:52:20 [com.xxl.job.core.thread.TriggerCallbackThread#callbackLog]-[197]-[Thread-82] <br>----------- xxl-job job callback fail, callbackResult:ReturnT [code=500, msg=xxl-rpc remoting fail, StatusCode(404) invalid. for url : http://localhost:8080/xxl-job-admin/api/callback, content=null]
2026-07-14 20:52:50 [com.xxl.job.core.thread.TriggerCallbackThread#callbackLog]-[197]-[Thread-82] <br>----------- xxl-job job callback fail, callbackResult:ReturnT [code=500, msg=xxl-rpc remoting fail, StatusCode(404) invalid. for url : http://localhost:8080/xxl-job-admin/api/callback, content=null]
2026-07-14 20:53:20 [com.xxl.job.core.thread.TriggerCallbackThread#callbackLog]-[197]-[Thread-82] <br>----------- xxl-job job callback fail, callbackResult:ReturnT [code=500, msg=xxl-rpc remoting fail, StatusCode(404) invalid. for url : http://localhost:8080/xxl-job-admin/api/callback, content=null]
2026-07-14 20:53:50 [com.xxl.job.core.thread.TriggerCallbackThread#callbackLog]-[197]-[Thread-82] <br>----------- xxl-job job callback fail, callbackResult:ReturnT [code=500, msg=xxl-rpc remoting fail, StatusCode(404) invalid. for url : http://localhost:8080/xxl-job-admin/api/callback, content=null]
2026-07-14 20:54:20 [com.xxl.job.core.thread.TriggerCallbackThread#callbackLog]-[197]-[Thread-82] <br>----------- xxl-job job callback fail, callbackResult:ReturnT [code=500, msg=xxl-rpc remoting fail, StatusCode(404) invalid. for url : http://localhost:8080/xxl-job-admin/api/callback, content=null]
2026-07-14 20:54:50 [com.xxl.job.core.thread.TriggerCallbackThread#callbackLog]-[197]-[Thread-82] <br>----------- xxl-job job callback fail, callbackResult:ReturnT [code=500, msg=xxl-rpc remoting fail, StatusCode(404) invalid. for url : http://localhost:8080/xxl-job-admin/api/callback, content=null]
2026-07-14 20:55:21 [com.xxl.job.core.thread.TriggerCallbackThread#callbackLog]-[197]-[Thread-82] <br>----------- xxl-job job callback fail, callbackResult:ReturnT [code=500, msg=xxl-rpc remoting fail, StatusCode(404) invalid. for url : http://localhost:8080/xxl-job-admin/api/callback, content=null]
2026-07-14 20:55:51 [com.xxl.job.core.thread.TriggerCallbackThread#callbackLog]-[197]-[Thread-82] <br>----------- xxl-job job callback fail, callbackResult:ReturnT [code=500, msg=xxl-rpc remoting fail, StatusCode(404) invalid. for url : http://localhost:8080/xxl-job-admin/api/callback, content=null]
2026-07-14 20:56:21 [com.xxl.job.core.thread.TriggerCallbackThread#callbackLog]-[197]-[Thread-82] <br>----------- xxl-job job callback fail, callbackResult:ReturnT [code=500, msg=xxl-rpc remoting fail, StatusCode(404) invalid. for url : http://localhost:8080/xxl-job-admin/api/callback, content=null]
2026-07-14 20:56:51 [com.xxl.job.core.thread.TriggerCallbackThread#callbackLog]-[197]-[Thread-82] <br>----------- xxl-job job callback fail, callbackResult:ReturnT [code=500, msg=xxl-rpc remoting fail, StatusCode(404) invalid. for url : http://localhost:8080/xxl-job-admin/api/callback, content=null]
2026-07-14 20:57:21 [com.xxl.job.core.thread.TriggerCallbackThread#callbackLog]-[197]-[Thread-82] <br>----------- xxl-job job callback fail, callbackResult:ReturnT [code=500, msg=xxl-rpc remoting fail, StatusCode(404) invalid. for url : http://localhost:8080/xxl-job-admin/api/callback, content=null]
2026-07-14 20:57:51 [com.xxl.job.core.thread.TriggerCallbackThread#callbackLog]-[197]-[Thread-82] <br>----------- xxl-job job callback fail, callbackResult:ReturnT [code=500, msg=xxl-rpc remoting fail, StatusCode(404) invalid. for url : http://localhost:8080/xxl-job-admin/api/callback, content=null]
2026-07-14 20:58:21 [com.xxl.job.core.thread.TriggerCallbackThread#callbackLog]-[197]-[Thread-82] <br>----------- xxl-job job callback fail, callbackResult:ReturnT [code=500, msg=xxl-rpc remoting fail, StatusCode(404) invalid. for url : http://localhost:8080/xxl-job-admin/api/callback, content=null]
2026-07-14 20:58:51 [com.xxl.job.core.thread.TriggerCallbackThread#callbackLog]-[197]-[Thread-82] <br>----------- xxl-job job callback fail, callbackResult:ReturnT [code=500, msg=xxl-rpc remoting fail, StatusCode(404) invalid. for url : http://localhost:8080/xxl-job-admin/api/callback, content=null]
2026-07-14 20:59:21 [com.xxl.job.core.thread.TriggerCallbackThread#callbackLog]-[197]-[Thread-82] <br>----------- xxl-job job callback fail, callbackResult:ReturnT [code=500, msg=xxl-rpc remoting fail, StatusCode(404) invalid. for url : http://localhost:8080/xxl-job-admin/api/callback, content=null]
2026-07-14 20:59:51 [com.xxl.job.core.thread.TriggerCallbackThread#callbackLog]-[197]-[Thread-82] <br>----------- xxl-job job callback fail, callbackResult:ReturnT [code=500, msg=xxl-rpc remoting fail, StatusCode(404) invalid. for url : http://localhost:8080/xxl-job-admin/api/callback, content=null]
2026-07-14 21:00:21 [com.xxl.job.core.thread.TriggerCallbackThread#callbackLog]-[197]-[Thread-82] <br>----------- xxl-job job callback fail, callbackResult:ReturnT [code=500, msg=xxl-rpc remoting fail, StatusCode(404) invalid. for url : http://localhost:8080/xxl-job-admin/api/callback, content=null]
2026-07-14 21:00:51 [com.xxl.job.core.thread.TriggerCallbackThread#callbackLog]-[197]-[Thread-82] <br>----------- xxl-job job callback fail, callbackResult:ReturnT [code=500, msg=xxl-rpc remoting fail, StatusCode(404) invalid. for url : http://localhost:8080/xxl-job-admin/api/callback, content=null]
2026-07-14 21:01:21 [com.xxl.job.core.thread.TriggerCallbackThread#callbackLog]-[197]-[Thread-82] <br>----------- xxl-job job callback fail, callbackResult:ReturnT [code=500, msg=xxl-rpc remoting fail, StatusCode(404) invalid. for url : http://localhost:8080/xxl-job-admin/api/callback, content=null]
2026-07-14 21:01:51 [com.xxl.job.core.thread.TriggerCallbackThread#callbackLog]-[197]-[Thread-82] <br>----------- xxl-job job callback fail, callbackResult:ReturnT [code=500, msg=xxl-rpc remoting fail, StatusCode(404) invalid. for url : http://localhost:8080/xxl-job-admin/api/callback, content=null]
2026-07-14 21:02:21 [com.xxl.job.core.thread.TriggerCallbackThread#callbackLog]-[197]-[Thread-82] <br>----------- xxl-job job callback fail, callbackResult:ReturnT [code=500, msg=xxl-rpc remoting fail, StatusCode(404) invalid. for url : http://localhost:8080/xxl-job-admin/api/callback, content=null]
2026-07-14 21:02:51 [com.xxl.job.core.thread.TriggerCallbackThread#callbackLog]-[197]-[Thread-82] <br>----------- xxl-job job callback fail, callbackResult:ReturnT [code=500, msg=xxl-rpc remoting fail, StatusCode(404) invalid. for url : http://localhost:8080/xxl-job-admin/api/callback, content=null]
2026-07-14 21:03:21 [com.xxl.job.core.thread.TriggerCallbackThread#callbackLog]-[197]-[Thread-82] <br>----------- xxl-job job callback fail, callbackResult:ReturnT [code=500, msg=xxl-rpc remoting fail, StatusCode(404) invalid. for url : http://localhost:8080/xxl-job-admin/api/callback, content=null]
2026-07-14 21:03:51 [com.xxl.job.core.thread.TriggerCallbackThread#callbackLog]-[197]-[Thread-82] <br>----------- xxl-job job callback fail, callbackResult:ReturnT [code=500, msg=xxl-rpc remoting fail, StatusCode(404) invalid. for url : http://localhost:8080/xxl-job-admin/api/callback, content=null]
2026-07-14 21:04:21 [com.xxl.job.core.thread.TriggerCallbackThread#callbackLog]-[197]-[Thread-82] <br>----------- xxl-job job callback fail, callbackResult:ReturnT [code=500, msg=xxl-rpc remoting fail, StatusCode(404) invalid. for url : http://localhost:8080/xxl-job-admin/api/callback, content=null]
2026-07-14 21:04:51 [com.xxl.job.core.thread.TriggerCallbackThread#callbackLog]-[197]-[Thread-82] <br>----------- xxl-job job callback fail, callbackResult:ReturnT [code=500, msg=xxl-rpc remoting fail, StatusCode(404) invalid. for url : http://localhost:8080/xxl-job-admin/api/callback, content=null]
2026-07-14 21:05:21 [com.xxl.job.core.thread.TriggerCallbackThread#callbackLog]-[197]-[Thread-82] <br>----------- xxl-job job callback fail, callbackResult:ReturnT [code=500, msg=xxl-rpc remoting fail, StatusCode(404) invalid. for url : http://localhost:8080/xxl-job-admin/api/callback, content=null]
2026-07-14 21:05:51 [com.xxl.job.core.thread.TriggerCallbackThread#callbackLog]-[197]-[Thread-82] <br>----------- xxl-job job callback fail, callbackResult:ReturnT [code=500, msg=xxl-rpc remoting fail, StatusCode(404) invalid. for url : http://localhost:8080/xxl-job-admin/api/callback, content=null]
2026-07-14 21:06:21 [com.xxl.job.core.thread.TriggerCallbackThread#callbackLog]-[197]-[Thread-82] <br>----------- xxl-job job callback fail, callbackResult:ReturnT [code=500, msg=xxl-rpc remoting fail, StatusCode(404) invalid. for url : http://localhost:8080/xxl-job-admin/api/callback, content=null]
2026-07-14 21:06:51 [com.xxl.job.core.thread.TriggerCallbackThread#callbackLog]-[197]-[Thread-82] <br>----------- xxl-job job callback fail, callbackResult:ReturnT [code=500, msg=xxl-rpc remoting fail, StatusCode(404) invalid. for url : http://localhost:8080/xxl-job-admin/api/callback, content=null]
2026-07-14 21:07:21 [com.xxl.job.core.thread.TriggerCallbackThread#callbackLog]-[197]-[Thread-82] <br>----------- xxl-job job callback fail, callbackResult:ReturnT [code=500, msg=xxl-rpc remoting fail, StatusCode(404) invalid. for url : http://localhost:8080/xxl-job-admin/api/callback, content=null]
2026-07-14 21:07:51 [com.xxl.job.core.thread.TriggerCallbackThread#callbackLog]-[197]-[Thread-82] <br>----------- xxl-job job callback fail, callbackResult:ReturnT [code=500, msg=xxl-rpc remoting fail, StatusCode(404) invalid. for url : http://localhost:8080/xxl-job-admin/api/callback, content=null]
2026-07-14 21:08:21 [com.xxl.job.core.thread.TriggerCallbackThread#callbackLog]-[197]-[Thread-82] <br>----------- xxl-job job callback fail, callbackResult:ReturnT [code=500, msg=xxl-rpc remoting fail, StatusCode(404) invalid. for url : http://localhost:8080/xxl-job-admin/api/callback, content=null]
2026-07-14 21:08:51 [com.xxl.job.core.thread.TriggerCallbackThread#callbackLog]-[197]-[Thread-82] <br>----------- xxl-job job callback fail, callbackResult:ReturnT [code=500, msg=xxl-rpc remoting fail, StatusCode(404) invalid. for url : http://localhost:8080/xxl-job-admin/api/callback, content=null]
2026-07-14 21:09:21 [com.xxl.job.core.thread.TriggerCallbackThread#callbackLog]-[197]-[Thread-82] <br>----------- xxl-job job callback fail, callbackResult:ReturnT [code=500, msg=xxl-rpc remoting fail, StatusCode(404) invalid. for url : http://localhost:8080/xxl-job-admin/api/callback, content=null]
2026-07-14 21:09:51 [com.xxl.job.core.thread.TriggerCallbackThread#callbackLog]-[197]-[Thread-82] <br>----------- xxl-job job callback fail, callbackResult:ReturnT [code=500, msg=xxl-rpc remoting fail, StatusCode(404) invalid. for url : http://localhost:8080/xxl-job-admin/api/callback, content=null]
2026-07-14 21:10:21 [com.xxl.job.core.thread.TriggerCallbackThread#callbackLog]-[197]-[Thread-82] <br>----------- xxl-job job callback fail, callbackResult:ReturnT [code=500, msg=xxl-rpc remoting fail, StatusCode(404) invalid. for url : http://localhost:8080/xxl-job-admin/api/callback, content=null]
2026-07-14 21:10:51 [com.xxl.job.core.thread.TriggerCallbackThread#callbackLog]-[197]-[Thread-82] <br>----------- xxl-job job callback fail, callbackResult:ReturnT [code=500, msg=xxl-rpc remoting fail, StatusCode(404) invalid. for url : http://localhost:8080/xxl-job-admin/api/callback, content=null]
2026-07-14 21:11:21 [com.xxl.job.core.thread.TriggerCallbackThread#callbackLog]-[197]-[Thread-82] <br>----------- xxl-job job callback fail, callbackResult:ReturnT [code=500, msg=xxl-rpc remoting fail, StatusCode(404) invalid. for url : http://localhost:8080/xxl-job-admin/api/callback, content=null]
2026-07-14 21:11:51 [com.xxl.job.core.thread.TriggerCallbackThread#callbackLog]-[197]-[Thread-82] <br>----------- xxl-job job callback fail, callbackResult:ReturnT [code=500, msg=xxl-rpc remoting fail, StatusCode(404) invalid. for url : http://localhost:8080/xxl-job-admin/api/callback, content=null]
2026-07-14 21:12:21 [com.xxl.job.core.thread.TriggerCallbackThread#callbackLog]-[197]-[Thread-82] <br>----------- xxl-job job callback fail, callbackResult:ReturnT [code=500, msg=xxl-rpc remoting fail, StatusCode(404) invalid. for url : http://localhost:8080/xxl-job-admin/api/callback, content=null]
2026-07-14 21:12:51 [com.xxl.job.core.thread.TriggerCallbackThread#callbackLog]-[197]-[Thread-82] <br>----------- xxl-job job callback fail, callbackResult:ReturnT [code=500, msg=xxl-rpc remoting fail, StatusCode(404) invalid. for url : http://localhost:8080/xxl-job-admin/api/callback, content=null]
2026-07-14 21:13:21 [com.xxl.job.core.thread.TriggerCallbackThread#callbackLog]-[197]-[Thread-82] <br>----------- xxl-job job callback fail, callbackResult:ReturnT [code=500, msg=xxl-rpc remoting fail, StatusCode(404) invalid. for url : http://localhost:8080/xxl-job-admin/api/callback, content=null]
2026-07-14 21:13:51 [com.xxl.job.core.thread.TriggerCallbackThread#callbackLog]-[197]-[Thread-82] <br>----------- xxl-job job callback fail, callbackResult:ReturnT [code=500, msg=xxl-rpc remoting fail, StatusCode(404) invalid. for url : http://localhost:8080/xxl-job-admin/api/callback, content=null]
2026-07-14 21:14:21 [com.xxl.job.core.thread.TriggerCallbackThread#callbackLog]-[197]-[Thread-82] <br>----------- xxl-job job callback fail, callbackResult:ReturnT [code=500, msg=xxl-rpc remoting fail, StatusCode(404) invalid. for url : http://localhost:8080/xxl-job-admin/api/callback, content=null]
2026-07-14 21:14:51 [com.xxl.job.core.thread.TriggerCallbackThread#callbackLog]-[197]-[Thread-82] <br>----------- xxl-job job callback fail, callbackResult:ReturnT [code=500, msg=xxl-rpc remoting fail, StatusCode(404) invalid. for url : http://localhost:8080/xxl-job-admin/api/callback, content=null]
2026-07-14 21:15:22 [com.xxl.job.core.thread.TriggerCallbackThread#callbackLog]-[197]-[Thread-82] <br>----------- xxl-job job callback fail, callbackResult:ReturnT [code=500, msg=xxl-rpc remoting fail, StatusCode(404) invalid. for url : http://localhost:8080/xxl-job-admin/api/callback, content=null]
2026-07-14 21:15:52 [com.xxl.job.core.thread.TriggerCallbackThread#callbackLog]-[197]-[Thread-82] <br>----------- xxl-job job callback fail, callbackResult:ReturnT [code=500, msg=xxl-rpc remoting fail, StatusCode(404) invalid. for url : http://localhost:8080/xxl-job-admin/api/callback, content=null]
2026-07-14 21:16:22 [com.xxl.job.core.thread.TriggerCallbackThread#callbackLog]-[197]-[Thread-82] <br>----------- xxl-job job callback fail, callbackResult:ReturnT [code=500, msg=xxl-rpc remoting fail, StatusCode(404) invalid. for url : http://localhost:8080/xxl-job-admin/api/callback, content=null]
2026-07-14 21:16:52 [com.xxl.job.core.thread.TriggerCallbackThread#callbackLog]-[197]-[Thread-82] <br>----------- xxl-job job callback fail, callbackResult:ReturnT [code=500, msg=xxl-rpc remoting fail, StatusCode(404) invalid. for url : http://localhost:8080/xxl-job-admin/api/callback, content=null]
2026-07-14 21:17:22 [com.xxl.job.core.thread.TriggerCallbackThread#callbackLog]-[197]-[Thread-82] <br>----------- xxl-job job callback fail, callbackResult:ReturnT [code=500, msg=xxl-rpc remoting fail, StatusCode(404) invalid. for url : http://localhost:8080/xxl-job-admin/api/callback, content=null]
2026-07-14 21:17:52 [com.xxl.job.core.thread.TriggerCallbackThread#callbackLog]-[197]-[Thread-82] <br>----------- xxl-job job callback fail, callbackResult:ReturnT [code=500, msg=xxl-rpc remoting fail, StatusCode(404) invalid. for url : http://localhost:8080/xxl-job-admin/api/callback, content=null]
2026-07-14 21:18:22 [com.xxl.job.core.thread.TriggerCallbackThread#callbackLog]-[197]-[Thread-82] <br>----------- xxl-job job callback fail, callbackResult:ReturnT [code=500, msg=xxl-rpc remoting fail, StatusCode(404) invalid. for url : http://localhost:8080/xxl-job-admin/api/callback, content=null]
2026-07-14 21:18:52 [com.xxl.job.core.thread.TriggerCallbackThread#callbackLog]-[197]-[Thread-82] <br>----------- xxl-job job callback fail, callbackResult:ReturnT [code=500, msg=xxl-rpc remoting fail, StatusCode(404) invalid. for url : http://localhost:8080/xxl-job-admin/api/callback, content=null]
2026-07-14 21:19:22 [com.xxl.job.core.thread.TriggerCallbackThread#callbackLog]-[197]-[Thread-82] <br>----------- xxl-job job callback fail, callbackResult:ReturnT [code=500, msg=xxl-rpc remoting fail, StatusCode(404) invalid. for url : http://localhost:8080/xxl-job-admin/api/callback, content=null]
2026-07-14 21:19:52 [com.xxl.job.core.thread.TriggerCallbackThread#callbackLog]-[197]-[Thread-82] <br>----------- xxl-job job callback fail, callbackResult:ReturnT [code=500, msg=xxl-rpc remoting fail, StatusCode(404) invalid. for url : http://localhost:8080/xxl-job-admin/api/callback, content=null]
2026-07-14 21:20:22 [com.xxl.job.core.thread.TriggerCallbackThread#callbackLog]-[197]-[Thread-82] <br>----------- xxl-job job callback fail, callbackResult:ReturnT [code=500, msg=xxl-rpc remoting fail, StatusCode(404) invalid. for url : http://localhost:8080/xxl-job-admin/api/callback, content=null]
2026-07-14 21:20:52 [com.xxl.job.core.thread.TriggerCallbackThread#callbackLog]-[197]-[Thread-82] <br>----------- xxl-job job callback fail, callbackResult:ReturnT [code=500, msg=xxl-rpc remoting fail, StatusCode(404) invalid. for url : http://localhost:8080/xxl-job-admin/api/callback, content=null]
2026-07-14 21:21:22 [com.xxl.job.core.thread.TriggerCallbackThread#callbackLog]-[197]-[Thread-82] <br>----------- xxl-job job callback fail, callbackResult:ReturnT [code=500, msg=xxl-rpc remoting fail, StatusCode(404) invalid. for url : http://localhost:8080/xxl-job-admin/api/callback, content=null]
2026-07-14 21:21:52 [com.xxl.job.core.thread.TriggerCallbackThread#callbackLog]-[197]-[Thread-82] <br>----------- xxl-job job callback fail, callbackResult:ReturnT [code=500, msg=xxl-rpc remoting fail, StatusCode(404) invalid. for url : http://localhost:8080/xxl-job-admin/api/callback, content=null]
2026-07-14 21:22:22 [com.xxl.job.core.thread.TriggerCallbackThread#callbackLog]-[197]-[Thread-82] <br>----------- xxl-job job callback fail, callbackResult:ReturnT [code=500, msg=xxl-rpc remoting fail, StatusCode(404) invalid. for url : http://localhost:8080/xxl-job-admin/api/callback, content=null]
2026-07-14 21:22:52 [com.xxl.job.core.thread.TriggerCallbackThread#callbackLog]-[197]-[Thread-82] <br>----------- xxl-job job callback fail, callbackResult:ReturnT [code=500, msg=xxl-rpc remoting fail, StatusCode(404) invalid. for url : http://localhost:8080/xxl-job-admin/api/callback, content=null]
2026-07-14 21:23:22 [com.xxl.job.core.thread.TriggerCallbackThread#callbackLog]-[197]-[Thread-82] <br>----------- xxl-job job callback fail, callbackResult:ReturnT [code=500, msg=xxl-rpc remoting fail, StatusCode(404) invalid. for url : http://localhost:8080/xxl-job-admin/api/callback, content=null]
2026-07-14 21:23:52 [com.xxl.job.core.thread.TriggerCallbackThread#callbackLog]-[197]-[Thread-82] <br>----------- xxl-job job callback fail, callbackResult:ReturnT [code=500, msg=xxl-rpc remoting fail, StatusCode(404) invalid. for url : http://localhost:8080/xxl-job-admin/api/callback, content=null]
2026-07-14 21:24:22 [com.xxl.job.core.thread.TriggerCallbackThread#callbackLog]-[197]-[Thread-82] <br>----------- xxl-job job callback fail, callbackResult:ReturnT [code=500, msg=xxl-rpc remoting fail, StatusCode(404) invalid. for url : http://localhost:8080/xxl-job-admin/api/callback, content=null]
2026-07-14 21:24:52 [com.xxl.job.core.thread.TriggerCallbackThread#callbackLog]-[197]-[Thread-82] <br>----------- xxl-job job callback fail, callbackResult:ReturnT [code=500, msg=xxl-rpc remoting fail, StatusCode(404) invalid. for url : http://localhost:8080/xxl-job-admin/api/callback, content=null]
2026-07-14 21:25:22 [com.xxl.job.core.thread.TriggerCallbackThread#callbackLog]-[197]-[Thread-82] <br>----------- xxl-job job callback fail, callbackResult:ReturnT [code=500, msg=xxl-rpc remoting fail, StatusCode(404) invalid. for url : http://localhost:8080/xxl-job-admin/api/callback, content=null]
2026-07-14 21:25:52 [com.xxl.job.core.thread.TriggerCallbackThread#callbackLog]-[197]-[Thread-82] <br>----------- xxl-job job callback fail, callbackResult:ReturnT [code=500, msg=xxl-rpc remoting fail, StatusCode(404) invalid. for url : http://localhost:8080/xxl-job-admin/api/callback, content=null]
2026-07-14 21:26:22 [com.xxl.job.core.thread.TriggerCallbackThread#callbackLog]-[197]-[Thread-82] <br>----------- xxl-job job callback fail, callbackResult:ReturnT [code=500, msg=xxl-rpc remoting fail, StatusCode(404) invalid. for url : http://localhost:8080/xxl-job-admin/api/callback, content=null]
2026-07-14 21:26:52 [com.xxl.job.core.thread.TriggerCallbackThread#callbackLog]-[197]-[Thread-82] <br>----------- xxl-job job callback fail, callbackResult:ReturnT [code=500, msg=xxl-rpc remoting fail, StatusCode(404) invalid. for url : http://localhost:8080/xxl-job-admin/api/callback, content=null]
2026-07-14 21:27:22 [com.xxl.job.core.thread.TriggerCallbackThread#callbackLog]-[197]-[Thread-82] <br>----------- xxl-job job callback fail, callbackResult:ReturnT [code=500, msg=xxl-rpc remoting fail, StatusCode(404) invalid. for url : http://localhost:8080/xxl-job-admin/api/callback, content=null]
2026-07-14 21:27:52 [com.xxl.job.core.thread.TriggerCallbackThread#callbackLog]-[197]-[Thread-82] <br>----------- xxl-job job callback fail, callbackResult:ReturnT [code=500, msg=xxl-rpc remoting fail, StatusCode(404) invalid. for url : http://localhost:8080/xxl-job-admin/api/callback, content=null]
2026-07-14 21:28:22 [com.xxl.job.core.thread.TriggerCallbackThread#callbackLog]-[197]-[Thread-82] <br>----------- xxl-job job callback fail, callbackResult:ReturnT [code=500, msg=xxl-rpc remoting fail, StatusCode(404) invalid. for url : http://localhost:8080/xxl-job-admin/api/callback, content=null]
2026-07-14 21:28:52 [com.xxl.job.core.thread.TriggerCallbackThread#callbackLog]-[197]-[Thread-82] <br>----------- xxl-job job callback fail, callbackResult:ReturnT [code=500, msg=xxl-rpc remoting fail, StatusCode(404) invalid. for url : http://localhost:8080/xxl-job-admin/api/callback, content=null]
2026-07-14 21:29:22 [com.xxl.job.core.thread.TriggerCallbackThread#callbackLog]-[197]-[Thread-82] <br>----------- xxl-job job callback fail, callbackResult:ReturnT [code=500, msg=xxl-rpc remoting fail, StatusCode(404) invalid. for url : http://localhost:8080/xxl-job-admin/api/callback, content=null]
2026-07-14 21:29:52 [com.xxl.job.core.thread.TriggerCallbackThread#callbackLog]-[197]-[Thread-82] <br>----------- xxl-job job callback fail, callbackResult:ReturnT [code=500, msg=xxl-rpc remoting fail, StatusCode(404) invalid. for url : http://localhost:8080/xxl-job-admin/api/callback, content=null]
2026-07-14 21:30:22 [com.xxl.job.core.thread.TriggerCallbackThread#callbackLog]-[197]-[Thread-82] <br>----------- xxl-job job callback fail, callbackResult:ReturnT [code=500, msg=xxl-rpc remoting fail, StatusCode(404) invalid. for url : http://localhost:8080/xxl-job-admin/api/callback, content=null]
2026-07-14 21:30:52 [com.xxl.job.core.thread.TriggerCallbackThread#callbackLog]-[197]-[Thread-82] <br>----------- xxl-job job callback fail, callbackResult:ReturnT [code=500, msg=xxl-rpc remoting fail, StatusCode(404) invalid. for url : http://localhost:8080/xxl-job-admin/api/callback, content=null]
2026-07-14 21:31:22 [com.xxl.job.core.thread.TriggerCallbackThread#callbackLog]-[197]-[Thread-82] <br>----------- xxl-job job callback fail, callbackResult:ReturnT [code=500, msg=xxl-rpc remoting fail, StatusCode(404) invalid. for url : http://localhost:8080/xxl-job-admin/api/callback, content=null]
2026-07-14 21:31:52 [com.xxl.job.core.thread.TriggerCallbackThread#callbackLog]-[197]-[Thread-82] <br>----------- xxl-job job callback fail, callbackResult:ReturnT [code=500, msg=xxl-rpc remoting fail, StatusCode(404) invalid. for url : http://localhost:8080/xxl-job-admin/api/callback, content=null]
2026-07-14 21:32:22 [com.xxl.job.core.thread.TriggerCallbackThread#callbackLog]-[197]-[Thread-82] <br>----------- xxl-job job callback fail, callbackResult:ReturnT [code=500, msg=xxl-rpc remoting fail, StatusCode(404) invalid. for url : http://localhost:8080/xxl-job-admin/api/callback, content=null]
2026-07-14 21:32:52 [com.xxl.job.core.thread.TriggerCallbackThread#callbackLog]-[197]-[Thread-82] <br>----------- xxl-job job callback fail, callbackResult:ReturnT [code=500, msg=xxl-rpc remoting fail, StatusCode(404) invalid. for url : http://localhost:8080/xxl-job-admin/api/callback, content=null]
2026-07-14 21:33:22 [com.xxl.job.core.thread.TriggerCallbackThread#callbackLog]-[197]-[Thread-82] <br>----------- xxl-job job callback fail, callbackResult:ReturnT [code=500, msg=xxl-rpc remoting fail, StatusCode(404) invalid. for url : http://localhost:8080/xxl-job-admin/api/callback, content=null]
2026-07-14 21:33:52 [com.xxl.job.core.thread.TriggerCallbackThread#callbackLog]-[197]-[Thread-82] <br>----------- xxl-job job callback fail, callbackResult:ReturnT [code=500, msg=xxl-rpc remoting fail, StatusCode(404) invalid. for url : http://localhost:8080/xxl-job-admin/api/callback, content=null]
2026-07-14 21:34:22 [com.xxl.job.core.thread.TriggerCallbackThread#callbackLog]-[197]-[Thread-82] <br>----------- xxl-job job callback fail, callbackResult:ReturnT [code=500, msg=xxl-rpc remoting fail, StatusCode(404) invalid. for url : http://localhost:8080/xxl-job-admin/api/callback, content=null]
2026-07-14 21:34:52 [com.xxl.job.core.thread.TriggerCallbackThread#callbackLog]-[197]-[Thread-82] <br>----------- xxl-job job callback fail, callbackResult:ReturnT [code=500, msg=xxl-rpc remoting fail, StatusCode(404) invalid. for url : http://localhost:8080/xxl-job-admin/api/callback, content=null]
2026-07-14 21:35:22 [com.xxl.job.core.thread.TriggerCallbackThread#callbackLog]-[197]-[Thread-82] <br>----------- xxl-job job callback fail, callbackResult:ReturnT [code=500, msg=xxl-rpc remoting fail, StatusCode(404) invalid. for url : http://localhost:8080/xxl-job-admin/api/callback, content=null]
2026-07-14 21:35:52 [com.xxl.job.core.thread.TriggerCallbackThread#callbackLog]-[197]-[Thread-82] <br>----------- xxl-job job callback fail, callbackResult:ReturnT [code=500, msg=xxl-rpc remoting fail, StatusCode(404) invalid. for url : http://localhost:8080/xxl-job-admin/api/callback, content=null]
2026-07-14 21:36:22 [com.xxl.job.core.thread.TriggerCallbackThread#callbackLog]-[197]-[Thread-82] <br>----------- xxl-job job callback fail, callbackResult:ReturnT [code=500, msg=xxl-rpc remoting fail, StatusCode(404) invalid. for url : http://localhost:8080/xxl-job-admin/api/callback, content=null]
2026-07-14 21:36:53 [com.xxl.job.core.thread.TriggerCallbackThread#callbackLog]-[197]-[Thread-82] <br>----------- xxl-job job callback fail, callbackResult:ReturnT [code=500, msg=xxl-rpc remoting fail, StatusCode(404) invalid. for url : http://localhost:8080/xxl-job-admin/api/callback, content=null]
2026-07-14 21:37:23 [com.xxl.job.core.thread.TriggerCallbackThread#callbackLog]-[197]-[Thread-82] <br>----------- xxl-job job callback fail, callbackResult:ReturnT [code=500, msg=xxl-rpc remoting fail, StatusCode(404) invalid. for url : http://localhost:8080/xxl-job-admin/api/callback, content=null]
2026-07-14 21:37:53 [com.xxl.job.core.thread.TriggerCallbackThread#callbackLog]-[197]-[Thread-82] <br>----------- xxl-job job callback fail, callbackResult:ReturnT [code=500, msg=xxl-rpc remoting fail, StatusCode(404) invalid. for url : http://localhost:8080/xxl-job-admin/api/callback, content=null]
2026-07-14 21:38:23 [com.xxl.job.core.thread.TriggerCallbackThread#callbackLog]-[197]-[Thread-82] <br>----------- xxl-job job callback fail, callbackResult:ReturnT [code=500, msg=xxl-rpc remoting fail, StatusCode(404) invalid. for url : http://localhost:8080/xxl-job-admin/api/callback, content=null]
2026-07-14 21:38:53 [com.xxl.job.core.thread.TriggerCallbackThread#callbackLog]-[197]-[Thread-82] <br>----------- xxl-job job callback fail, callbackResult:ReturnT [code=500, msg=xxl-rpc remoting fail, StatusCode(404) invalid. for url : http://localhost:8080/xxl-job-admin/api/callback, content=null]
2026-07-14 21:39:23 [com.xxl.job.core.thread.TriggerCallbackThread#callbackLog]-[197]-[Thread-82] <br>----------- xxl-job job callback fail, callbackResult:ReturnT [code=500, msg=xxl-rpc remoting fail, StatusCode(404) invalid. for url : http://localhost:8080/xxl-job-admin/api/callback, content=null]
2026-07-14 21:39:53 [com.xxl.job.core.thread.TriggerCallbackThread#callbackLog]-[197]-[Thread-82] <br>----------- xxl-job job callback fail, callbackResult:ReturnT [code=500, msg=xxl-rpc remoting fail, StatusCode(404) invalid. for url : http://localhost:8080/xxl-job-admin/api/callback, content=null]
2026-07-14 21:40:23 [com.xxl.job.core.thread.TriggerCallbackThread#callbackLog]-[197]-[Thread-82] <br>----------- xxl-job job callback fail, callbackResult:ReturnT [code=500, msg=xxl-rpc remoting fail, StatusCode(404) invalid. for url : http://localhost:8080/xxl-job-admin/api/callback, content=null]
2026-07-14 21:40:53 [com.xxl.job.core.thread.TriggerCallbackThread#callbackLog]-[197]-[Thread-82] <br>----------- xxl-job job callback fail, callbackResult:ReturnT [code=500, msg=xxl-rpc remoting fail, StatusCode(404) invalid. for url : http://localhost:8080/xxl-job-admin/api/callback, content=null]
2026-07-14 21:41:23 [com.xxl.job.core.thread.TriggerCallbackThread#callbackLog]-[197]-[Thread-82] <br>----------- xxl-job job callback fail, callbackResult:ReturnT [code=500, msg=xxl-rpc remoting fail, StatusCode(404) invalid. for url : http://localhost:8080/xxl-job-admin/api/callback, content=null]
2026-07-14 21:41:53 [com.xxl.job.core.thread.TriggerCallbackThread#callbackLog]-[197]-[Thread-82] <br>----------- xxl-job job callback fail, callbackResult:ReturnT [code=500, msg=xxl-rpc remoting fail, StatusCode(404) invalid. for url : http://localhost:8080/xxl-job-admin/api/callback, content=null]
2026-07-14 21:42:23 [com.xxl.job.core.thread.TriggerCallbackThread#callbackLog]-[197]-[Thread-82] <br>----------- xxl-job job callback fail, callbackResult:ReturnT [code=500, msg=xxl-rpc remoting fail, StatusCode(404) invalid. for url : http://localhost:8080/xxl-job-admin/api/callback, content=null]
2026-07-14 21:42:53 [com.xxl.job.core.thread.TriggerCallbackThread#callbackLog]-[197]-[Thread-82] <br>----------- xxl-job job callback fail, callbackResult:ReturnT [code=500, msg=xxl-rpc remoting fail, StatusCode(404) invalid. for url : http://localhost:8080/xxl-job-admin/api/callback, content=null]
2026-07-14 21:43:23 [com.xxl.job.core.thread.TriggerCallbackThread#callbackLog]-[197]-[Thread-82] <br>----------- xxl-job job callback fail, callbackResult:ReturnT [code=500, msg=xxl-rpc remoting fail, StatusCode(404) invalid. for url : http://localhost:8080/xxl-job-admin/api/callback, content=null]
2026-07-14 21:43:53 [com.xxl.job.core.thread.TriggerCallbackThread#callbackLog]-[197]-[Thread-82] <br>----------- xxl-job job callback fail, callbackResult:ReturnT [code=500, msg=xxl-rpc remoting fail, StatusCode(404) invalid. for url : http://localhost:8080/xxl-job-admin/api/callback, content=null]
2026-07-14 21:44:23 [com.xxl.job.core.thread.TriggerCallbackThread#callbackLog]-[197]-[Thread-82] <br>----------- xxl-job job callback fail, callbackResult:ReturnT [code=500, msg=xxl-rpc remoting fail, StatusCode(404) invalid. for url : http://localhost:8080/xxl-job-admin/api/callback, content=null]
2026-07-14 21:44:53 [com.xxl.job.core.thread.TriggerCallbackThread#callbackLog]-[197]-[Thread-82] <br>----------- xxl-job job callback fail, callbackResult:ReturnT [code=500, msg=xxl-rpc remoting fail, StatusCode(404) invalid. for url : http://localhost:8080/xxl-job-admin/api/callback, content=null]
2026-07-14 21:45:23 [com.xxl.job.core.thread.TriggerCallbackThread#callbackLog]-[197]-[Thread-82] <br>----------- xxl-job job callback fail, callbackResult:ReturnT [code=500, msg=xxl-rpc remoting fail, StatusCode(404) invalid. for url : http://localhost:8080/xxl-job-admin/api/callback, content=null]
2026-07-14 21:45:53 [com.xxl.job.core.thread.TriggerCallbackThread#callbackLog]-[197]-[Thread-82] <br>----------- xxl-job job callback fail, callbackResult:ReturnT [code=500, msg=xxl-rpc remoting fail, StatusCode(404) invalid. for url : http://localhost:8080/xxl-job-admin/api/callback, content=null]
2026-07-14 21:46:23 [com.xxl.job.core.thread.TriggerCallbackThread#callbackLog]-[197]-[Thread-82] <br>----------- xxl-job job callback fail, callbackResult:ReturnT [code=500, msg=xxl-rpc remoting fail, StatusCode(404) invalid. for url : http://localhost:8080/xxl-job-admin/api/callback, content=null]
2026-07-14 21:46:53 [com.xxl.job.core.thread.TriggerCallbackThread#callbackLog]-[197]-[Thread-82] <br>----------- xxl-job job callback fail, callbackResult:ReturnT [code=500, msg=xxl-rpc remoting fail, StatusCode(404) invalid. for url : http://localhost:8080/xxl-job-admin/api/callback, content=null]
2026-07-14 21:47:23 [com.xxl.job.core.thread.TriggerCallbackThread#callbackLog]-[197]-[Thread-82] <br>----------- xxl-job job callback fail, callbackResult:ReturnT [code=500, msg=xxl-rpc remoting fail, StatusCode(404) invalid. for url : http://localhost:8080/xxl-job-admin/api/callback, content=null]
2026-07-14 21:47:53 [com.xxl.job.core.thread.TriggerCallbackThread#callbackLog]-[197]-[Thread-82] <br>----------- xxl-job job callback fail, callbackResult:ReturnT [code=500, msg=xxl-rpc remoting fail, StatusCode(404) invalid. for url : http://localhost:8080/xxl-job-admin/api/callback, content=null]
2026-07-14 21:48:23 [com.xxl.job.core.thread.TriggerCallbackThread#callbackLog]-[197]-[Thread-82] <br>----------- xxl-job job callback fail, callbackResult:ReturnT [code=500, msg=xxl-rpc remoting fail, StatusCode(404) invalid. for url : http://localhost:8080/xxl-job-admin/api/callback, content=null]
2026-07-14 21:48:53 [com.xxl.job.core.thread.TriggerCallbackThread#callbackLog]-[197]-[Thread-82] <br>----------- xxl-job job callback fail, callbackResult:ReturnT [code=500, msg=xxl-rpc remoting fail, StatusCode(404) invalid. for url : http://localhost:8080/xxl-job-admin/api/callback, content=null]
2026-07-14 21:49:23 [com.xxl.job.core.thread.TriggerCallbackThread#callbackLog]-[197]-[Thread-82] <br>----------- xxl-job job callback fail, callbackResult:ReturnT [code=500, msg=xxl-rpc remoting fail, StatusCode(404) invalid. for url : http://localhost:8080/xxl-job-admin/api/callback, content=null]
2026-07-14 21:49:53 [com.xxl.job.core.thread.TriggerCallbackThread#callbackLog]-[197]-[Thread-82] <br>----------- xxl-job job callback fail, callbackResult:ReturnT [code=500, msg=xxl-rpc remoting fail, StatusCode(404) invalid. for url : http://localhost:8080/xxl-job-admin/api/callback, content=null]
2026-07-16 09:20:05 [com.xxl.job.core.thread.TriggerCallbackThread#callbackLog]-[197]-[Thread-72] <br>----------- xxl-job job callback fail, callbackResult:ReturnT [code=500, msg=xxl-rpc remoting fail, StatusCode(404) invalid. for url : http://localhost:8080/xxl-job-admin/api/callback, content=null]
2026-07-16 09:20:35 [com.xxl.job.core.thread.TriggerCallbackThread#callbackLog]-[197]-[Thread-72] <br>----------- xxl-job job callback fail, callbackResult:ReturnT [code=500, msg=xxl-rpc remoting fail, StatusCode(404) invalid. for url : http://localhost:8080/xxl-job-admin/api/callback, content=null]
2026-07-16 09:21:05 [com.xxl.job.core.thread.TriggerCallbackThread#callbackLog]-[197]-[Thread-72] <br>----------- xxl-job job callback fail, callbackResult:ReturnT [code=500, msg=xxl-rpc remoting fail, StatusCode(404) invalid. for url : http://localhost:8080/xxl-job-admin/api/callback, content=null]
2026-07-16 09:21:35 [com.xxl.job.core.thread.TriggerCallbackThread#callbackLog]-[197]-[Thread-72] <br>----------- xxl-job job callback fail, callbackResult:ReturnT [code=500, msg=xxl-rpc remoting fail, StatusCode(404) invalid. for url : http://localhost:8080/xxl-job-admin/api/callback, content=null]
2026-07-16 09:22:05 [com.xxl.job.core.thread.TriggerCallbackThread#callbackLog]-[197]-[Thread-72] <br>----------- xxl-job job callback fail, callbackResult:ReturnT [code=500, msg=xxl-rpc remoting fail, StatusCode(404) invalid. for url : http://localhost:8080/xxl-job-admin/api/callback, content=null]
2026-07-16 09:22:35 [com.xxl.job.core.thread.TriggerCallbackThread#callbackLog]-[197]-[Thread-72] <br>----------- xxl-job job callback fail, callbackResult:ReturnT [code=500, msg=xxl-rpc remoting fail, StatusCode(404) invalid. for url : http://localhost:8080/xxl-job-admin/api/callback, content=null]
2026-07-16 09:23:06 [com.xxl.job.core.thread.TriggerCallbackThread#callbackLog]-[197]-[Thread-72] <br>----------- xxl-job job callback fail, callbackResult:ReturnT [code=500, msg=xxl-rpc remoting fail, StatusCode(404) invalid. for url : http://localhost:8080/xxl-job-admin/api/callback, content=null]
2026-07-16 09:23:36 [com.xxl.job.core.thread.TriggerCallbackThread#callbackLog]-[197]-[Thread-72] <br>----------- xxl-job job callback fail, callbackResult:ReturnT [code=500, msg=xxl-rpc remoting fail, StatusCode(404) invalid. for url : http://localhost:8080/xxl-job-admin/api/callback, content=null]
2026-07-16 09:24:06 [com.xxl.job.core.thread.TriggerCallbackThread#callbackLog]-[197]-[Thread-72] <br>----------- xxl-job job callback fail, callbackResult:ReturnT [code=500, msg=xxl-rpc remoting fail, StatusCode(404) invalid. for url : http://localhost:8080/xxl-job-admin/api/callback, content=null]
2026-07-16 09:24:36 [com.xxl.job.core.thread.TriggerCallbackThread#callbackLog]-[197]-[Thread-72] <br>----------- xxl-job job callback fail, callbackResult:ReturnT [code=500, msg=xxl-rpc remoting fail, StatusCode(404) invalid. for url : http://localhost:8080/xxl-job-admin/api/callback, content=null]
2026-07-16 09:25:06 [com.xxl.job.core.thread.TriggerCallbackThread#callbackLog]-[197]-[Thread-72] <br>----------- xxl-job job callback fail, callbackResult:ReturnT [code=500, msg=xxl-rpc remoting fail, StatusCode(404) invalid. for url : http://localhost:8080/xxl-job-admin/api/callback, content=null]
2026-07-16 09:25:36 [com.xxl.job.core.thread.TriggerCallbackThread#callbackLog]-[197]-[Thread-72] <br>----------- xxl-job job callback fail, callbackResult:ReturnT [code=500, msg=xxl-rpc remoting fail, StatusCode(404) invalid. for url : http://localhost:8080/xxl-job-admin/api/callback, content=null]
2026-07-16 09:26:06 [com.xxl.job.core.thread.TriggerCallbackThread#callbackLog]-[197]-[Thread-72] <br>----------- xxl-job job callback fail, callbackResult:ReturnT [code=500, msg=xxl-rpc remoting fail, StatusCode(404) invalid. for url : http://localhost:8080/xxl-job-admin/api/callback, content=null]
2026-07-16 09:26:36 [com.xxl.job.core.thread.TriggerCallbackThread#callbackLog]-[197]-[Thread-72] <br>----------- xxl-job job callback fail, callbackResult:ReturnT [code=500, msg=xxl-rpc remoting fail, StatusCode(404) invalid. for url : http://localhost:8080/xxl-job-admin/api/callback, content=null]
2026-07-16 09:27:06 [com.xxl.job.core.thread.TriggerCallbackThread#callbackLog]-[197]-[Thread-72] <br>----------- xxl-job job callback fail, callbackResult:ReturnT [code=500, msg=xxl-rpc remoting fail, StatusCode(404) invalid. for url : http://localhost:8080/xxl-job-admin/api/callback, content=null]
2026-07-16 09:27:36 [com.xxl.job.core.thread.TriggerCallbackThread#callbackLog]-[197]-[Thread-72] <br>----------- xxl-job job callback fail, callbackResult:ReturnT [code=500, msg=xxl-rpc remoting fail, StatusCode(404) invalid. for url : http://localhost:8080/xxl-job-admin/api/callback, content=null]
2026-07-16 09:28:06 [com.xxl.job.core.thread.TriggerCallbackThread#callbackLog]-[197]-[Thread-72] <br>----------- xxl-job job callback fail, callbackResult:ReturnT [code=500, msg=xxl-rpc remoting fail, StatusCode(404) invalid. for url : http://localhost:8080/xxl-job-admin/api/callback, content=null]
2026-07-16 09:28:36 [com.xxl.job.core.thread.TriggerCallbackThread#callbackLog]-[197]-[Thread-72] <br>----------- xxl-job job callback fail, callbackResult:ReturnT [code=500, msg=xxl-rpc remoting fail, StatusCode(404) invalid. for url : http://localhost:8080/xxl-job-admin/api/callback, content=null]
2026-07-16 09:29:06 [com.xxl.job.core.thread.TriggerCallbackThread#callbackLog]-[197]-[Thread-72] <br>----------- xxl-job job callback fail, callbackResult:ReturnT [code=500, msg=xxl-rpc remoting fail, StatusCode(404) invalid. for url : http://localhost:8080/xxl-job-admin/api/callback, content=null]
2026-07-16 09:29:36 [com.xxl.job.core.thread.TriggerCallbackThread#callbackLog]-[197]-[Thread-72] <br>----------- xxl-job job callback fail, callbackResult:ReturnT [code=500, msg=xxl-rpc remoting fail, StatusCode(404) invalid. for url : http://localhost:8080/xxl-job-admin/api/callback, content=null]
2026-07-16 09:30:06 [com.xxl.job.core.thread.TriggerCallbackThread#callbackLog]-[197]-[Thread-72] <br>----------- xxl-job job callback fail, callbackResult:ReturnT [code=500, msg=xxl-rpc remoting fail, StatusCode(404) invalid. for url : http://localhost:8080/xxl-job-admin/api/callback, content=null]
2026-07-16 09:30:36 [com.xxl.job.core.thread.TriggerCallbackThread#callbackLog]-[197]-[Thread-72] <br>----------- xxl-job job callback fail, callbackResult:ReturnT [code=500, msg=xxl-rpc remoting fail, StatusCode(404) invalid. for url : http://localhost:8080/xxl-job-admin/api/callback, content=null]
2026-07-16 09:31:06 [com.xxl.job.core.thread.TriggerCallbackThread#callbackLog]-[197]-[Thread-72] <br>----------- xxl-job job callback fail, callbackResult:ReturnT [code=500, msg=xxl-rpc remoting fail, StatusCode(404) invalid. for url : http://localhost:8080/xxl-job-admin/api/callback, content=null]
2026-07-16 09:31:36 [com.xxl.job.core.thread.TriggerCallbackThread#callbackLog]-[197]-[Thread-72] <br>----------- xxl-job job callback fail, callbackResult:ReturnT [code=500, msg=xxl-rpc remoting fail, StatusCode(404) invalid. for url : http://localhost:8080/xxl-job-admin/api/callback, content=null]
2026-07-16 09:32:06 [com.xxl.job.core.thread.TriggerCallbackThread#callbackLog]-[197]-[Thread-72] <br>----------- xxl-job job callback fail, callbackResult:ReturnT [code=500, msg=xxl-rpc remoting fail, StatusCode(404) invalid. for url : http://localhost:8080/xxl-job-admin/api/callback, content=null]
2026-07-16 09:32:36 [com.xxl.job.core.thread.TriggerCallbackThread#callbackLog]-[197]-[Thread-72] <br>----------- xxl-job job callback fail, callbackResult:ReturnT [code=500, msg=xxl-rpc remoting fail, StatusCode(404) invalid. for url : http://localhost:8080/xxl-job-admin/api/callback, content=null]
2026-07-16 09:33:06 [com.xxl.job.core.thread.TriggerCallbackThread#callbackLog]-[197]-[Thread-72] <br>----------- xxl-job job callback fail, callbackResult:ReturnT [code=500, msg=xxl-rpc remoting fail, StatusCode(404) invalid. for url : http://localhost:8080/xxl-job-admin/api/callback, content=null]
2026-07-16 09:33:36 [com.xxl.job.core.thread.TriggerCallbackThread#callbackLog]-[197]-[Thread-72] <br>----------- xxl-job job callback fail, callbackResult:ReturnT [code=500, msg=xxl-rpc remoting fail, StatusCode(404) invalid. for url : http://localhost:8080/xxl-job-admin/api/callback, content=null]
2026-07-16 09:34:06 [com.xxl.job.core.thread.TriggerCallbackThread#callbackLog]-[197]-[Thread-72] <br>----------- xxl-job job callback fail, callbackResult:ReturnT [code=500, msg=xxl-rpc remoting fail, StatusCode(404) invalid. for url : http://localhost:8080/xxl-job-admin/api/callback, content=null]
2026-07-16 09:34:36 [com.xxl.job.core.thread.TriggerCallbackThread#callbackLog]-[197]-[Thread-72] <br>----------- xxl-job job callback fail, callbackResult:ReturnT [code=500, msg=xxl-rpc remoting fail, StatusCode(404) invalid. for url : http://localhost:8080/xxl-job-admin/api/callback, content=null]
2026-07-16 09:35:06 [com.xxl.job.core.thread.TriggerCallbackThread#callbackLog]-[197]-[Thread-72] <br>----------- xxl-job job callback fail, callbackResult:ReturnT [code=500, msg=xxl-rpc remoting fail, StatusCode(404) invalid. for url : http://localhost:8080/xxl-job-admin/api/callback, content=null]
2026-07-16 09:35:36 [com.xxl.job.core.thread.TriggerCallbackThread#callbackLog]-[197]-[Thread-72] <br>----------- xxl-job job callback fail, callbackResult:ReturnT [code=500, msg=xxl-rpc remoting fail, StatusCode(404) invalid. for url : http://localhost:8080/xxl-job-admin/api/callback, content=null]
2026-07-16 09:36:06 [com.xxl.job.core.thread.TriggerCallbackThread#callbackLog]-[197]-[Thread-72] <br>----------- xxl-job job callback fail, callbackResult:ReturnT [code=500, msg=xxl-rpc remoting fail, StatusCode(404) invalid. for url : http://localhost:8080/xxl-job-admin/api/callback, content=null]
2026-07-16 09:36:36 [com.xxl.job.core.thread.TriggerCallbackThread#callbackLog]-[197]-[Thread-72] <br>----------- xxl-job job callback fail, callbackResult:ReturnT [code=500, msg=xxl-rpc remoting fail, StatusCode(404) invalid. for url : http://localhost:8080/xxl-job-admin/api/callback, content=null]
2026-07-16 09:37:06 [com.xxl.job.core.thread.TriggerCallbackThread#callbackLog]-[197]-[Thread-72] <br>----------- xxl-job job callback fail, callbackResult:ReturnT [code=500, msg=xxl-rpc remoting fail, StatusCode(404) invalid. for url : http://localhost:8080/xxl-job-admin/api/callback, content=null]
2026-07-16 09:37:36 [com.xxl.job.core.thread.TriggerCallbackThread#callbackLog]-[197]-[Thread-72] <br>----------- xxl-job job callback fail, callbackResult:ReturnT [code=500, msg=xxl-rpc remoting fail, StatusCode(404) invalid. for url : http://localhost:8080/xxl-job-admin/api/callback, content=null]
2026-07-16 09:38:06 [com.xxl.job.core.thread.TriggerCallbackThread#callbackLog]-[197]-[Thread-72] <br>----------- xxl-job job callback fail, callbackResult:ReturnT [code=500, msg=xxl-rpc remoting fail, StatusCode(404) invalid. for url : http://localhost:8080/xxl-job-admin/api/callback, content=null]
2026-07-16 14:54:32 [com.xxl.job.core.thread.TriggerCallbackThread#callbackLog]-[197]-[Thread-91] <br>----------- xxl-job job callback fail, callbackResult:ReturnT [code=500, msg=xxl-rpc remoting error(Connection refused: connect), for url : http://localhost:8080/xxl-job-admin/api/callback, content=null]
2026-07-16 14:55:06 [com.xxl.job.core.thread.TriggerCallbackThread#callbackLog]-[197]-[Thread-91] <br>----------- xxl-job job callback fail, callbackResult:ReturnT [code=500, msg=xxl-rpc remoting error(Connection refused: connect), for url : http://localhost:8080/xxl-job-admin/api/callback, content=null]
2026-07-16 14:55:40 [com.xxl.job.core.thread.TriggerCallbackThread#callbackLog]-[197]-[Thread-91] <br>----------- xxl-job job callback fail, callbackResult:ReturnT [code=500, msg=xxl-rpc remoting error(Connection refused: connect), for url : http://localhost:8080/xxl-job-admin/api/callback, content=null]
2026-07-16 14:56:14 [com.xxl.job.core.thread.TriggerCallbackThread#callbackLog]-[197]-[Thread-91] <br>----------- xxl-job job callback fail, callbackResult:ReturnT [code=500, msg=xxl-rpc remoting error(Connection refused: connect), for url : http://localhost:8080/xxl-job-admin/api/callback, content=null]
2026-07-16 14:59:44 [com.xxl.job.core.thread.TriggerCallbackThread#callbackLog]-[197]-[Thread-65] <br>----------- xxl-job job callback fail, callbackResult:ReturnT [code=500, msg=xxl-rpc remoting error(Connection refused: connect), for url : http://localhost:8080/xxl-job-admin/api/callback, content=null]
2026-07-16 15:00:18 [com.xxl.job.core.thread.TriggerCallbackThread#callbackLog]-[197]-[Thread-65] <br>----------- xxl-job job callback fail, callbackResult:ReturnT [code=500, msg=xxl-rpc remoting error(Connection refused: connect), for url : http://localhost:8080/xxl-job-admin/api/callback, content=null]
2026-07-16 15:00:52 [com.xxl.job.core.thread.TriggerCallbackThread#callbackLog]-[197]-[Thread-65] <br>----------- xxl-job job callback fail, callbackResult:ReturnT [code=500, msg=xxl-rpc remoting error(Connection refused: connect), for url : http://localhost:8080/xxl-job-admin/api/callback, content=null]
2026-07-16 15:01:26 [com.xxl.job.core.thread.TriggerCallbackThread#callbackLog]-[197]-[Thread-65] <br>----------- xxl-job job callback fail, callbackResult:ReturnT [code=500, msg=xxl-rpc remoting error(Connection refused: connect), for url : http://localhost:8080/xxl-job-admin/api/callback, content=null]
2026-07-16 15:02:00 [com.xxl.job.core.thread.TriggerCallbackThread#callbackLog]-[197]-[Thread-65] <br>----------- xxl-job job callback fail, callbackResult:ReturnT [code=500, msg=xxl-rpc remoting error(Connection refused: connect), for url : http://localhost:8080/xxl-job-admin/api/callback, content=null]
2026-07-16 15:02:34 [com.xxl.job.core.thread.TriggerCallbackThread#callbackLog]-[197]-[Thread-65] <br>----------- xxl-job job callback fail, callbackResult:ReturnT [code=500, msg=xxl-rpc remoting error(Connection refused: connect), for url : http://localhost:8080/xxl-job-admin/api/callback, content=null]
2026-07-16 15:03:09 [com.xxl.job.core.thread.TriggerCallbackThread#callbackLog]-[197]-[Thread-65] <br>----------- xxl-job job callback fail, callbackResult:ReturnT [code=500, msg=xxl-rpc remoting error(Connection refused: connect), for url : http://localhost:8080/xxl-job-admin/api/callback, content=null]
2026-07-16 15:03:43 [com.xxl.job.core.thread.TriggerCallbackThread#callbackLog]-[197]-[Thread-65] <br>----------- xxl-job job callback fail, callbackResult:ReturnT [code=500, msg=xxl-rpc remoting error(Connection refused: connect), for url : http://localhost:8080/xxl-job-admin/api/callback, content=null]
2026-07-16 15:04:17 [com.xxl.job.core.thread.TriggerCallbackThread#callbackLog]-[197]-[Thread-65] <br>----------- xxl-job job callback fail, callbackResult:ReturnT [code=500, msg=xxl-rpc remoting error(Connection refused: connect), for url : http://localhost:8080/xxl-job-admin/api/callback, content=null]
2026-07-16 15:04:51 [com.xxl.job.core.thread.TriggerCallbackThread#callbackLog]-[197]-[Thread-65] <br>----------- xxl-job job callback fail, callbackResult:ReturnT [code=500, msg=xxl-rpc remoting error(Connection refused: connect), for url : http://localhost:8080/xxl-job-admin/api/callback, content=null]
2026-07-16 15:05:25 [com.xxl.job.core.thread.TriggerCallbackThread#callbackLog]-[197]-[Thread-65] <br>----------- xxl-job job callback fail, callbackResult:ReturnT [code=500, msg=xxl-rpc remoting error(Connection refused: connect), for url : http://localhost:8080/xxl-job-admin/api/callback, content=null]
2026-07-16 15:05:59 [com.xxl.job.core.thread.TriggerCallbackThread#callbackLog]-[197]-[Thread-65] <br>----------- xxl-job job callback fail, callbackResult:ReturnT [code=500, msg=xxl-rpc remoting error(Connection refused: connect), for url : http://localhost:8080/xxl-job-admin/api/callback, content=null]
2026-07-16 15:06:33 [com.xxl.job.core.thread.TriggerCallbackThread#callbackLog]-[197]-[Thread-65] <br>----------- xxl-job job callback fail, callbackResult:ReturnT [code=500, msg=xxl-rpc remoting error(Connection refused: connect), for url : http://localhost:8080/xxl-job-admin/api/callback, content=null]
2026-07-16 15:07:07 [com.xxl.job.core.thread.TriggerCallbackThread#callbackLog]-[197]-[Thread-65] <br>----------- xxl-job job callback fail, callbackResult:ReturnT [code=500, msg=xxl-rpc remoting error(Connection refused: connect), for url : http://localhost:8080/xxl-job-admin/api/callback, content=null]
2026-07-16 15:07:41 [com.xxl.job.core.thread.TriggerCallbackThread#callbackLog]-[197]-[Thread-65] <br>----------- xxl-job job callback fail, callbackResult:ReturnT [code=500, msg=xxl-rpc remoting error(Connection refused: connect), for url : http://localhost:8080/xxl-job-admin/api/callback, content=null]
2026-07-16 15:08:15 [com.xxl.job.core.thread.TriggerCallbackThread#callbackLog]-[197]-[Thread-65] <br>----------- xxl-job job callback fail, callbackResult:ReturnT [code=500, msg=xxl-rpc remoting error(Connection refused: connect), for url : http://localhost:8080/xxl-job-admin/api/callback, content=null]
2026-07-16 15:08:49 [com.xxl.job.core.thread.TriggerCallbackThread#callbackLog]-[197]-[Thread-65] <br>----------- xxl-job job callback fail, callbackResult:ReturnT [code=500, msg=xxl-rpc remoting error(Connection refused: connect), for url : http://localhost:8080/xxl-job-admin/api/callback, content=null]
2026-07-16 15:09:23 [com.xxl.job.core.thread.TriggerCallbackThread#callbackLog]-[197]-[Thread-65] <br>----------- xxl-job job callback fail, callbackResult:ReturnT [code=500, msg=xxl-rpc remoting error(Connection refused: connect), for url : http://localhost:8080/xxl-job-admin/api/callback, content=null]
2026-07-16 15:09:58 [com.xxl.job.core.thread.TriggerCallbackThread#callbackLog]-[197]-[Thread-65] <br>----------- xxl-job job callback fail, callbackResult:ReturnT [code=500, msg=xxl-rpc remoting error(Connection refused: connect), for url : http://localhost:8080/xxl-job-admin/api/callback, content=null]
2026-07-16 15:10:32 [com.xxl.job.core.thread.TriggerCallbackThread#callbackLog]-[197]-[Thread-65] <br>----------- xxl-job job callback fail, callbackResult:ReturnT [code=500, msg=xxl-rpc remoting error(Connection refused: connect), for url : http://localhost:8080/xxl-job-admin/api/callback, content=null]
2026-07-16 15:11:06 [com.xxl.job.core.thread.TriggerCallbackThread#callbackLog]-[197]-[Thread-65] <br>----------- xxl-job job callback fail, callbackResult:ReturnT [code=500, msg=xxl-rpc remoting error(Connection refused: connect), for url : http://localhost:8080/xxl-job-admin/api/callback, content=null]
2026-07-16 15:11:40 [com.xxl.job.core.thread.TriggerCallbackThread#callbackLog]-[197]-[Thread-65] <br>----------- xxl-job job callback fail, callbackResult:ReturnT [code=500, msg=xxl-rpc remoting error(Connection refused: connect), for url : http://localhost:8080/xxl-job-admin/api/callback, content=null]
2026-07-16 15:12:14 [com.xxl.job.core.thread.TriggerCallbackThread#callbackLog]-[197]-[Thread-65] <br>----------- xxl-job job callback fail, callbackResult:ReturnT [code=500, msg=xxl-rpc remoting error(Connection refused: connect), for url : http://localhost:8080/xxl-job-admin/api/callback, content=null]
2026-07-16 15:12:48 [com.xxl.job.core.thread.TriggerCallbackThread#callbackLog]-[197]-[Thread-65] <br>----------- xxl-job job callback fail, callbackResult:ReturnT [code=500, msg=xxl-rpc remoting error(Connection refused: connect), for url : http://localhost:8080/xxl-job-admin/api/callback, content=null]
2026-07-16 15:13:22 [com.xxl.job.core.thread.TriggerCallbackThread#callbackLog]-[197]-[Thread-65] <br>----------- xxl-job job callback fail, callbackResult:ReturnT [code=500, msg=xxl-rpc remoting error(Connection refused: connect), for url : http://localhost:8080/xxl-job-admin/api/callback, content=null]
2026-07-16 15:13:56 [com.xxl.job.core.thread.TriggerCallbackThread#callbackLog]-[197]-[Thread-65] <br>----------- xxl-job job callback fail, callbackResult:ReturnT [code=500, msg=xxl-rpc remoting error(Connection refused: connect), for url : http://localhost:8080/xxl-job-admin/api/callback, content=null]
2026-07-16 15:14:30 [com.xxl.job.core.thread.TriggerCallbackThread#callbackLog]-[197]-[Thread-65] <br>----------- xxl-job job callback fail, callbackResult:ReturnT [code=500, msg=xxl-rpc remoting error(Connection refused: connect), for url : http://localhost:8080/xxl-job-admin/api/callback, content=null]
2026-07-16 15:15:04 [com.xxl.job.core.thread.TriggerCallbackThread#callbackLog]-[197]-[Thread-65] <br>----------- xxl-job job callback fail, callbackResult:ReturnT [code=500, msg=xxl-rpc remoting error(Connection refused: connect), for url : http://localhost:8080/xxl-job-admin/api/callback, content=null]
2026-07-16 15:15:38 [com.xxl.job.core.thread.TriggerCallbackThread#callbackLog]-[197]-[Thread-65] <br>----------- xxl-job job callback fail, callbackResult:ReturnT [code=500, msg=xxl-rpc remoting error(Connection refused: connect), for url : http://localhost:8080/xxl-job-admin/api/callback, content=null]
2026-07-16 15:16:12 [com.xxl.job.core.thread.TriggerCallbackThread#callbackLog]-[197]-[Thread-65] <br>----------- xxl-job job callback fail, callbackResult:ReturnT [code=500, msg=xxl-rpc remoting error(Connection refused: connect), for url : http://localhost:8080/xxl-job-admin/api/callback, content=null]
2026-07-16 15:16:47 [com.xxl.job.core.thread.TriggerCallbackThread#callbackLog]-[197]-[Thread-65] <br>----------- xxl-job job callback fail, callbackResult:ReturnT [code=500, msg=xxl-rpc remoting error(Connection refused: connect), for url : http://localhost:8080/xxl-job-admin/api/callback, content=null]
2026-07-16 15:17:21 [com.xxl.job.core.thread.TriggerCallbackThread#callbackLog]-[197]-[Thread-65] <br>----------- xxl-job job callback fail, callbackResult:ReturnT [code=500, msg=xxl-rpc remoting error(Connection refused: connect), for url : http://localhost:8080/xxl-job-admin/api/callback, content=null]
2026-07-16 15:17:55 [com.xxl.job.core.thread.TriggerCallbackThread#callbackLog]-[197]-[Thread-65] <br>----------- xxl-job job callback fail, callbackResult:ReturnT [code=500, msg=xxl-rpc remoting error(Connection refused: connect), for url : http://localhost:8080/xxl-job-admin/api/callback, content=null]
2026-07-16 15:18:29 [com.xxl.job.core.thread.TriggerCallbackThread#callbackLog]-[197]-[Thread-65] <br>----------- xxl-job job callback fail, callbackResult:ReturnT [code=500, msg=xxl-rpc remoting error(Connection refused: connect), for url : http://localhost:8080/xxl-job-admin/api/callback, content=null]
2026-07-16 15:19:03 [com.xxl.job.core.thread.TriggerCallbackThread#callbackLog]-[197]-[Thread-65] <br>----------- xxl-job job callback fail, callbackResult:ReturnT [code=500, msg=xxl-rpc remoting error(Connection refused: connect), for url : http://localhost:8080/xxl-job-admin/api/callback, content=null]
2026-07-16 15:19:37 [com.xxl.job.core.thread.TriggerCallbackThread#callbackLog]-[197]-[Thread-65] <br>----------- xxl-job job callback fail, callbackResult:ReturnT [code=500, msg=xxl-rpc remoting error(Connection refused: connect), for url : http://localhost:8080/xxl-job-admin/api/callback, content=null]
2026-07-16 15:20:11 [com.xxl.job.core.thread.TriggerCallbackThread#callbackLog]-[197]-[Thread-65] <br>----------- xxl-job job callback fail, callbackResult:ReturnT [code=500, msg=xxl-rpc remoting error(Connection refused: connect), for url : http://localhost:8080/xxl-job-admin/api/callback, content=null]
2026-07-16 15:20:45 [com.xxl.job.core.thread.TriggerCallbackThread#callbackLog]-[197]-[Thread-65] <br>----------- xxl-job job callback fail, callbackResult:ReturnT [code=500, msg=xxl-rpc remoting error(Connection refused: connect), for url : http://localhost:8080/xxl-job-admin/api/callback, content=null]
2026-07-16 15:21:19 [com.xxl.job.core.thread.TriggerCallbackThread#callbackLog]-[197]-[Thread-65] <br>----------- xxl-job job callback fail, callbackResult:ReturnT [code=500, msg=xxl-rpc remoting error(Connection refused: connect), for url : http://localhost:8080/xxl-job-admin/api/callback, content=null]
2026-07-16 15:21:53 [com.xxl.job.core.thread.TriggerCallbackThread#callbackLog]-[197]-[Thread-65] <br>----------- xxl-job job callback fail, callbackResult:ReturnT [code=500, msg=xxl-rpc remoting error(Connection refused: connect), for url : http://localhost:8080/xxl-job-admin/api/callback, content=null]
2026-07-16 15:22:27 [com.xxl.job.core.thread.TriggerCallbackThread#callbackLog]-[197]-[Thread-65] <br>----------- xxl-job job callback fail, callbackResult:ReturnT [code=500, msg=xxl-rpc remoting error(Connection refused: connect), for url : http://localhost:8080/xxl-job-admin/api/callback, content=null]
2026-07-16 15:23:02 [com.xxl.job.core.thread.TriggerCallbackThread#callbackLog]-[197]-[Thread-65] <br>----------- xxl-job job callback fail, callbackResult:ReturnT [code=500, msg=xxl-rpc remoting error(Connection refused: connect), for url : http://localhost:8080/xxl-job-admin/api/callback, content=null]
2026-07-16 15:23:36 [com.xxl.job.core.thread.TriggerCallbackThread#callbackLog]-[197]-[Thread-65] <br>----------- xxl-job job callback fail, callbackResult:ReturnT [code=500, msg=xxl-rpc remoting error(Connection refused: connect), for url : http://localhost:8080/xxl-job-admin/api/callback, content=null]
2026-07-16 15:24:10 [com.xxl.job.core.thread.TriggerCallbackThread#callbackLog]-[197]-[Thread-65] <br>----------- xxl-job job callback fail, callbackResult:ReturnT [code=500, msg=xxl-rpc remoting error(Connection refused: connect), for url : http://localhost:8080/xxl-job-admin/api/callback, content=null]
2026-07-16 15:24:44 [com.xxl.job.core.thread.TriggerCallbackThread#callbackLog]-[197]-[Thread-65] <br>----------- xxl-job job callback fail, callbackResult:ReturnT [code=500, msg=xxl-rpc remoting error(Connection refused: connect), for url : http://localhost:8080/xxl-job-admin/api/callback, content=null]
2026-07-16 15:25:18 [com.xxl.job.core.thread.TriggerCallbackThread#callbackLog]-[197]-[Thread-65] <br>----------- xxl-job job callback fail, callbackResult:ReturnT [code=500, msg=xxl-rpc remoting error(Connection refused: connect), for url : http://localhost:8080/xxl-job-admin/api/callback, content=null]
2026-07-16 15:25:52 [com.xxl.job.core.thread.TriggerCallbackThread#callbackLog]-[197]-[Thread-65] <br>----------- xxl-job job callback fail, callbackResult:ReturnT [code=500, msg=xxl-rpc remoting error(Connection refused: connect), for url : http://localhost:8080/xxl-job-admin/api/callback, content=null]
2026-07-16 15:26:26 [com.xxl.job.core.thread.TriggerCallbackThread#callbackLog]-[197]-[Thread-65] <br>----------- xxl-job job callback fail, callbackResult:ReturnT [code=500, msg=xxl-rpc remoting error(Connection refused: connect), for url : http://localhost:8080/xxl-job-admin/api/callback, content=null]
2026-07-16 15:27:00 [com.xxl.job.core.thread.TriggerCallbackThread#callbackLog]-[197]-[Thread-65] <br>----------- xxl-job job callback fail, callbackResult:ReturnT [code=500, msg=xxl-rpc remoting error(Connection refused: connect), for url : http://localhost:8080/xxl-job-admin/api/callback, content=null]
2026-07-16 15:27:34 [com.xxl.job.core.thread.TriggerCallbackThread#callbackLog]-[197]-[Thread-65] <br>----------- xxl-job job callback fail, callbackResult:ReturnT [code=500, msg=xxl-rpc remoting error(Connection refused: connect), for url : http://localhost:8080/xxl-job-admin/api/callback, content=null]
2026-07-16 17:01:57 [com.xxl.job.core.thread.TriggerCallbackThread#callbackLog]-[197]-[Thread-93] <br>----------- xxl-job job callback fail, callbackResult:ReturnT [code=500, msg=xxl-rpc remoting fail, StatusCode(404) invalid. for url : http://localhost:8080/xxl-job-admin/api/callback, content=null]
2026-07-16 17:02:27 [com.xxl.job.core.thread.TriggerCallbackThread#callbackLog]-[197]-[Thread-93] <br>----------- xxl-job job callback fail, callbackResult:ReturnT [code=500, msg=xxl-rpc remoting fail, StatusCode(404) invalid. for url : http://localhost:8080/xxl-job-admin/api/callback, content=null]
2026-07-16 17:02:57 [com.xxl.job.core.thread.TriggerCallbackThread#callbackLog]-[197]-[Thread-93] <br>----------- xxl-job job callback fail, callbackResult:ReturnT [code=500, msg=xxl-rpc remoting fail, StatusCode(404) invalid. for url : http://localhost:8080/xxl-job-admin/api/callback, content=null]
2026-07-16 17:03:27 [com.xxl.job.core.thread.TriggerCallbackThread#callbackLog]-[197]-[Thread-93] <br>----------- xxl-job job callback fail, callbackResult:ReturnT [code=500, msg=xxl-rpc remoting fail, StatusCode(404) invalid. for url : http://localhost:8080/xxl-job-admin/api/callback, content=null]
2026-07-16 17:03:57 [com.xxl.job.core.thread.TriggerCallbackThread#callbackLog]-[197]-[Thread-93] <br>----------- xxl-job job callback fail, callbackResult:ReturnT [code=500, msg=xxl-rpc remoting fail, StatusCode(404) invalid. for url : http://localhost:8080/xxl-job-admin/api/callback, content=null]
2026-07-16 17:04:27 [com.xxl.job.core.thread.TriggerCallbackThread#callbackLog]-[197]-[Thread-93] <br>----------- xxl-job job callback fail, callbackResult:ReturnT [code=500, msg=xxl-rpc remoting fail, StatusCode(404) invalid. for url : http://localhost:8080/xxl-job-admin/api/callback, content=null]
2026-07-16 17:04:57 [com.xxl.job.core.thread.TriggerCallbackThread#callbackLog]-[197]-[Thread-93] <br>----------- xxl-job job callback fail, callbackResult:ReturnT [code=500, msg=xxl-rpc remoting fail, StatusCode(404) invalid. for url : http://localhost:8080/xxl-job-admin/api/callback, content=null]
2026-07-16 17:05:27 [com.xxl.job.core.thread.TriggerCallbackThread#callbackLog]-[197]-[Thread-93] <br>----------- xxl-job job callback fail, callbackResult:ReturnT [code=500, msg=xxl-rpc remoting fail, StatusCode(404) invalid. for url : http://localhost:8080/xxl-job-admin/api/callback, content=null]
2026-07-16 17:05:57 [com.xxl.job.core.thread.TriggerCallbackThread#callbackLog]-[197]-[Thread-93] <br>----------- xxl-job job callback fail, callbackResult:ReturnT [code=500, msg=xxl-rpc remoting fail, StatusCode(404) invalid. for url : http://localhost:8080/xxl-job-admin/api/callback, content=null]
2026-07-16 17:06:27 [com.xxl.job.core.thread.TriggerCallbackThread#callbackLog]-[197]-[Thread-93] <br>----------- xxl-job job callback fail, callbackResult:ReturnT [code=500, msg=xxl-rpc remoting fail, StatusCode(404) invalid. for url : http://localhost:8080/xxl-job-admin/api/callback, content=null]
2026-07-16 17:06:57 [com.xxl.job.core.thread.TriggerCallbackThread#callbackLog]-[197]-[Thread-93] <br>----------- xxl-job job callback fail, callbackResult:ReturnT [code=500, msg=xxl-rpc remoting fail, StatusCode(404) invalid. for url : http://localhost:8080/xxl-job-admin/api/callback, content=null]
2026-07-16 17:07:27 [com.xxl.job.core.thread.TriggerCallbackThread#callbackLog]-[197]-[Thread-93] <br>----------- xxl-job job callback fail, callbackResult:ReturnT [code=500, msg=xxl-rpc remoting fail, StatusCode(404) invalid. for url : http://localhost:8080/xxl-job-admin/api/callback, content=null]
2026-07-16 17:07:57 [com.xxl.job.core.thread.TriggerCallbackThread#callbackLog]-[197]-[Thread-93] <br>----------- xxl-job job callback fail, callbackResult:ReturnT [code=500, msg=xxl-rpc remoting fail, StatusCode(404) invalid. for url : http://localhost:8080/xxl-job-admin/api/callback, content=null]
2026-07-16 17:09:37 [com.xxl.job.core.thread.TriggerCallbackThread#callbackLog]-[197]-[Thread-75] <br>----------- xxl-job job callback fail, callbackResult:ReturnT [code=500, msg=xxl-rpc remoting fail, StatusCode(404) invalid. for url : http://localhost:8080/xxl-job-admin/api/callback, content=null]
2026-07-16 17:10:07 [com.xxl.job.core.thread.TriggerCallbackThread#callbackLog]-[197]-[Thread-75] <br>----------- xxl-job job callback fail, callbackResult:ReturnT [code=500, msg=xxl-rpc remoting fail, StatusCode(404) invalid. for url : http://localhost:8080/xxl-job-admin/api/callback, content=null]
2026-07-16 17:10:37 [com.xxl.job.core.thread.TriggerCallbackThread#callbackLog]-[197]-[Thread-75] <br>----------- xxl-job job callback fail, callbackResult:ReturnT [code=500, msg=xxl-rpc remoting fail, StatusCode(404) invalid. for url : http://localhost:8080/xxl-job-admin/api/callback, content=null]
2026-07-16 17:11:07 [com.xxl.job.core.thread.TriggerCallbackThread#callbackLog]-[197]-[Thread-75] <br>----------- xxl-job job callback fail, callbackResult:ReturnT [code=500, msg=xxl-rpc remoting fail, StatusCode(404) invalid. for url : http://localhost:8080/xxl-job-admin/api/callback, content=null]
2026-07-16 17:11:37 [com.xxl.job.core.thread.TriggerCallbackThread#callbackLog]-[197]-[Thread-75] <br>----------- xxl-job job callback fail, callbackResult:ReturnT [code=500, msg=xxl-rpc remoting fail, StatusCode(404) invalid. for url : http://localhost:8080/xxl-job-admin/api/callback, content=null]
2026-07-16 17:12:07 [com.xxl.job.core.thread.TriggerCallbackThread#callbackLog]-[197]-[Thread-75] <br>----------- xxl-job job callback fail, callbackResult:ReturnT [code=500, msg=xxl-rpc remoting fail, StatusCode(404) invalid. for url : http://localhost:8080/xxl-job-admin/api/callback, content=null]
2026-07-16 17:12:37 [com.xxl.job.core.thread.TriggerCallbackThread#callbackLog]-[197]-[Thread-75] <br>----------- xxl-job job callback fail, callbackResult:ReturnT [code=500, msg=xxl-rpc remoting fail, StatusCode(404) invalid. for url : http://localhost:8080/xxl-job-admin/api/callback, content=null]
2026-07-16 17:13:07 [com.xxl.job.core.thread.TriggerCallbackThread#callbackLog]-[197]-[Thread-75] <br>----------- xxl-job job callback fail, callbackResult:ReturnT [code=500, msg=xxl-rpc remoting fail, StatusCode(404) invalid. for url : http://localhost:8080/xxl-job-admin/api/callback, content=null]
2026-07-16 17:13:37 [com.xxl.job.core.thread.TriggerCallbackThread#callbackLog]-[197]-[Thread-75] <br>----------- xxl-job job callback fail, callbackResult:ReturnT [code=500, msg=xxl-rpc remoting fail, StatusCode(404) invalid. for url : http://localhost:8080/xxl-job-admin/api/callback, content=null]
2026-07-16 17:14:07 [com.xxl.job.core.thread.TriggerCallbackThread#callbackLog]-[197]-[Thread-75] <br>----------- xxl-job job callback fail, callbackResult:ReturnT [code=500, msg=xxl-rpc remoting fail, StatusCode(404) invalid. for url : http://localhost:8080/xxl-job-admin/api/callback, content=null]
2026-07-16 17:14:37 [com.xxl.job.core.thread.TriggerCallbackThread#callbackLog]-[197]-[Thread-75] <br>----------- xxl-job job callback fail, callbackResult:ReturnT [code=500, msg=xxl-rpc remoting fail, StatusCode(404) invalid. for url : http://localhost:8080/xxl-job-admin/api/callback, content=null]
2026-07-16 17:15:07 [com.xxl.job.core.thread.TriggerCallbackThread#callbackLog]-[197]-[Thread-75] <br>----------- xxl-job job callback fail, callbackResult:ReturnT [code=500, msg=xxl-rpc remoting fail, StatusCode(404) invalid. for url : http://localhost:8080/xxl-job-admin/api/callback, content=null]
2026-07-16 17:15:37 [com.xxl.job.core.thread.TriggerCallbackThread#callbackLog]-[197]-[Thread-75] <br>----------- xxl-job job callback fail, callbackResult:ReturnT [code=500, msg=xxl-rpc remoting fail, StatusCode(404) invalid. for url : http://localhost:8080/xxl-job-admin/api/callback, content=null]
2026-07-16 17:16:07 [com.xxl.job.core.thread.TriggerCallbackThread#callbackLog]-[197]-[Thread-75] <br>----------- xxl-job job callback fail, callbackResult:ReturnT [code=500, msg=xxl-rpc remoting fail, StatusCode(404) invalid. for url : http://localhost:8080/xxl-job-admin/api/callback, content=null]
2026-07-16 17:16:37 [com.xxl.job.core.thread.TriggerCallbackThread#callbackLog]-[197]-[Thread-75] <br>----------- xxl-job job callback fail, callbackResult:ReturnT [code=500, msg=xxl-rpc remoting fail, StatusCode(404) invalid. for url : http://localhost:8080/xxl-job-admin/api/callback, content=null]
2026-07-16 17:17:07 [com.xxl.job.core.thread.TriggerCallbackThread#callbackLog]-[197]-[Thread-75] <br>----------- xxl-job job callback fail, callbackResult:ReturnT [code=500, msg=xxl-rpc remoting fail, StatusCode(404) invalid. for url : http://localhost:8080/xxl-job-admin/api/callback, content=null]
2026-07-16 17:17:37 [com.xxl.job.core.thread.TriggerCallbackThread#callbackLog]-[197]-[Thread-75] <br>----------- xxl-job job callback fail, callbackResult:ReturnT [code=500, msg=xxl-rpc remoting fail, StatusCode(404) invalid. for url : http://localhost:8080/xxl-job-admin/api/callback, content=null]
2026-07-16 17:18:07 [com.xxl.job.core.thread.TriggerCallbackThread#callbackLog]-[197]-[Thread-75] <br>----------- xxl-job job callback fail, callbackResult:ReturnT [code=500, msg=xxl-rpc remoting fail, StatusCode(404) invalid. for url : http://localhost:8080/xxl-job-admin/api/callback, content=null]
2026-07-16 17:18:37 [com.xxl.job.core.thread.TriggerCallbackThread#callbackLog]-[197]-[Thread-75] <br>----------- xxl-job job callback fail, callbackResult:ReturnT [code=500, msg=xxl-rpc remoting fail, StatusCode(404) invalid. for url : http://localhost:8080/xxl-job-admin/api/callback, content=null]
2026-07-16 17:19:07 [com.xxl.job.core.thread.TriggerCallbackThread#callbackLog]-[197]-[Thread-75] <br>----------- xxl-job job callback fail, callbackResult:ReturnT [code=500, msg=xxl-rpc remoting fail, StatusCode(404) invalid. for url : http://localhost:8080/xxl-job-admin/api/callback, content=null]
2026-07-16 17:19:37 [com.xxl.job.core.thread.TriggerCallbackThread#callbackLog]-[197]-[Thread-75] <br>----------- xxl-job job callback fail, callbackResult:ReturnT [code=500, msg=xxl-rpc remoting fail, StatusCode(404) invalid. for url : http://localhost:8080/xxl-job-admin/api/callback, content=null]
2026-07-16 17:20:07 [com.xxl.job.core.thread.TriggerCallbackThread#callbackLog]-[197]-[Thread-75] <br>----------- xxl-job job callback fail, callbackResult:ReturnT [code=500, msg=xxl-rpc remoting fail, StatusCode(404) invalid. for url : http://localhost:8080/xxl-job-admin/api/callback, content=null]
2026-07-16 17:20:37 [com.xxl.job.core.thread.TriggerCallbackThread#callbackLog]-[197]-[Thread-75] <br>----------- xxl-job job callback fail, callbackResult:ReturnT [code=500, msg=xxl-rpc remoting fail, StatusCode(404) invalid. for url : http://localhost:8080/xxl-job-admin/api/callback, content=null]
2026-07-16 17:21:07 [com.xxl.job.core.thread.TriggerCallbackThread#callbackLog]-[197]-[Thread-75] <br>----------- xxl-job job callback fail, callbackResult:ReturnT [code=500, msg=xxl-rpc remoting fail, StatusCode(404) invalid. for url : http://localhost:8080/xxl-job-admin/api/callback, content=null]
2026-07-16 17:21:37 [com.xxl.job.core.thread.TriggerCallbackThread#callbackLog]-[197]-[Thread-75] <br>----------- xxl-job job callback fail, callbackResult:ReturnT [code=500, msg=xxl-rpc remoting fail, StatusCode(404) invalid. for url : http://localhost:8080/xxl-job-admin/api/callback, content=null]
2026-07-16 17:22:07 [com.xxl.job.core.thread.TriggerCallbackThread#callbackLog]-[197]-[Thread-75] <br>----------- xxl-job job callback fail, callbackResult:ReturnT [code=500, msg=xxl-rpc remoting fail, StatusCode(404) invalid. for url : http://localhost:8080/xxl-job-admin/api/callback, content=null]
2026-07-16 17:22:37 [com.xxl.job.core.thread.TriggerCallbackThread#callbackLog]-[197]-[Thread-75] <br>----------- xxl-job job callback fail, callbackResult:ReturnT [code=500, msg=xxl-rpc remoting fail, StatusCode(404) invalid. for url : http://localhost:8080/xxl-job-admin/api/callback, content=null]
2026-07-16 17:23:07 [com.xxl.job.core.thread.TriggerCallbackThread#callbackLog]-[197]-[Thread-75] <br>----------- xxl-job job callback fail, callbackResult:ReturnT [code=500, msg=xxl-rpc remoting fail, StatusCode(404) invalid. for url : http://localhost:8080/xxl-job-admin/api/callback, content=null]
2026-07-16 17:23:37 [com.xxl.job.core.thread.TriggerCallbackThread#callbackLog]-[197]-[Thread-75] <br>----------- xxl-job job callback fail, callbackResult:ReturnT [code=500, msg=xxl-rpc remoting fail, StatusCode(404) invalid. for url : http://localhost:8080/xxl-job-admin/api/callback, content=null]
2026-07-16 17:25:02 [com.xxl.job.core.thread.TriggerCallbackThread#callbackLog]-[197]-[Thread-101] <br>----------- xxl-job job callback fail, callbackResult:ReturnT [code=500, msg=xxl-rpc remoting fail, StatusCode(404) invalid. for url : http://localhost:8080/xxl-job-admin/api/callback, content=null]
2026-07-16 17:25:32 [com.xxl.job.core.thread.TriggerCallbackThread#callbackLog]-[197]-[Thread-101] <br>----------- xxl-job job callback fail, callbackResult:ReturnT [code=500, msg=xxl-rpc remoting fail, StatusCode(404) invalid. for url : http://localhost:8080/xxl-job-admin/api/callback, content=null]
2026-07-16 17:26:02 [com.xxl.job.core.thread.TriggerCallbackThread#callbackLog]-[197]-[Thread-101] <br>----------- xxl-job job callback fail, callbackResult:ReturnT [code=500, msg=xxl-rpc remoting fail, StatusCode(404) invalid. for url : http://localhost:8080/xxl-job-admin/api/callback, content=null]
2026-07-16 17:26:32 [com.xxl.job.core.thread.TriggerCallbackThread#callbackLog]-[197]-[Thread-101] <br>----------- xxl-job job callback fail, callbackResult:ReturnT [code=500, msg=xxl-rpc remoting fail, StatusCode(404) invalid. for url : http://localhost:8080/xxl-job-admin/api/callback, content=null]
2026-07-16 17:27:02 [com.xxl.job.core.thread.TriggerCallbackThread#callbackLog]-[197]-[Thread-101] <br>----------- xxl-job job callback fail, callbackResult:ReturnT [code=500, msg=xxl-rpc remoting fail, StatusCode(404) invalid. for url : http://localhost:8080/xxl-job-admin/api/callback, content=null]
2026-07-16 17:27:32 [com.xxl.job.core.thread.TriggerCallbackThread#callbackLog]-[197]-[Thread-101] <br>----------- xxl-job job callback fail, callbackResult:ReturnT [code=500, msg=xxl-rpc remoting fail, StatusCode(404) invalid. for url : http://localhost:8080/xxl-job-admin/api/callback, content=null]
2026-07-16 17:28:02 [com.xxl.job.core.thread.TriggerCallbackThread#callbackLog]-[197]-[Thread-101] <br>----------- xxl-job job callback fail, callbackResult:ReturnT [code=500, msg=xxl-rpc remoting fail, StatusCode(404) invalid. for url : http://localhost:8080/xxl-job-admin/api/callback, content=null]
2026-07-16 17:28:32 [com.xxl.job.core.thread.TriggerCallbackThread#callbackLog]-[197]-[Thread-101] <br>----------- xxl-job job callback fail, callbackResult:ReturnT [code=500, msg=xxl-rpc remoting fail, StatusCode(404) invalid. for url : http://localhost:8080/xxl-job-admin/api/callback, content=null]
2026-07-16 17:29:02 [com.xxl.job.core.thread.TriggerCallbackThread#callbackLog]-[197]-[Thread-101] <br>----------- xxl-job job callback fail, callbackResult:ReturnT [code=500, msg=xxl-rpc remoting fail, StatusCode(404) invalid. for url : http://localhost:8080/xxl-job-admin/api/callback, content=null]
2026-07-16 17:29:32 [com.xxl.job.core.thread.TriggerCallbackThread#callbackLog]-[197]-[Thread-101] <br>----------- xxl-job job callback fail, callbackResult:ReturnT [code=500, msg=xxl-rpc remoting fail, StatusCode(404) invalid. for url : http://localhost:8080/xxl-job-admin/api/callback, content=null]
2026-07-16 17:30:02 [com.xxl.job.core.thread.TriggerCallbackThread#callbackLog]-[197]-[Thread-101] <br>----------- xxl-job job callback fail, callbackResult:ReturnT [code=500, msg=xxl-rpc remoting fail, StatusCode(404) invalid. for url : http://localhost:8080/xxl-job-admin/api/callback, content=null]
2026-07-16 17:30:32 [com.xxl.job.core.thread.TriggerCallbackThread#callbackLog]-[197]-[Thread-101] <br>----------- xxl-job job callback fail, callbackResult:ReturnT [code=500, msg=xxl-rpc remoting fail, StatusCode(404) invalid. for url : http://localhost:8080/xxl-job-admin/api/callback, content=null]
2026-07-16 17:31:02 [com.xxl.job.core.thread.TriggerCallbackThread#callbackLog]-[197]-[Thread-101] <br>----------- xxl-job job callback fail, callbackResult:ReturnT [code=500, msg=xxl-rpc remoting fail, StatusCode(404) invalid. for url : http://localhost:8080/xxl-job-admin/api/callback, content=null]
2026-07-16 17:31:32 [com.xxl.job.core.thread.TriggerCallbackThread#callbackLog]-[197]-[Thread-101] <br>----------- xxl-job job callback fail, callbackResult:ReturnT [code=500, msg=xxl-rpc remoting fail, StatusCode(404) invalid. for url : http://localhost:8080/xxl-job-admin/api/callback, content=null]
2026-07-16 17:32:02 [com.xxl.job.core.thread.TriggerCallbackThread#callbackLog]-[197]-[Thread-101] <br>----------- xxl-job job callback fail, callbackResult:ReturnT [code=500, msg=xxl-rpc remoting fail, StatusCode(404) invalid. for url : http://localhost:8080/xxl-job-admin/api/callback, content=null]
2026-07-16 17:32:32 [com.xxl.job.core.thread.TriggerCallbackThread#callbackLog]-[197]-[Thread-101] <br>----------- xxl-job job callback fail, callbackResult:ReturnT [code=500, msg=xxl-rpc remoting fail, StatusCode(404) invalid. for url : http://localhost:8080/xxl-job-admin/api/callback, content=null]
2026-07-16 17:33:02 [com.xxl.job.core.thread.TriggerCallbackThread#callbackLog]-[197]-[Thread-101] <br>----------- xxl-job job callback fail, callbackResult:ReturnT [code=500, msg=xxl-rpc remoting fail, StatusCode(404) invalid. for url : http://localhost:8080/xxl-job-admin/api/callback, content=null]
2026-07-16 17:33:32 [com.xxl.job.core.thread.TriggerCallbackThread#callbackLog]-[197]-[Thread-101] <br>----------- xxl-job job callback fail, callbackResult:ReturnT [code=500, msg=xxl-rpc remoting fail, StatusCode(404) invalid. for url : http://localhost:8080/xxl-job-admin/api/callback, content=null]
2026-07-16 17:34:02 [com.xxl.job.core.thread.TriggerCallbackThread#callbackLog]-[197]-[Thread-101] <br>----------- xxl-job job callback fail, callbackResult:ReturnT [code=500, msg=xxl-rpc remoting fail, StatusCode(404) invalid. for url : http://localhost:8080/xxl-job-admin/api/callback, content=null]
2026-07-16 17:34:32 [com.xxl.job.core.thread.TriggerCallbackThread#callbackLog]-[197]-[Thread-101] <br>----------- xxl-job job callback fail, callbackResult:ReturnT [code=500, msg=xxl-rpc remoting fail, StatusCode(404) invalid. for url : http://localhost:8080/xxl-job-admin/api/callback, content=null]
2026-07-16 17:35:02 [com.xxl.job.core.thread.TriggerCallbackThread#callbackLog]-[197]-[Thread-101] <br>----------- xxl-job job callback fail, callbackResult:ReturnT [code=500, msg=xxl-rpc remoting fail, StatusCode(404) invalid. for url : http://localhost:8080/xxl-job-admin/api/callback, content=null]
2026-07-16 17:35:32 [com.xxl.job.core.thread.TriggerCallbackThread#callbackLog]-[197]-[Thread-101] <br>----------- xxl-job job callback fail, callbackResult:ReturnT [code=500, msg=xxl-rpc remoting fail, StatusCode(404) invalid. for url : http://localhost:8080/xxl-job-admin/api/callback, content=null]
2026-07-16 17:36:02 [com.xxl.job.core.thread.TriggerCallbackThread#callbackLog]-[197]-[Thread-101] <br>----------- xxl-job job callback fail, callbackResult:ReturnT [code=500, msg=xxl-rpc remoting fail, StatusCode(404) invalid. for url : http://localhost:8080/xxl-job-admin/api/callback, content=null]
2026-07-16 17:36:32 [com.xxl.job.core.thread.TriggerCallbackThread#callbackLog]-[197]-[Thread-101] <br>----------- xxl-job job callback fail, callbackResult:ReturnT [code=500, msg=xxl-rpc remoting fail, StatusCode(404) invalid. for url : http://localhost:8080/xxl-job-admin/api/callback, content=null]
2026-07-16 17:37:02 [com.xxl.job.core.thread.TriggerCallbackThread#callbackLog]-[197]-[Thread-101] <br>----------- xxl-job job callback fail, callbackResult:ReturnT [code=500, msg=xxl-rpc remoting fail, StatusCode(404) invalid. for url : http://localhost:8080/xxl-job-admin/api/callback, content=null]
2026-07-16 17:37:32 [com.xxl.job.core.thread.TriggerCallbackThread#callbackLog]-[197]-[Thread-101] <br>----------- xxl-job job callback fail, callbackResult:ReturnT [code=500, msg=xxl-rpc remoting fail, StatusCode(404) invalid. for url : http://localhost:8080/xxl-job-admin/api/callback, content=null]
2026-07-16 17:38:04 [com.xxl.job.core.thread.TriggerCallbackThread#callbackLog]-[197]-[Thread-101] <br>----------- xxl-job job callback fail, callbackResult:ReturnT [code=500, msg=xxl-rpc remoting error(Connection refused: connect), for url : http://localhost:8080/xxl-job-admin/api/callback, content=null]
2026-07-16 20:01:32 [com.xxl.job.core.thread.TriggerCallbackThread#callbackLog]-[197]-[Thread-137] <br>----------- xxl-job job callback fail, callbackResult:ReturnT [code=500, msg=xxl-rpc remoting error(Connection refused: connect), for url : http://localhost:8080/xxl-job-admin/api/callback, content=null]
2026-07-16 20:19:55 [com.xxl.job.core.thread.TriggerCallbackThread#callbackLog]-[197]-[Thread-123] <br>----------- xxl-job job callback fail, callbackResult:ReturnT [code=500, msg=xxl-rpc remoting fail, StatusCode(404) invalid. for url : http://localhost:8080/xxl-job-admin/api/callback, content=null]
2026-07-16 20:22:01 [com.xxl.job.core.thread.TriggerCallbackThread#callbackLog]-[197]-[Thread-86] <br>----------- xxl-job job callback fail, callbackResult:ReturnT [code=500, msg=xxl-rpc remoting fail, StatusCode(404) invalid. for url : http://localhost:8080/xxl-job-admin/api/callback, content=null]
2026-07-16 20:22:31 [com.xxl.job.core.thread.TriggerCallbackThread#callbackLog]-[197]-[Thread-86] <br>----------- xxl-job job callback fail, callbackResult:ReturnT [code=500, msg=xxl-rpc remoting fail, StatusCode(404) invalid. for url : http://localhost:8080/xxl-job-admin/api/callback, content=null]
2026-07-16 20:23:01 [com.xxl.job.core.thread.TriggerCallbackThread#callbackLog]-[197]-[Thread-86] <br>----------- xxl-job job callback fail, callbackResult:ReturnT [code=500, msg=xxl-rpc remoting fail, StatusCode(404) invalid. for url : http://localhost:8080/xxl-job-admin/api/callback, content=null]
2026-07-16 20:23:31 [com.xxl.job.core.thread.TriggerCallbackThread#callbackLog]-[197]-[Thread-86] <br>----------- xxl-job job callback fail, callbackResult:ReturnT [code=500, msg=xxl-rpc remoting fail, StatusCode(404) invalid. for url : http://localhost:8080/xxl-job-admin/api/callback, content=null]
2026-07-16 20:24:01 [com.xxl.job.core.thread.TriggerCallbackThread#callbackLog]-[197]-[Thread-86] <br>----------- xxl-job job callback fail, callbackResult:ReturnT [code=500, msg=xxl-rpc remoting fail, StatusCode(404) invalid. for url : http://localhost:8080/xxl-job-admin/api/callback, content=null]
2026-07-16 20:24:31 [com.xxl.job.core.thread.TriggerCallbackThread#callbackLog]-[197]-[Thread-86] <br>----------- xxl-job job callback fail, callbackResult:ReturnT [code=500, msg=xxl-rpc remoting fail, StatusCode(404) invalid. for url : http://localhost:8080/xxl-job-admin/api/callback, content=null]
2026-07-16 20:25:01 [com.xxl.job.core.thread.TriggerCallbackThread#callbackLog]-[197]-[Thread-86] <br>----------- xxl-job job callback fail, callbackResult:ReturnT [code=500, msg=xxl-rpc remoting fail, StatusCode(404) invalid. for url : http://localhost:8080/xxl-job-admin/api/callback, content=null]
2026-07-16 20:25:31 [com.xxl.job.core.thread.TriggerCallbackThread#callbackLog]-[197]-[Thread-86] <br>----------- xxl-job job callback fail, callbackResult:ReturnT [code=500, msg=xxl-rpc remoting fail, StatusCode(404) invalid. for url : http://localhost:8080/xxl-job-admin/api/callback, content=null]
2026-07-16 20:26:01 [com.xxl.job.core.thread.TriggerCallbackThread#callbackLog]-[197]-[Thread-86] <br>----------- xxl-job job callback fail, callbackResult:ReturnT [code=500, msg=xxl-rpc remoting fail, StatusCode(404) invalid. for url : http://localhost:8080/xxl-job-admin/api/callback, content=null]
2026-07-16 20:26:31 [com.xxl.job.core.thread.TriggerCallbackThread#callbackLog]-[197]-[Thread-86] <br>----------- xxl-job job callback fail, callbackResult:ReturnT [code=500, msg=xxl-rpc remoting fail, StatusCode(404) invalid. for url : http://localhost:8080/xxl-job-admin/api/callback, content=null]
2026-07-16 20:27:01 [com.xxl.job.core.thread.TriggerCallbackThread#callbackLog]-[197]-[Thread-86] <br>----------- xxl-job job callback fail, callbackResult:ReturnT [code=500, msg=xxl-rpc remoting fail, StatusCode(404) invalid. for url : http://localhost:8080/xxl-job-admin/api/callback, content=null]
2026-07-16 20:27:31 [com.xxl.job.core.thread.TriggerCallbackThread#callbackLog]-[197]-[Thread-86] <br>----------- xxl-job job callback fail, callbackResult:ReturnT [code=500, msg=xxl-rpc remoting fail, StatusCode(404) invalid. for url : http://localhost:8080/xxl-job-admin/api/callback, content=null]
2026-07-16 20:28:01 [com.xxl.job.core.thread.TriggerCallbackThread#callbackLog]-[197]-[Thread-86] <br>----------- xxl-job job callback fail, callbackResult:ReturnT [code=500, msg=xxl-rpc remoting fail, StatusCode(404) invalid. for url : http://localhost:8080/xxl-job-admin/api/callback, content=null]
2026-07-16 20:28:31 [com.xxl.job.core.thread.TriggerCallbackThread#callbackLog]-[197]-[Thread-86] <br>----------- xxl-job job callback fail, callbackResult:ReturnT [code=500, msg=xxl-rpc remoting fail, StatusCode(404) invalid. for url : http://localhost:8080/xxl-job-admin/api/callback, content=null]
2026-07-16 20:29:01 [com.xxl.job.core.thread.TriggerCallbackThread#callbackLog]-[197]-[Thread-86] <br>----------- xxl-job job callback fail, callbackResult:ReturnT [code=500, msg=xxl-rpc remoting fail, StatusCode(404) invalid. for url : http://localhost:8080/xxl-job-admin/api/callback, content=null]
2026-07-16 20:29:31 [com.xxl.job.core.thread.TriggerCallbackThread#callbackLog]-[197]-[Thread-86] <br>----------- xxl-job job callback fail, callbackResult:ReturnT [code=500, msg=xxl-rpc remoting fail, StatusCode(404) invalid. for url : http://localhost:8080/xxl-job-admin/api/callback, content=null]
2026-07-16 20:30:01 [com.xxl.job.core.thread.TriggerCallbackThread#callbackLog]-[197]-[Thread-86] <br>----------- xxl-job job callback fail, callbackResult:ReturnT [code=500, msg=xxl-rpc remoting fail, StatusCode(404) invalid. for url : http://localhost:8080/xxl-job-admin/api/callback, content=null]
2026-07-16 20:30:31 [com.xxl.job.core.thread.TriggerCallbackThread#callbackLog]-[197]-[Thread-86] <br>----------- xxl-job job callback fail, callbackResult:ReturnT [code=500, msg=xxl-rpc remoting fail, StatusCode(404) invalid. for url : http://localhost:8080/xxl-job-admin/api/callback, content=null]
2026-07-16 20:31:01 [com.xxl.job.core.thread.TriggerCallbackThread#callbackLog]-[197]-[Thread-86] <br>----------- xxl-job job callback fail, callbackResult:ReturnT [code=500, msg=xxl-rpc remoting fail, StatusCode(404) invalid. for url : http://localhost:8080/xxl-job-admin/api/callback, content=null]
2026-07-16 20:31:31 [com.xxl.job.core.thread.TriggerCallbackThread#callbackLog]-[197]-[Thread-86] <br>----------- xxl-job job callback fail, callbackResult:ReturnT [code=500, msg=xxl-rpc remoting fail, StatusCode(404) invalid. for url : http://localhost:8080/xxl-job-admin/api/callback, content=null]
2026-07-16 20:32:01 [com.xxl.job.core.thread.TriggerCallbackThread#callbackLog]-[197]-[Thread-86] <br>----------- xxl-job job callback fail, callbackResult:ReturnT [code=500, msg=xxl-rpc remoting fail, StatusCode(404) invalid. for url : http://localhost:8080/xxl-job-admin/api/callback, content=null]
2026-07-16 20:32:31 [com.xxl.job.core.thread.TriggerCallbackThread#callbackLog]-[197]-[Thread-86] <br>----------- xxl-job job callback fail, callbackResult:ReturnT [code=500, msg=xxl-rpc remoting fail, StatusCode(404) invalid. for url : http://localhost:8080/xxl-job-admin/api/callback, content=null]
2026-07-16 20:33:01 [com.xxl.job.core.thread.TriggerCallbackThread#callbackLog]-[197]-[Thread-86] <br>----------- xxl-job job callback fail, callbackResult:ReturnT [code=500, msg=xxl-rpc remoting fail, StatusCode(404) invalid. for url : http://localhost:8080/xxl-job-admin/api/callback, content=null]
2026-07-16 20:33:31 [com.xxl.job.core.thread.TriggerCallbackThread#callbackLog]-[197]-[Thread-86] <br>----------- xxl-job job callback fail, callbackResult:ReturnT [code=500, msg=xxl-rpc remoting fail, StatusCode(404) invalid. for url : http://localhost:8080/xxl-job-admin/api/callback, content=null]
2026-07-16 20:34:01 [com.xxl.job.core.thread.TriggerCallbackThread#callbackLog]-[197]-[Thread-86] <br>----------- xxl-job job callback fail, callbackResult:ReturnT [code=500, msg=xxl-rpc remoting fail, StatusCode(404) invalid. for url : http://localhost:8080/xxl-job-admin/api/callback, content=null]
2026-07-16 20:34:32 [com.xxl.job.core.thread.TriggerCallbackThread#callbackLog]-[197]-[Thread-86] <br>----------- xxl-job job callback fail, callbackResult:ReturnT [code=500, msg=xxl-rpc remoting fail, StatusCode(404) invalid. for url : http://localhost:8080/xxl-job-admin/api/callback, content=null]
2026-07-16 20:35:02 [com.xxl.job.core.thread.TriggerCallbackThread#callbackLog]-[197]-[Thread-86] <br>----------- xxl-job job callback fail, callbackResult:ReturnT [code=500, msg=xxl-rpc remoting fail, StatusCode(404) invalid. for url : http://localhost:8080/xxl-job-admin/api/callback, content=null]
2026-07-16 20:35:32 [com.xxl.job.core.thread.TriggerCallbackThread#callbackLog]-[197]-[Thread-86] <br>----------- xxl-job job callback fail, callbackResult:ReturnT [code=500, msg=xxl-rpc remoting fail, StatusCode(404) invalid. for url : http://localhost:8080/xxl-job-admin/api/callback, content=null]
2026-07-16 20:36:02 [com.xxl.job.core.thread.TriggerCallbackThread#callbackLog]-[197]-[Thread-86] <br>----------- xxl-job job callback fail, callbackResult:ReturnT [code=500, msg=xxl-rpc remoting fail, StatusCode(404) invalid. for url : http://localhost:8080/xxl-job-admin/api/callback, content=null]
2026-07-16 20:36:32 [com.xxl.job.core.thread.TriggerCallbackThread#callbackLog]-[197]-[Thread-86] <br>----------- xxl-job job callback fail, callbackResult:ReturnT [code=500, msg=xxl-rpc remoting fail, StatusCode(404) invalid. for url : http://localhost:8080/xxl-job-admin/api/callback, content=null]
2026-07-16 20:37:02 [com.xxl.job.core.thread.TriggerCallbackThread#callbackLog]-[197]-[Thread-86] <br>----------- xxl-job job callback fail, callbackResult:ReturnT [code=500, msg=xxl-rpc remoting fail, StatusCode(404) invalid. for url : http://localhost:8080/xxl-job-admin/api/callback, content=null]
2026-07-16 20:37:32 [com.xxl.job.core.thread.TriggerCallbackThread#callbackLog]-[197]-[Thread-86] <br>----------- xxl-job job callback fail, callbackResult:ReturnT [code=500, msg=xxl-rpc remoting fail, StatusCode(404) invalid. for url : http://localhost:8080/xxl-job-admin/api/callback, content=null]
2026-07-16 20:38:02 [com.xxl.job.core.thread.TriggerCallbackThread#callbackLog]-[197]-[Thread-86] <br>----------- xxl-job job callback fail, callbackResult:ReturnT [code=500, msg=xxl-rpc remoting fail, StatusCode(404) invalid. for url : http://localhost:8080/xxl-job-admin/api/callback, content=null]
2026-07-16 20:38:32 [com.xxl.job.core.thread.TriggerCallbackThread#callbackLog]-[197]-[Thread-86] <br>----------- xxl-job job callback fail, callbackResult:ReturnT [code=500, msg=xxl-rpc remoting fail, StatusCode(404) invalid. for url : http://localhost:8080/xxl-job-admin/api/callback, content=null]
2026-07-16 20:39:02 [com.xxl.job.core.thread.TriggerCallbackThread#callbackLog]-[197]-[Thread-86] <br>----------- xxl-job job callback fail, callbackResult:ReturnT [code=500, msg=xxl-rpc remoting fail, StatusCode(404) invalid. for url : http://localhost:8080/xxl-job-admin/api/callback, content=null]
2026-07-16 20:39:32 [com.xxl.job.core.thread.TriggerCallbackThread#callbackLog]-[197]-[Thread-86] <br>----------- xxl-job job callback fail, callbackResult:ReturnT [code=500, msg=xxl-rpc remoting fail, StatusCode(404) invalid. for url : http://localhost:8080/xxl-job-admin/api/callback, content=null]
2026-07-16 20:40:02 [com.xxl.job.core.thread.TriggerCallbackThread#callbackLog]-[197]-[Thread-86] <br>----------- xxl-job job callback fail, callbackResult:ReturnT [code=500, msg=xxl-rpc remoting fail, StatusCode(404) invalid. for url : http://localhost:8080/xxl-job-admin/api/callback, content=null]
2026-07-16 20:40:32 [com.xxl.job.core.thread.TriggerCallbackThread#callbackLog]-[197]-[Thread-86] <br>----------- xxl-job job callback fail, callbackResult:ReturnT [code=500, msg=xxl-rpc remoting fail, StatusCode(404) invalid. for url : http://localhost:8080/xxl-job-admin/api/callback, content=null]
2026-07-16 20:41:02 [com.xxl.job.core.thread.TriggerCallbackThread#callbackLog]-[197]-[Thread-86] <br>----------- xxl-job job callback fail, callbackResult:ReturnT [code=500, msg=xxl-rpc remoting fail, StatusCode(404) invalid. for url : http://localhost:8080/xxl-job-admin/api/callback, content=null]
2026-07-16 20:41:32 [com.xxl.job.core.thread.TriggerCallbackThread#callbackLog]-[197]-[Thread-86] <br>----------- xxl-job job callback fail, callbackResult:ReturnT [code=500, msg=xxl-rpc remoting fail, StatusCode(404) invalid. for url : http://localhost:8080/xxl-job-admin/api/callback, content=null]
2026-07-16 20:42:02 [com.xxl.job.core.thread.TriggerCallbackThread#callbackLog]-[197]-[Thread-86] <br>----------- xxl-job job callback fail, callbackResult:ReturnT [code=500, msg=xxl-rpc remoting fail, StatusCode(404) invalid. for url : http://localhost:8080/xxl-job-admin/api/callback, content=null]
2026-07-16 20:42:32 [com.xxl.job.core.thread.TriggerCallbackThread#callbackLog]-[197]-[Thread-86] <br>----------- xxl-job job callback fail, callbackResult:ReturnT [code=500, msg=xxl-rpc remoting fail, StatusCode(404) invalid. for url : http://localhost:8080/xxl-job-admin/api/callback, content=null]
2026-07-16 20:43:02 [com.xxl.job.core.thread.TriggerCallbackThread#callbackLog]-[197]-[Thread-86] <br>----------- xxl-job job callback fail, callbackResult:ReturnT [code=500, msg=xxl-rpc remoting fail, StatusCode(404) invalid. for url : http://localhost:8080/xxl-job-admin/api/callback, content=null]
2026-07-16 20:43:32 [com.xxl.job.core.thread.TriggerCallbackThread#callbackLog]-[197]-[Thread-86] <br>----------- xxl-job job callback fail, callbackResult:ReturnT [code=500, msg=xxl-rpc remoting fail, StatusCode(404) invalid. for url : http://localhost:8080/xxl-job-admin/api/callback, content=null]
2026-07-16 20:44:02 [com.xxl.job.core.thread.TriggerCallbackThread#callbackLog]-[197]-[Thread-86] <br>----------- xxl-job job callback fail, callbackResult:ReturnT [code=500, msg=xxl-rpc remoting fail, StatusCode(404) invalid. for url : http://localhost:8080/xxl-job-admin/api/callback, content=null]
2026-07-16 20:44:32 [com.xxl.job.core.thread.TriggerCallbackThread#callbackLog]-[197]-[Thread-86] <br>----------- xxl-job job callback fail, callbackResult:ReturnT [code=500, msg=xxl-rpc remoting fail, StatusCode(404) invalid. for url : http://localhost:8080/xxl-job-admin/api/callback, content=null]
2026-07-16 20:45:02 [com.xxl.job.core.thread.TriggerCallbackThread#callbackLog]-[197]-[Thread-86] <br>----------- xxl-job job callback fail, callbackResult:ReturnT [code=500, msg=xxl-rpc remoting fail, StatusCode(404) invalid. for url : http://localhost:8080/xxl-job-admin/api/callback, content=null]
2026-07-16 20:45:32 [com.xxl.job.core.thread.TriggerCallbackThread#callbackLog]-[197]-[Thread-86] <br>----------- xxl-job job callback fail, callbackResult:ReturnT [code=500, msg=xxl-rpc remoting fail, StatusCode(404) invalid. for url : http://localhost:8080/xxl-job-admin/api/callback, content=null]
2026-07-16 20:46:02 [com.xxl.job.core.thread.TriggerCallbackThread#callbackLog]-[197]-[Thread-86] <br>----------- xxl-job job callback fail, callbackResult:ReturnT [code=500, msg=xxl-rpc remoting fail, StatusCode(404) invalid. for url : http://localhost:8080/xxl-job-admin/api/callback, content=null]
2026-07-16 20:46:32 [com.xxl.job.core.thread.TriggerCallbackThread#callbackLog]-[197]-[Thread-86] <br>----------- xxl-job job callback fail, callbackResult:ReturnT [code=500, msg=xxl-rpc remoting fail, StatusCode(404) invalid. for url : http://localhost:8080/xxl-job-admin/api/callback, content=null]
2026-07-16 20:47:02 [com.xxl.job.core.thread.TriggerCallbackThread#callbackLog]-[197]-[Thread-86] <br>----------- xxl-job job callback fail, callbackResult:ReturnT [code=500, msg=xxl-rpc remoting fail, StatusCode(404) invalid. for url : http://localhost:8080/xxl-job-admin/api/callback, content=null]
2026-07-16 20:47:32 [com.xxl.job.core.thread.TriggerCallbackThread#callbackLog]-[197]-[Thread-86] <br>----------- xxl-job job callback fail, callbackResult:ReturnT [code=500, msg=xxl-rpc remoting fail, StatusCode(404) invalid. for url : http://localhost:8080/xxl-job-admin/api/callback, content=null]
2026-07-16 20:48:02 [com.xxl.job.core.thread.TriggerCallbackThread#callbackLog]-[197]-[Thread-86] <br>----------- xxl-job job callback fail, callbackResult:ReturnT [code=500, msg=xxl-rpc remoting fail, StatusCode(404) invalid. for url : http://localhost:8080/xxl-job-admin/api/callback, content=null]
2026-07-16 20:48:32 [com.xxl.job.core.thread.TriggerCallbackThread#callbackLog]-[197]-[Thread-86] <br>----------- xxl-job job callback fail, callbackResult:ReturnT [code=500, msg=xxl-rpc remoting fail, StatusCode(404) invalid. for url : http://localhost:8080/xxl-job-admin/api/callback, content=null]
2026-07-16 20:49:02 [com.xxl.job.core.thread.TriggerCallbackThread#callbackLog]-[197]-[Thread-86] <br>----------- xxl-job job callback fail, callbackResult:ReturnT [code=500, msg=xxl-rpc remoting fail, StatusCode(404) invalid. for url : http://localhost:8080/xxl-job-admin/api/callback, content=null]
2026-07-16 20:49:32 [com.xxl.job.core.thread.TriggerCallbackThread#callbackLog]-[197]-[Thread-86] <br>----------- xxl-job job callback fail, callbackResult:ReturnT [code=500, msg=xxl-rpc remoting fail, StatusCode(404) invalid. for url : http://localhost:8080/xxl-job-admin/api/callback, content=null]
2026-07-16 20:50:02 [com.xxl.job.core.thread.TriggerCallbackThread#callbackLog]-[197]-[Thread-86] <br>----------- xxl-job job callback fail, callbackResult:ReturnT [code=500, msg=xxl-rpc remoting fail, StatusCode(404) invalid. for url : http://localhost:8080/xxl-job-admin/api/callback, content=null]
2026-07-16 20:50:32 [com.xxl.job.core.thread.TriggerCallbackThread#callbackLog]-[197]-[Thread-86] <br>----------- xxl-job job callback fail, callbackResult:ReturnT [code=500, msg=xxl-rpc remoting fail, StatusCode(404) invalid. for url : http://localhost:8080/xxl-job-admin/api/callback, content=null]
2026-07-16 20:51:02 [com.xxl.job.core.thread.TriggerCallbackThread#callbackLog]-[197]-[Thread-86] <br>----------- xxl-job job callback fail, callbackResult:ReturnT [code=500, msg=xxl-rpc remoting fail, StatusCode(404) invalid. for url : http://localhost:8080/xxl-job-admin/api/callback, content=null]
2026-07-16 20:51:32 [com.xxl.job.core.thread.TriggerCallbackThread#callbackLog]-[197]-[Thread-86] <br>----------- xxl-job job callback fail, callbackResult:ReturnT [code=500, msg=xxl-rpc remoting fail, StatusCode(404) invalid. for url : http://localhost:8080/xxl-job-admin/api/callback, content=null]
2026-07-16 20:52:02 [com.xxl.job.core.thread.TriggerCallbackThread#callbackLog]-[197]-[Thread-86] <br>----------- xxl-job job callback fail, callbackResult:ReturnT [code=500, msg=xxl-rpc remoting fail, StatusCode(404) invalid. for url : http://localhost:8080/xxl-job-admin/api/callback, content=null]
2026-07-16 20:52:32 [com.xxl.job.core.thread.TriggerCallbackThread#callbackLog]-[197]-[Thread-86] <br>----------- xxl-job job callback fail, callbackResult:ReturnT [code=500, msg=xxl-rpc remoting fail, StatusCode(404) invalid. for url : http://localhost:8080/xxl-job-admin/api/callback, content=null]
2026-07-16 20:53:02 [com.xxl.job.core.thread.TriggerCallbackThread#callbackLog]-[197]-[Thread-86] <br>----------- xxl-job job callback fail, callbackResult:ReturnT [code=500, msg=xxl-rpc remoting fail, StatusCode(404) invalid. for url : http://localhost:8080/xxl-job-admin/api/callback, content=null]
2026-07-16 20:53:32 [com.xxl.job.core.thread.TriggerCallbackThread#callbackLog]-[197]-[Thread-86] <br>----------- xxl-job job callback fail, callbackResult:ReturnT [code=500, msg=xxl-rpc remoting fail, StatusCode(404) invalid. for url : http://localhost:8080/xxl-job-admin/api/callback, content=null]
2026-07-16 20:54:02 [com.xxl.job.core.thread.TriggerCallbackThread#callbackLog]-[197]-[Thread-86] <br>----------- xxl-job job callback fail, callbackResult:ReturnT [code=500, msg=xxl-rpc remoting fail, StatusCode(404) invalid. for url : http://localhost:8080/xxl-job-admin/api/callback, content=null]
2026-07-16 20:54:32 [com.xxl.job.core.thread.TriggerCallbackThread#callbackLog]-[197]-[Thread-86] <br>----------- xxl-job job callback fail, callbackResult:ReturnT [code=500, msg=xxl-rpc remoting fail, StatusCode(404) invalid. for url : http://localhost:8080/xxl-job-admin/api/callback, content=null]
2026-07-16 20:55:02 [com.xxl.job.core.thread.TriggerCallbackThread#callbackLog]-[197]-[Thread-86] <br>----------- xxl-job job callback fail, callbackResult:ReturnT [code=500, msg=xxl-rpc remoting fail, StatusCode(404) invalid. for url : http://localhost:8080/xxl-job-admin/api/callback, content=null]
2026-07-16 20:55:32 [com.xxl.job.core.thread.TriggerCallbackThread#callbackLog]-[197]-[Thread-86] <br>----------- xxl-job job callback fail, callbackResult:ReturnT [code=500, msg=xxl-rpc remoting fail, StatusCode(404) invalid. for url : http://localhost:8080/xxl-job-admin/api/callback, content=null]
2026-07-16 20:56:02 [com.xxl.job.core.thread.TriggerCallbackThread#callbackLog]-[197]-[Thread-86] <br>----------- xxl-job job callback fail, callbackResult:ReturnT [code=500, msg=xxl-rpc remoting fail, StatusCode(404) invalid. for url : http://localhost:8080/xxl-job-admin/api/callback, content=null]
2026-07-16 20:56:32 [com.xxl.job.core.thread.TriggerCallbackThread#callbackLog]-[197]-[Thread-86] <br>----------- xxl-job job callback fail, callbackResult:ReturnT [code=500, msg=xxl-rpc remoting fail, StatusCode(404) invalid. for url : http://localhost:8080/xxl-job-admin/api/callback, content=null]
2026-07-16 20:57:02 [com.xxl.job.core.thread.TriggerCallbackThread#callbackLog]-[197]-[Thread-86] <br>----------- xxl-job job callback fail, callbackResult:ReturnT [code=500, msg=xxl-rpc remoting fail, StatusCode(404) invalid. for url : http://localhost:8080/xxl-job-admin/api/callback, content=null]
2026-07-16 20:57:32 [com.xxl.job.core.thread.TriggerCallbackThread#callbackLog]-[197]-[Thread-86] <br>----------- xxl-job job callback fail, callbackResult:ReturnT [code=500, msg=xxl-rpc remoting fail, StatusCode(404) invalid. for url : http://localhost:8080/xxl-job-admin/api/callback, content=null]
2026-07-16 20:58:02 [com.xxl.job.core.thread.TriggerCallbackThread#callbackLog]-[197]-[Thread-86] <br>----------- xxl-job job callback fail, callbackResult:ReturnT [code=500, msg=xxl-rpc remoting fail, StatusCode(404) invalid. for url : http://localhost:8080/xxl-job-admin/api/callback, content=null]
2026-07-16 20:58:32 [com.xxl.job.core.thread.TriggerCallbackThread#callbackLog]-[197]-[Thread-86] <br>----------- xxl-job job callback fail, callbackResult:ReturnT [code=500, msg=xxl-rpc remoting fail, StatusCode(404) invalid. for url : http://localhost:8080/xxl-job-admin/api/callback, content=null]
2026-07-16 20:59:02 [com.xxl.job.core.thread.TriggerCallbackThread#callbackLog]-[197]-[Thread-86] <br>----------- xxl-job job callback fail, callbackResult:ReturnT [code=500, msg=xxl-rpc remoting fail, StatusCode(404) invalid. for url : http://localhost:8080/xxl-job-admin/api/callback, content=null]
2026-07-16 20:59:32 [com.xxl.job.core.thread.TriggerCallbackThread#callbackLog]-[197]-[Thread-86] <br>----------- xxl-job job callback fail, callbackResult:ReturnT [code=500, msg=xxl-rpc remoting fail, StatusCode(404) invalid. for url : http://localhost:8080/xxl-job-admin/api/callback, content=null]
2026-07-16 21:00:03 [com.xxl.job.core.thread.TriggerCallbackThread#callbackLog]-[197]-[Thread-86] <br>----------- xxl-job job callback fail, callbackResult:ReturnT [code=500, msg=xxl-rpc remoting fail, StatusCode(404) invalid. for url : http://localhost:8080/xxl-job-admin/api/callback, content=null]
2026-07-16 21:00:33 [com.xxl.job.core.thread.TriggerCallbackThread#callbackLog]-[197]-[Thread-86] <br>----------- xxl-job job callback fail, callbackResult:ReturnT [code=500, msg=xxl-rpc remoting fail, StatusCode(404) invalid. for url : http://localhost:8080/xxl-job-admin/api/callback, content=null]
2026-07-16 21:01:03 [com.xxl.job.core.thread.TriggerCallbackThread#callbackLog]-[197]-[Thread-86] <br>----------- xxl-job job callback fail, callbackResult:ReturnT [code=500, msg=xxl-rpc remoting fail, StatusCode(404) invalid. for url : http://localhost:8080/xxl-job-admin/api/callback, content=null]
2026-07-16 21:01:33 [com.xxl.job.core.thread.TriggerCallbackThread#callbackLog]-[197]-[Thread-86] <br>----------- xxl-job job callback fail, callbackResult:ReturnT [code=500, msg=xxl-rpc remoting fail, StatusCode(404) invalid. for url : http://localhost:8080/xxl-job-admin/api/callback, content=null]
2026-07-16 21:02:03 [com.xxl.job.core.thread.TriggerCallbackThread#callbackLog]-[197]-[Thread-86] <br>----------- xxl-job job callback fail, callbackResult:ReturnT [code=500, msg=xxl-rpc remoting fail, StatusCode(404) invalid. for url : http://localhost:8080/xxl-job-admin/api/callback, content=null]
2026-07-16 21:02:33 [com.xxl.job.core.thread.TriggerCallbackThread#callbackLog]-[197]-[Thread-86] <br>----------- xxl-job job callback fail, callbackResult:ReturnT [code=500, msg=xxl-rpc remoting fail, StatusCode(404) invalid. for url : http://localhost:8080/xxl-job-admin/api/callback, content=null]
2026-07-16 21:03:03 [com.xxl.job.core.thread.TriggerCallbackThread#callbackLog]-[197]-[Thread-86] <br>----------- xxl-job job callback fail, callbackResult:ReturnT [code=500, msg=xxl-rpc remoting fail, StatusCode(404) invalid. for url : http://localhost:8080/xxl-job-admin/api/callback, content=null]
2026-07-16 21:03:33 [com.xxl.job.core.thread.TriggerCallbackThread#callbackLog]-[197]-[Thread-86] <br>----------- xxl-job job callback fail, callbackResult:ReturnT [code=500, msg=xxl-rpc remoting fail, StatusCode(404) invalid. for url : http://localhost:8080/xxl-job-admin/api/callback, content=null]
2026-07-16 21:04:03 [com.xxl.job.core.thread.TriggerCallbackThread#callbackLog]-[197]-[Thread-86] <br>----------- xxl-job job callback fail, callbackResult:ReturnT [code=500, msg=xxl-rpc remoting fail, StatusCode(404) invalid. for url : http://localhost:8080/xxl-job-admin/api/callback, content=null]
2026-07-16 21:04:33 [com.xxl.job.core.thread.TriggerCallbackThread#callbackLog]-[197]-[Thread-86] <br>----------- xxl-job job callback fail, callbackResult:ReturnT [code=500, msg=xxl-rpc remoting fail, StatusCode(404) invalid. for url : http://localhost:8080/xxl-job-admin/api/callback, content=null]
2026-07-16 21:05:03 [com.xxl.job.core.thread.TriggerCallbackThread#callbackLog]-[197]-[Thread-86] <br>----------- xxl-job job callback fail, callbackResult:ReturnT [code=500, msg=xxl-rpc remoting fail, StatusCode(404) invalid. for url : http://localhost:8080/xxl-job-admin/api/callback, content=null]
2026-07-16 21:05:33 [com.xxl.job.core.thread.TriggerCallbackThread#callbackLog]-[197]-[Thread-86] <br>----------- xxl-job job callback fail, callbackResult:ReturnT [code=500, msg=xxl-rpc remoting fail, StatusCode(404) invalid. for url : http://localhost:8080/xxl-job-admin/api/callback, content=null]
2026-07-16 21:06:03 [com.xxl.job.core.thread.TriggerCallbackThread#callbackLog]-[197]-[Thread-86] <br>----------- xxl-job job callback fail, callbackResult:ReturnT [code=500, msg=xxl-rpc remoting fail, StatusCode(404) invalid. for url : http://localhost:8080/xxl-job-admin/api/callback, content=null]
2026-07-16 21:06:33 [com.xxl.job.core.thread.TriggerCallbackThread#callbackLog]-[197]-[Thread-86] <br>----------- xxl-job job callback fail, callbackResult:ReturnT [code=500, msg=xxl-rpc remoting fail, StatusCode(404) invalid. for url : http://localhost:8080/xxl-job-admin/api/callback, content=null]
2026-07-16 21:07:03 [com.xxl.job.core.thread.TriggerCallbackThread#callbackLog]-[197]-[Thread-86] <br>----------- xxl-job job callback fail, callbackResult:ReturnT [code=500, msg=xxl-rpc remoting fail, StatusCode(404) invalid. for url : http://localhost:8080/xxl-job-admin/api/callback, content=null]
2026-07-16 21:07:33 [com.xxl.job.core.thread.TriggerCallbackThread#callbackLog]-[197]-[Thread-86] <br>----------- xxl-job job callback fail, callbackResult:ReturnT [code=500, msg=xxl-rpc remoting fail, StatusCode(404) invalid. for url : http://localhost:8080/xxl-job-admin/api/callback, content=null]
2026-07-16 21:08:03 [com.xxl.job.core.thread.TriggerCallbackThread#callbackLog]-[197]-[Thread-86] <br>----------- xxl-job job callback fail, callbackResult:ReturnT [code=500, msg=xxl-rpc remoting fail, StatusCode(404) invalid. for url : http://localhost:8080/xxl-job-admin/api/callback, content=null]
2026-07-16 21:08:33 [com.xxl.job.core.thread.TriggerCallbackThread#callbackLog]-[197]-[Thread-86] <br>----------- xxl-job job callback fail, callbackResult:ReturnT [code=500, msg=xxl-rpc remoting fail, StatusCode(404) invalid. for url : http://localhost:8080/xxl-job-admin/api/callback, content=null]
2026-07-16 21:09:03 [com.xxl.job.core.thread.TriggerCallbackThread#callbackLog]-[197]-[Thread-86] <br>----------- xxl-job job callback fail, callbackResult:ReturnT [code=500, msg=xxl-rpc remoting fail, StatusCode(404) invalid. for url : http://localhost:8080/xxl-job-admin/api/callback, content=null]
2026-07-16 21:09:33 [com.xxl.job.core.thread.TriggerCallbackThread#callbackLog]-[197]-[Thread-86] <br>----------- xxl-job job callback fail, callbackResult:ReturnT [code=500, msg=xxl-rpc remoting fail, StatusCode(404) invalid. for url : http://localhost:8080/xxl-job-admin/api/callback, content=null]
2026-07-16 21:10:03 [com.xxl.job.core.thread.TriggerCallbackThread#callbackLog]-[197]-[Thread-86] <br>----------- xxl-job job callback fail, callbackResult:ReturnT [code=500, msg=xxl-rpc remoting fail, StatusCode(404) invalid. for url : http://localhost:8080/xxl-job-admin/api/callback, content=null]
2026-07-16 21:10:33 [com.xxl.job.core.thread.TriggerCallbackThread#callbackLog]-[197]-[Thread-86] <br>----------- xxl-job job callback fail, callbackResult:ReturnT [code=500, msg=xxl-rpc remoting fail, StatusCode(404) invalid. for url : http://localhost:8080/xxl-job-admin/api/callback, content=null]
2026-07-16 21:11:03 [com.xxl.job.core.thread.TriggerCallbackThread#callbackLog]-[197]-[Thread-86] <br>----------- xxl-job job callback fail, callbackResult:ReturnT [code=500, msg=xxl-rpc remoting fail, StatusCode(404) invalid. for url : http://localhost:8080/xxl-job-admin/api/callback, content=null]
2026-07-16 21:11:33 [com.xxl.job.core.thread.TriggerCallbackThread#callbackLog]-[197]-[Thread-86] <br>----------- xxl-job job callback fail, callbackResult:ReturnT [code=500, msg=xxl-rpc remoting fail, StatusCode(404) invalid. for url : http://localhost:8080/xxl-job-admin/api/callback, content=null]
2026-07-16 21:12:03 [com.xxl.job.core.thread.TriggerCallbackThread#callbackLog]-[197]-[Thread-86] <br>----------- xxl-job job callback fail, callbackResult:ReturnT [code=500, msg=xxl-rpc remoting fail, StatusCode(404) invalid. for url : http://localhost:8080/xxl-job-admin/api/callback, content=null]
2026-07-16 21:12:33 [com.xxl.job.core.thread.TriggerCallbackThread#callbackLog]-[197]-[Thread-86] <br>----------- xxl-job job callback fail, callbackResult:ReturnT [code=500, msg=xxl-rpc remoting fail, StatusCode(404) invalid. for url : http://localhost:8080/xxl-job-admin/api/callback, content=null]
2026-07-16 21:13:03 [com.xxl.job.core.thread.TriggerCallbackThread#callbackLog]-[197]-[Thread-86] <br>----------- xxl-job job callback fail, callbackResult:ReturnT [code=500, msg=xxl-rpc remoting fail, StatusCode(404) invalid. for url : http://localhost:8080/xxl-job-admin/api/callback, content=null]
2026-07-16 21:13:33 [com.xxl.job.core.thread.TriggerCallbackThread#callbackLog]-[197]-[Thread-86] <br>----------- xxl-job job callback fail, callbackResult:ReturnT [code=500, msg=xxl-rpc remoting fail, StatusCode(404) invalid. for url : http://localhost:8080/xxl-job-admin/api/callback, content=null]
2026-07-16 21:14:03 [com.xxl.job.core.thread.TriggerCallbackThread#callbackLog]-[197]-[Thread-86] <br>----------- xxl-job job callback fail, callbackResult:ReturnT [code=500, msg=xxl-rpc remoting fail, StatusCode(404) invalid. for url : http://localhost:8080/xxl-job-admin/api/callback, content=null]
2026-07-16 21:14:33 [com.xxl.job.core.thread.TriggerCallbackThread#callbackLog]-[197]-[Thread-86] <br>----------- xxl-job job callback fail, callbackResult:ReturnT [code=500, msg=xxl-rpc remoting fail, StatusCode(404) invalid. for url : http://localhost:8080/xxl-job-admin/api/callback, content=null]
2026-07-16 21:15:03 [com.xxl.job.core.thread.TriggerCallbackThread#callbackLog]-[197]-[Thread-86] <br>----------- xxl-job job callback fail, callbackResult:ReturnT [code=500, msg=xxl-rpc remoting fail, StatusCode(404) invalid. for url : http://localhost:8080/xxl-job-admin/api/callback, content=null]
2026-07-16 21:15:33 [com.xxl.job.core.thread.TriggerCallbackThread#callbackLog]-[197]-[Thread-86] <br>----------- xxl-job job callback fail, callbackResult:ReturnT [code=500, msg=xxl-rpc remoting fail, StatusCode(404) invalid. for url : http://localhost:8080/xxl-job-admin/api/callback, content=null]
2026-07-16 21:16:03 [com.xxl.job.core.thread.TriggerCallbackThread#callbackLog]-[197]-[Thread-86] <br>----------- xxl-job job callback fail, callbackResult:ReturnT [code=500, msg=xxl-rpc remoting fail, StatusCode(404) invalid. for url : http://localhost:8080/xxl-job-admin/api/callback, content=null]
2026-07-16 21:16:33 [com.xxl.job.core.thread.TriggerCallbackThread#callbackLog]-[197]-[Thread-86] <br>----------- xxl-job job callback fail, callbackResult:ReturnT [code=500, msg=xxl-rpc remoting fail, StatusCode(404) invalid. for url : http://localhost:8080/xxl-job-admin/api/callback, content=null]
2026-07-16 21:17:03 [com.xxl.job.core.thread.TriggerCallbackThread#callbackLog]-[197]-[Thread-86] <br>----------- xxl-job job callback fail, callbackResult:ReturnT [code=500, msg=xxl-rpc remoting fail, StatusCode(404) invalid. for url : http://localhost:8080/xxl-job-admin/api/callback, content=null]
2026-07-16 21:17:33 [com.xxl.job.core.thread.TriggerCallbackThread#callbackLog]-[197]-[Thread-86] <br>----------- xxl-job job callback fail, callbackResult:ReturnT [code=500, msg=xxl-rpc remoting fail, StatusCode(404) invalid. for url : http://localhost:8080/xxl-job-admin/api/callback, content=null]
2026-07-16 21:18:03 [com.xxl.job.core.thread.TriggerCallbackThread#callbackLog]-[197]-[Thread-86] <br>----------- xxl-job job callback fail, callbackResult:ReturnT [code=500, msg=xxl-rpc remoting fail, StatusCode(404) invalid. for url : http://localhost:8080/xxl-job-admin/api/callback, content=null]
2026-07-16 21:18:33 [com.xxl.job.core.thread.TriggerCallbackThread#callbackLog]-[197]-[Thread-86] <br>----------- xxl-job job callback fail, callbackResult:ReturnT [code=500, msg=xxl-rpc remoting fail, StatusCode(404) invalid. for url : http://localhost:8080/xxl-job-admin/api/callback, content=null]
2026-07-16 21:19:03 [com.xxl.job.core.thread.TriggerCallbackThread#callbackLog]-[197]-[Thread-86] <br>----------- xxl-job job callback fail, callbackResult:ReturnT [code=500, msg=xxl-rpc remoting fail, StatusCode(404) invalid. for url : http://localhost:8080/xxl-job-admin/api/callback, content=null]
2026-07-16 21:19:33 [com.xxl.job.core.thread.TriggerCallbackThread#callbackLog]-[197]-[Thread-86] <br>----------- xxl-job job callback fail, callbackResult:ReturnT [code=500, msg=xxl-rpc remoting fail, StatusCode(404) invalid. for url : http://localhost:8080/xxl-job-admin/api/callback, content=null]
2026-07-16 21:20:03 [com.xxl.job.core.thread.TriggerCallbackThread#callbackLog]-[197]-[Thread-86] <br>----------- xxl-job job callback fail, callbackResult:ReturnT [code=500, msg=xxl-rpc remoting fail, StatusCode(404) invalid. for url : http://localhost:8080/xxl-job-admin/api/callback, content=null]
2026-07-16 21:20:33 [com.xxl.job.core.thread.TriggerCallbackThread#callbackLog]-[197]-[Thread-86] <br>----------- xxl-job job callback fail, callbackResult:ReturnT [code=500, msg=xxl-rpc remoting fail, StatusCode(404) invalid. for url : http://localhost:8080/xxl-job-admin/api/callback, content=null]
2026-07-16 21:21:03 [com.xxl.job.core.thread.TriggerCallbackThread#callbackLog]-[197]-[Thread-86] <br>----------- xxl-job job callback fail, callbackResult:ReturnT [code=500, msg=xxl-rpc remoting fail, StatusCode(404) invalid. for url : http://localhost:8080/xxl-job-admin/api/callback, content=null]
2026-07-16 21:21:33 [com.xxl.job.core.thread.TriggerCallbackThread#callbackLog]-[197]-[Thread-86] <br>----------- xxl-job job callback fail, callbackResult:ReturnT [code=500, msg=xxl-rpc remoting fail, StatusCode(404) invalid. for url : http://localhost:8080/xxl-job-admin/api/callback, content=null]
2026-07-16 21:22:03 [com.xxl.job.core.thread.TriggerCallbackThread#callbackLog]-[197]-[Thread-86] <br>----------- xxl-job job callback fail, callbackResult:ReturnT [code=500, msg=xxl-rpc remoting fail, StatusCode(404) invalid. for url : http://localhost:8080/xxl-job-admin/api/callback, content=null]
2026-07-16 21:22:33 [com.xxl.job.core.thread.TriggerCallbackThread#callbackLog]-[197]-[Thread-86] <br>----------- xxl-job job callback fail, callbackResult:ReturnT [code=500, msg=xxl-rpc remoting fail, StatusCode(404) invalid. for url : http://localhost:8080/xxl-job-admin/api/callback, content=null]
2026-07-16 21:23:03 [com.xxl.job.core.thread.TriggerCallbackThread#callbackLog]-[197]-[Thread-86] <br>----------- xxl-job job callback fail, callbackResult:ReturnT [code=500, msg=xxl-rpc remoting fail, StatusCode(404) invalid. for url : http://localhost:8080/xxl-job-admin/api/callback, content=null]
2026-07-16 21:23:33 [com.xxl.job.core.thread.TriggerCallbackThread#callbackLog]-[197]-[Thread-86] <br>----------- xxl-job job callback fail, callbackResult:ReturnT [code=500, msg=xxl-rpc remoting fail, StatusCode(404) invalid. for url : http://localhost:8080/xxl-job-admin/api/callback, content=null]
2026-07-16 21:24:03 [com.xxl.job.core.thread.TriggerCallbackThread#callbackLog]-[197]-[Thread-86] <br>----------- xxl-job job callback fail, callbackResult:ReturnT [code=500, msg=xxl-rpc remoting fail, StatusCode(404) invalid. for url : http://localhost:8080/xxl-job-admin/api/callback, content=null]
2026-07-16 21:24:33 [com.xxl.job.core.thread.TriggerCallbackThread#callbackLog]-[197]-[Thread-86] <br>----------- xxl-job job callback fail, callbackResult:ReturnT [code=500, msg=xxl-rpc remoting fail, StatusCode(404) invalid. for url : http://localhost:8080/xxl-job-admin/api/callback, content=null]
2026-07-16 21:25:03 [com.xxl.job.core.thread.TriggerCallbackThread#callbackLog]-[197]-[Thread-86] <br>----------- xxl-job job callback fail, callbackResult:ReturnT [code=500, msg=xxl-rpc remoting fail, StatusCode(404) invalid. for url : http://localhost:8080/xxl-job-admin/api/callback, content=null]
2026-07-16 21:25:33 [com.xxl.job.core.thread.TriggerCallbackThread#callbackLog]-[197]-[Thread-86] <br>----------- xxl-job job callback fail, callbackResult:ReturnT [code=500, msg=xxl-rpc remoting fail, StatusCode(404) invalid. for url : http://localhost:8080/xxl-job-admin/api/callback, content=null]
2026-07-16 21:26:03 [com.xxl.job.core.thread.TriggerCallbackThread#callbackLog]-[197]-[Thread-86] <br>----------- xxl-job job callback fail, callbackResult:ReturnT [code=500, msg=xxl-rpc remoting fail, StatusCode(404) invalid. for url : http://localhost:8080/xxl-job-admin/api/callback, content=null]
2026-07-16 21:26:33 [com.xxl.job.core.thread.TriggerCallbackThread#callbackLog]-[197]-[Thread-86] <br>----------- xxl-job job callback fail, callbackResult:ReturnT [code=500, msg=xxl-rpc remoting fail, StatusCode(404) invalid. for url : http://localhost:8080/xxl-job-admin/api/callback, content=null]
2026-07-16 21:27:03 [com.xxl.job.core.thread.TriggerCallbackThread#callbackLog]-[197]-[Thread-86] <br>----------- xxl-job job callback fail, callbackResult:ReturnT [code=500, msg=xxl-rpc remoting fail, StatusCode(404) invalid. for url : http://localhost:8080/xxl-job-admin/api/callback, content=null]
2026-07-16 21:27:33 [com.xxl.job.core.thread.TriggerCallbackThread#callbackLog]-[197]-[Thread-86] <br>----------- xxl-job job callback fail, callbackResult:ReturnT [code=500, msg=xxl-rpc remoting fail, StatusCode(404) invalid. for url : http://localhost:8080/xxl-job-admin/api/callback, content=null]
2026-07-16 21:59:11 [com.xxl.job.core.thread.TriggerCallbackThread#callbackLog]-[197]-[Thread-76] <br>----------- xxl-job job callback fail, callbackResult:ReturnT [code=500, msg=xxl-rpc remoting fail, StatusCode(404) invalid. for url : http://localhost:8080/xxl-job-admin/api/callback, content=null]
2026-07-16 21:59:41 [com.xxl.job.core.thread.TriggerCallbackThread#callbackLog]-[197]-[Thread-76] <br>----------- xxl-job job callback fail, callbackResult:ReturnT [code=500, msg=xxl-rpc remoting fail, StatusCode(404) invalid. for url : http://localhost:8080/xxl-job-admin/api/callback, content=null]
2026-07-16 22:00:11 [com.xxl.job.core.thread.TriggerCallbackThread#callbackLog]-[197]-[Thread-76] <br>----------- xxl-job job callback fail, callbackResult:ReturnT [code=500, msg=xxl-rpc remoting fail, StatusCode(404) invalid. for url : http://localhost:8080/xxl-job-admin/api/callback, content=null]
2026-07-16 22:00:51 [com.xxl.job.core.thread.TriggerCallbackThread#callbackLog]-[197]-[Thread-76] <br>----------- xxl-job job callback fail, callbackResult:ReturnT [code=500, msg=xxl-rpc remoting fail, StatusCode(404) invalid. for url : http://localhost:8080/xxl-job-admin/api/callback, content=null]
2026-07-16 22:01:21 [com.xxl.job.core.thread.TriggerCallbackThread#callbackLog]-[197]-[Thread-76] <br>----------- xxl-job job callback fail, callbackResult:ReturnT [code=500, msg=xxl-rpc remoting fail, StatusCode(404) invalid. for url : http://localhost:8080/xxl-job-admin/api/callback, content=null]
2026-07-16 22:01:51 [com.xxl.job.core.thread.TriggerCallbackThread#callbackLog]-[197]-[Thread-76] <br>----------- xxl-job job callback fail, callbackResult:ReturnT [code=500, msg=xxl-rpc remoting fail, StatusCode(404) invalid. for url : http://localhost:8080/xxl-job-admin/api/callback, content=null]
2026-07-16 22:02:21 [com.xxl.job.core.thread.TriggerCallbackThread#callbackLog]-[197]-[Thread-76] <br>----------- xxl-job job callback fail, callbackResult:ReturnT [code=500, msg=xxl-rpc remoting fail, StatusCode(404) invalid. for url : http://localhost:8080/xxl-job-admin/api/callback, content=null]
2026-07-16 22:02:51 [com.xxl.job.core.thread.TriggerCallbackThread#callbackLog]-[197]-[Thread-76] <br>----------- xxl-job job callback fail, callbackResult:ReturnT [code=500, msg=xxl-rpc remoting fail, StatusCode(404) invalid. for url : http://localhost:8080/xxl-job-admin/api/callback, content=null]
2026-07-16 22:03:21 [com.xxl.job.core.thread.TriggerCallbackThread#callbackLog]-[197]-[Thread-76] <br>----------- xxl-job job callback fail, callbackResult:ReturnT [code=500, msg=xxl-rpc remoting fail, StatusCode(404) invalid. for url : http://localhost:8080/xxl-job-admin/api/callback, content=null]
2026-07-16 22:03:51 [com.xxl.job.core.thread.TriggerCallbackThread#callbackLog]-[197]-[Thread-76] <br>----------- xxl-job job callback fail, callbackResult:ReturnT [code=500, msg=xxl-rpc remoting fail, StatusCode(404) invalid. for url : http://localhost:8080/xxl-job-admin/api/callback, content=null]
2026-07-16 22:04:21 [com.xxl.job.core.thread.TriggerCallbackThread#callbackLog]-[197]-[Thread-76] <br>----------- xxl-job job callback fail, callbackResult:ReturnT [code=500, msg=xxl-rpc remoting fail, StatusCode(404) invalid. for url : http://localhost:8080/xxl-job-admin/api/callback, content=null]
2026-07-16 22:04:51 [com.xxl.job.core.thread.TriggerCallbackThread#callbackLog]-[197]-[Thread-76] <br>----------- xxl-job job callback fail, callbackResult:ReturnT [code=500, msg=xxl-rpc remoting fail, StatusCode(404) invalid. for url : http://localhost:8080/xxl-job-admin/api/callback, content=null]
2026-07-16 22:05:21 [com.xxl.job.core.thread.TriggerCallbackThread#callbackLog]-[197]-[Thread-76] <br>----------- xxl-job job callback fail, callbackResult:ReturnT [code=500, msg=xxl-rpc remoting fail, StatusCode(404) invalid. for url : http://localhost:8080/xxl-job-admin/api/callback, content=null]
2026-07-16 22:05:51 [com.xxl.job.core.thread.TriggerCallbackThread#callbackLog]-[197]-[Thread-76] <br>----------- xxl-job job callback fail, callbackResult:ReturnT [code=500, msg=xxl-rpc remoting fail, StatusCode(404) invalid. for url : http://localhost:8080/xxl-job-admin/api/callback, content=null]
2026-07-16 22:06:21 [com.xxl.job.core.thread.TriggerCallbackThread#callbackLog]-[197]-[Thread-76] <br>----------- xxl-job job callback fail, callbackResult:ReturnT [code=500, msg=xxl-rpc remoting fail, StatusCode(404) invalid. for url : http://localhost:8080/xxl-job-admin/api/callback, content=null]
2026-07-16 22:06:51 [com.xxl.job.core.thread.TriggerCallbackThread#callbackLog]-[197]-[Thread-76] <br>----------- xxl-job job callback fail, callbackResult:ReturnT [code=500, msg=xxl-rpc remoting fail, StatusCode(404) invalid. for url : http://localhost:8080/xxl-job-admin/api/callback, content=null]
2026-07-16 22:07:21 [com.xxl.job.core.thread.TriggerCallbackThread#callbackLog]-[197]-[Thread-76] <br>----------- xxl-job job callback fail, callbackResult:ReturnT [code=500, msg=xxl-rpc remoting fail, StatusCode(404) invalid. for url : http://localhost:8080/xxl-job-admin/api/callback, content=null]
2026-07-16 22:07:51 [com.xxl.job.core.thread.TriggerCallbackThread#callbackLog]-[197]-[Thread-76] <br>----------- xxl-job job callback fail, callbackResult:ReturnT [code=500, msg=xxl-rpc remoting fail, StatusCode(404) invalid. for url : http://localhost:8080/xxl-job-admin/api/callback, content=null]
2026-07-16 22:08:21 [com.xxl.job.core.thread.TriggerCallbackThread#callbackLog]-[197]-[Thread-76] <br>----------- xxl-job job callback fail, callbackResult:ReturnT [code=500, msg=xxl-rpc remoting fail, StatusCode(404) invalid. for url : http://localhost:8080/xxl-job-admin/api/callback, content=null]
2026-07-16 22:08:52 [com.xxl.job.core.thread.TriggerCallbackThread#callbackLog]-[197]-[Thread-76] <br>----------- xxl-job job callback fail, callbackResult:ReturnT [code=500, msg=xxl-rpc remoting fail, StatusCode(404) invalid. for url : http://localhost:8080/xxl-job-admin/api/callback, content=null]
2026-07-16 22:09:22 [com.xxl.job.core.thread.TriggerCallbackThread#callbackLog]-[197]-[Thread-76] <br>----------- xxl-job job callback fail, callbackResult:ReturnT [code=500, msg=xxl-rpc remoting fail, StatusCode(404) invalid. for url : http://localhost:8080/xxl-job-admin/api/callback, content=null]
2026-07-16 22:09:52 [com.xxl.job.core.thread.TriggerCallbackThread#callbackLog]-[197]-[Thread-76] <br>----------- xxl-job job callback fail, callbackResult:ReturnT [code=500, msg=xxl-rpc remoting fail, StatusCode(404) invalid. for url : http://localhost:8080/xxl-job-admin/api/callback, content=null]
2026-07-16 22:10:22 [com.xxl.job.core.thread.TriggerCallbackThread#callbackLog]-[197]-[Thread-76] <br>----------- xxl-job job callback fail, callbackResult:ReturnT [code=500, msg=xxl-rpc remoting fail, StatusCode(404) invalid. for url : http://localhost:8080/xxl-job-admin/api/callback, content=null]
2026-07-16 22:10:52 [com.xxl.job.core.thread.TriggerCallbackThread#callbackLog]-[197]-[Thread-76] <br>----------- xxl-job job callback fail, callbackResult:ReturnT [code=500, msg=xxl-rpc remoting fail, StatusCode(404) invalid. for url : http://localhost:8080/xxl-job-admin/api/callback, content=null]
2026-07-16 22:11:22 [com.xxl.job.core.thread.TriggerCallbackThread#callbackLog]-[197]-[Thread-76] <br>----------- xxl-job job callback fail, callbackResult:ReturnT [code=500, msg=xxl-rpc remoting fail, StatusCode(404) invalid. for url : http://localhost:8080/xxl-job-admin/api/callback, content=null]
2026-07-16 22:11:52 [com.xxl.job.core.thread.TriggerCallbackThread#callbackLog]-[197]-[Thread-76] <br>----------- xxl-job job callback fail, callbackResult:ReturnT [code=500, msg=xxl-rpc remoting fail, StatusCode(404) invalid. for url : http://localhost:8080/xxl-job-admin/api/callback, content=null]
2026-07-16 22:12:22 [com.xxl.job.core.thread.TriggerCallbackThread#callbackLog]-[197]-[Thread-76] <br>----------- xxl-job job callback fail, callbackResult:ReturnT [code=500, msg=xxl-rpc remoting fail, StatusCode(404) invalid. for url : http://localhost:8080/xxl-job-admin/api/callback, content=null]
2026-07-16 22:12:52 [com.xxl.job.core.thread.TriggerCallbackThread#callbackLog]-[197]-[Thread-76] <br>----------- xxl-job job callback fail, callbackResult:ReturnT [code=500, msg=xxl-rpc remoting fail, StatusCode(404) invalid. for url : http://localhost:8080/xxl-job-admin/api/callback, content=null]
2026-07-16 22:13:22 [com.xxl.job.core.thread.TriggerCallbackThread#callbackLog]-[197]-[Thread-76] <br>----------- xxl-job job callback fail, callbackResult:ReturnT [code=500, msg=xxl-rpc remoting fail, StatusCode(404) invalid. for url : http://localhost:8080/xxl-job-admin/api/callback, content=null]
2026-07-16 22:13:52 [com.xxl.job.core.thread.TriggerCallbackThread#callbackLog]-[197]-[Thread-76] <br>----------- xxl-job job callback fail, callbackResult:ReturnT [code=500, msg=xxl-rpc remoting fail, StatusCode(404) invalid. for url : http://localhost:8080/xxl-job-admin/api/callback, content=null]
2026-07-16 22:14:40 [com.xxl.job.core.thread.TriggerCallbackThread#callbackLog]-[197]-[Thread-75] <br>----------- xxl-job job callback fail, callbackResult:ReturnT [code=500, msg=xxl-rpc remoting fail, StatusCode(404) invalid. for url : http://localhost:8080/xxl-job-admin/api/callback, content=null]
2026-07-16 22:15:10 [com.xxl.job.core.thread.TriggerCallbackThread#callbackLog]-[197]-[Thread-75] <br>----------- xxl-job job callback fail, callbackResult:ReturnT [code=500, msg=xxl-rpc remoting fail, StatusCode(404) invalid. for url : http://localhost:8080/xxl-job-admin/api/callback, content=null]
2026-07-16 22:15:40 [com.xxl.job.core.thread.TriggerCallbackThread#callbackLog]-[197]-[Thread-75] <br>----------- xxl-job job callback fail, callbackResult:ReturnT [code=500, msg=xxl-rpc remoting fail, StatusCode(404) invalid. for url : http://localhost:8080/xxl-job-admin/api/callback, content=null]
2026-07-16 22:16:10 [com.xxl.job.core.thread.TriggerCallbackThread#callbackLog]-[197]-[Thread-75] <br>----------- xxl-job job callback fail, callbackResult:ReturnT [code=500, msg=xxl-rpc remoting fail, StatusCode(404) invalid. for url : http://localhost:8080/xxl-job-admin/api/callback, content=null]
2026-07-16 22:16:40 [com.xxl.job.core.thread.TriggerCallbackThread#callbackLog]-[197]-[Thread-75] <br>----------- xxl-job job callback fail, callbackResult:ReturnT [code=500, msg=xxl-rpc remoting fail, StatusCode(404) invalid. for url : http://localhost:8080/xxl-job-admin/api/callback, content=null]
2026-07-16 22:17:10 [com.xxl.job.core.thread.TriggerCallbackThread#callbackLog]-[197]-[Thread-75] <br>----------- xxl-job job callback fail, callbackResult:ReturnT [code=500, msg=xxl-rpc remoting fail, StatusCode(404) invalid. for url : http://localhost:8080/xxl-job-admin/api/callback, content=null]
2026-07-16 22:17:40 [com.xxl.job.core.thread.TriggerCallbackThread#callbackLog]-[197]-[Thread-75] <br>----------- xxl-job job callback fail, callbackResult:ReturnT [code=500, msg=xxl-rpc remoting fail, StatusCode(404) invalid. for url : http://localhost:8080/xxl-job-admin/api/callback, content=null]
2026-07-16 22:18:10 [com.xxl.job.core.thread.TriggerCallbackThread#callbackLog]-[197]-[Thread-75] <br>----------- xxl-job job callback fail, callbackResult:ReturnT [code=500, msg=xxl-rpc remoting fail, StatusCode(404) invalid. for url : http://localhost:8080/xxl-job-admin/api/callback, content=null]
2026-07-16 22:18:40 [com.xxl.job.core.thread.TriggerCallbackThread#callbackLog]-[197]-[Thread-75] <br>----------- xxl-job job callback fail, callbackResult:ReturnT [code=500, msg=xxl-rpc remoting fail, StatusCode(404) invalid. for url : http://localhost:8080/xxl-job-admin/api/callback, content=null]
2026-07-16 22:19:10 [com.xxl.job.core.thread.TriggerCallbackThread#callbackLog]-[197]-[Thread-75] <br>----------- xxl-job job callback fail, callbackResult:ReturnT [code=500, msg=xxl-rpc remoting fail, StatusCode(404) invalid. for url : http://localhost:8080/xxl-job-admin/api/callback, content=null]
2026-07-16 22:19:40 [com.xxl.job.core.thread.TriggerCallbackThread#callbackLog]-[197]-[Thread-75] <br>----------- xxl-job job callback fail, callbackResult:ReturnT [code=500, msg=xxl-rpc remoting fail, StatusCode(404) invalid. for url : http://localhost:8080/xxl-job-admin/api/callback, content=null]
2026-07-16 22:20:10 [com.xxl.job.core.thread.TriggerCallbackThread#callbackLog]-[197]-[Thread-75] <br>----------- xxl-job job callback fail, callbackResult:ReturnT [code=500, msg=xxl-rpc remoting fail, StatusCode(404) invalid. for url : http://localhost:8080/xxl-job-admin/api/callback, content=null]
2026-07-16 22:20:40 [com.xxl.job.core.thread.TriggerCallbackThread#callbackLog]-[197]-[Thread-75] <br>----------- xxl-job job callback fail, callbackResult:ReturnT [code=500, msg=xxl-rpc remoting fail, StatusCode(404) invalid. for url : http://localhost:8080/xxl-job-admin/api/callback, content=null]
2026-07-16 22:21:10 [com.xxl.job.core.thread.TriggerCallbackThread#callbackLog]-[197]-[Thread-75] <br>----------- xxl-job job callback fail, callbackResult:ReturnT [code=500, msg=xxl-rpc remoting fail, StatusCode(404) invalid. for url : http://localhost:8080/xxl-job-admin/api/callback, content=null]
2026-07-16 22:21:40 [com.xxl.job.core.thread.TriggerCallbackThread#callbackLog]-[197]-[Thread-75] <br>----------- xxl-job job callback fail, callbackResult:ReturnT [code=500, msg=xxl-rpc remoting fail, StatusCode(404) invalid. for url : http://localhost:8080/xxl-job-admin/api/callback, content=null]
2026-07-16 22:22:10 [com.xxl.job.core.thread.TriggerCallbackThread#callbackLog]-[197]-[Thread-75] <br>----------- xxl-job job callback fail, callbackResult:ReturnT [code=500, msg=xxl-rpc remoting fail, StatusCode(404) invalid. for url : http://localhost:8080/xxl-job-admin/api/callback, content=null]
2026-07-16 22:23:25 [com.xxl.job.core.thread.TriggerCallbackThread#callbackLog]-[197]-[Thread-116] <br>----------- xxl-job job callback fail, callbackResult:ReturnT [code=500, msg=xxl-rpc remoting fail, StatusCode(404) invalid. for url : http://localhost:8080/xxl-job-admin/api/callback, content=null]
2026-07-16 22:23:55 [com.xxl.job.core.thread.TriggerCallbackThread#callbackLog]-[197]-[Thread-116] <br>----------- xxl-job job callback fail, callbackResult:ReturnT [code=500, msg=xxl-rpc remoting fail, StatusCode(404) invalid. for url : http://localhost:8080/xxl-job-admin/api/callback, content=null]
2026-07-16 22:24:25 [com.xxl.job.core.thread.TriggerCallbackThread#callbackLog]-[197]-[Thread-116] <br>----------- xxl-job job callback fail, callbackResult:ReturnT [code=500, msg=xxl-rpc remoting fail, StatusCode(404) invalid. for url : http://localhost:8080/xxl-job-admin/api/callback, content=null]
2026-07-16 22:24:56 [com.xxl.job.core.thread.TriggerCallbackThread#callbackLog]-[197]-[Thread-116] <br>----------- xxl-job job callback fail, callbackResult:ReturnT [code=500, msg=xxl-rpc remoting fail, StatusCode(404) invalid. for url : http://localhost:8080/xxl-job-admin/api/callback, content=null]
2026-07-16 22:25:26 [com.xxl.job.core.thread.TriggerCallbackThread#callbackLog]-[197]-[Thread-116] <br>----------- xxl-job job callback fail, callbackResult:ReturnT [code=500, msg=xxl-rpc remoting fail, StatusCode(404) invalid. for url : http://localhost:8080/xxl-job-admin/api/callback, content=null]
2026-07-16 22:25:56 [com.xxl.job.core.thread.TriggerCallbackThread#callbackLog]-[197]-[Thread-116] <br>----------- xxl-job job callback fail, callbackResult:ReturnT [code=500, msg=xxl-rpc remoting fail, StatusCode(404) invalid. for url : http://localhost:8080/xxl-job-admin/api/callback, content=null]
2026-07-16 22:26:26 [com.xxl.job.core.thread.TriggerCallbackThread#callbackLog]-[197]-[Thread-116] <br>----------- xxl-job job callback fail, callbackResult:ReturnT [code=500, msg=xxl-rpc remoting fail, StatusCode(404) invalid. for url : http://localhost:8080/xxl-job-admin/api/callback, content=null]
2026-07-16 22:26:56 [com.xxl.job.core.thread.TriggerCallbackThread#callbackLog]-[197]-[Thread-116] <br>----------- xxl-job job callback fail, callbackResult:ReturnT [code=500, msg=xxl-rpc remoting fail, StatusCode(404) invalid. for url : http://localhost:8080/xxl-job-admin/api/callback, content=null]
2026-07-16 22:27:26 [com.xxl.job.core.thread.TriggerCallbackThread#callbackLog]-[197]-[Thread-116] <br>----------- xxl-job job callback fail, callbackResult:ReturnT [code=500, msg=xxl-rpc remoting fail, StatusCode(404) invalid. for url : http://localhost:8080/xxl-job-admin/api/callback, content=null]
2026-07-16 22:28:16 [com.xxl.job.core.thread.TriggerCallbackThread#callbackLog]-[197]-[Thread-74] <br>----------- xxl-job job callback fail, callbackResult:ReturnT [code=500, msg=xxl-rpc remoting fail, StatusCode(404) invalid. for url : http://localhost:8080/xxl-job-admin/api/callback, content=null]
2026-07-16 22:28:46 [com.xxl.job.core.thread.TriggerCallbackThread#callbackLog]-[197]-[Thread-74] <br>----------- xxl-job job callback fail, callbackResult:ReturnT [code=500, msg=xxl-rpc remoting fail, StatusCode(404) invalid. for url : http://localhost:8080/xxl-job-admin/api/callback, content=null]
2026-07-16 22:29:16 [com.xxl.job.core.thread.TriggerCallbackThread#callbackLog]-[197]-[Thread-74] <br>----------- xxl-job job callback fail, callbackResult:ReturnT [code=500, msg=xxl-rpc remoting fail, StatusCode(404) invalid. for url : http://localhost:8080/xxl-job-admin/api/callback, content=null]
2026-07-16 22:29:46 [com.xxl.job.core.thread.TriggerCallbackThread#callbackLog]-[197]-[Thread-74] <br>----------- xxl-job job callback fail, callbackResult:ReturnT [code=500, msg=xxl-rpc remoting fail, StatusCode(404) invalid. for url : http://localhost:8080/xxl-job-admin/api/callback, content=null]
2026-07-16 22:30:16 [com.xxl.job.core.thread.TriggerCallbackThread#callbackLog]-[197]-[Thread-74] <br>----------- xxl-job job callback fail, callbackResult:ReturnT [code=500, msg=xxl-rpc remoting fail, StatusCode(404) invalid. for url : http://localhost:8080/xxl-job-admin/api/callback, content=null]
2026-07-16 22:30:46 [com.xxl.job.core.thread.TriggerCallbackThread#callbackLog]-[197]-[Thread-74] <br>----------- xxl-job job callback fail, callbackResult:ReturnT [code=500, msg=xxl-rpc remoting fail, StatusCode(404) invalid. for url : http://localhost:8080/xxl-job-admin/api/callback, content=null]
2026-07-16 22:31:16 [com.xxl.job.core.thread.TriggerCallbackThread#callbackLog]-[197]-[Thread-74] <br>----------- xxl-job job callback fail, callbackResult:ReturnT [code=500, msg=xxl-rpc remoting fail, StatusCode(404) invalid. for url : http://localhost:8080/xxl-job-admin/api/callback, content=null]
2026-07-16 22:31:46 [com.xxl.job.core.thread.TriggerCallbackThread#callbackLog]-[197]-[Thread-74] <br>----------- xxl-job job callback fail, callbackResult:ReturnT [code=500, msg=xxl-rpc remoting fail, StatusCode(404) invalid. for url : http://localhost:8080/xxl-job-admin/api/callback, content=null]
2026-07-16 22:32:16 [com.xxl.job.core.thread.TriggerCallbackThread#callbackLog]-[197]-[Thread-74] <br>----------- xxl-job job callback fail, callbackResult:ReturnT [code=500, msg=xxl-rpc remoting fail, StatusCode(404) invalid. for url : http://localhost:8080/xxl-job-admin/api/callback, content=null]
2026-07-16 22:32:46 [com.xxl.job.core.thread.TriggerCallbackThread#callbackLog]-[197]-[Thread-74] <br>----------- xxl-job job callback fail, callbackResult:ReturnT [code=500, msg=xxl-rpc remoting fail, StatusCode(404) invalid. for url : http://localhost:8080/xxl-job-admin/api/callback, content=null]
2026-07-16 22:33:48 [com.xxl.job.core.thread.TriggerCallbackThread#callbackLog]-[197]-[Thread-80] <br>----------- xxl-job job callback fail, callbackResult:ReturnT [code=500, msg=xxl-rpc remoting fail, StatusCode(404) invalid. for url : http://localhost:8080/xxl-job-admin/api/callback, content=null]
2026-07-16 22:34:18 [com.xxl.job.core.thread.TriggerCallbackThread#callbackLog]-[197]-[Thread-80] <br>----------- xxl-job job callback fail, callbackResult:ReturnT [code=500, msg=xxl-rpc remoting fail, StatusCode(404) invalid. for url : http://localhost:8080/xxl-job-admin/api/callback, content=null]
2026-07-16 22:34:48 [com.xxl.job.core.thread.TriggerCallbackThread#callbackLog]-[197]-[Thread-80] <br>----------- xxl-job job callback fail, callbackResult:ReturnT [code=500, msg=xxl-rpc remoting fail, StatusCode(404) invalid. for url : http://localhost:8080/xxl-job-admin/api/callback, content=null]
2026-07-16 22:35:18 [com.xxl.job.core.thread.TriggerCallbackThread#callbackLog]-[197]-[Thread-80] <br>----------- xxl-job job callback fail, callbackResult:ReturnT [code=500, msg=xxl-rpc remoting fail, StatusCode(404) invalid. for url : http://localhost:8080/xxl-job-admin/api/callback, content=null]
2026-07-16 22:35:48 [com.xxl.job.core.thread.TriggerCallbackThread#callbackLog]-[197]-[Thread-80] <br>----------- xxl-job job callback fail, callbackResult:ReturnT [code=500, msg=xxl-rpc remoting fail, StatusCode(404) invalid. for url : http://localhost:8080/xxl-job-admin/api/callback, content=null]
2026-07-16 22:36:18 [com.xxl.job.core.thread.TriggerCallbackThread#callbackLog]-[197]-[Thread-80] <br>----------- xxl-job job callback fail, callbackResult:ReturnT [code=500, msg=xxl-rpc remoting fail, StatusCode(404) invalid. for url : http://localhost:8080/xxl-job-admin/api/callback, content=null]
2026-07-16 22:36:48 [com.xxl.job.core.thread.TriggerCallbackThread#callbackLog]-[197]-[Thread-80] <br>----------- xxl-job job callback fail, callbackResult:ReturnT [code=500, msg=xxl-rpc remoting fail, StatusCode(404) invalid. for url : http://localhost:8080/xxl-job-admin/api/callback, content=null]
2026-07-16 22:37:18 [com.xxl.job.core.thread.TriggerCallbackThread#callbackLog]-[197]-[Thread-80] <br>----------- xxl-job job callback fail, callbackResult:ReturnT [code=500, msg=xxl-rpc remoting fail, StatusCode(404) invalid. for url : http://localhost:8080/xxl-job-admin/api/callback, content=null]
2026-07-16 22:37:49 [com.xxl.job.core.thread.TriggerCallbackThread#callbackLog]-[197]-[Thread-80] <br>----------- xxl-job job callback fail, callbackResult:ReturnT [code=500, msg=xxl-rpc remoting fail, StatusCode(404) invalid. for url : http://localhost:8080/xxl-job-admin/api/callback, content=null]
2026-07-16 22:38:19 [com.xxl.job.core.thread.TriggerCallbackThread#callbackLog]-[197]-[Thread-80] <br>----------- xxl-job job callback fail, callbackResult:ReturnT [code=500, msg=xxl-rpc remoting fail, StatusCode(404) invalid. for url : http://localhost:8080/xxl-job-admin/api/callback, content=null]
2026-07-16 22:38:49 [com.xxl.job.core.thread.TriggerCallbackThread#callbackLog]-[197]-[Thread-80] <br>----------- xxl-job job callback fail, callbackResult:ReturnT [code=500, msg=xxl-rpc remoting fail, StatusCode(404) invalid. for url : http://localhost:8080/xxl-job-admin/api/callback, content=null]
2026-07-16 22:39:19 [com.xxl.job.core.thread.TriggerCallbackThread#callbackLog]-[197]-[Thread-80] <br>----------- xxl-job job callback fail, callbackResult:ReturnT [code=500, msg=xxl-rpc remoting fail, StatusCode(404) invalid. for url : http://localhost:8080/xxl-job-admin/api/callback, content=null]
2026-07-16 22:39:49 [com.xxl.job.core.thread.TriggerCallbackThread#callbackLog]-[197]-[Thread-80] <br>----------- xxl-job job callback fail, callbackResult:ReturnT [code=500, msg=xxl-rpc remoting fail, StatusCode(404) invalid. for url : http://localhost:8080/xxl-job-admin/api/callback, content=null]
2026-07-16 22:40:19 [com.xxl.job.core.thread.TriggerCallbackThread#callbackLog]-[197]-[Thread-80] <br>----------- xxl-job job callback fail, callbackResult:ReturnT [code=500, msg=xxl-rpc remoting fail, StatusCode(404) invalid. for url : http://localhost:8080/xxl-job-admin/api/callback, content=null]
2026-07-16 22:40:49 [com.xxl.job.core.thread.TriggerCallbackThread#callbackLog]-[197]-[Thread-80] <br>----------- xxl-job job callback fail, callbackResult:ReturnT [code=500, msg=xxl-rpc remoting fail, StatusCode(404) invalid. for url : http://localhost:8080/xxl-job-admin/api/callback, content=null]
2026-07-16 22:41:19 [com.xxl.job.core.thread.TriggerCallbackThread#callbackLog]-[197]-[Thread-80] <br>----------- xxl-job job callback fail, callbackResult:ReturnT [code=500, msg=xxl-rpc remoting fail, StatusCode(404) invalid. for url : http://localhost:8080/xxl-job-admin/api/callback, content=null]
2026-07-16 22:41:49 [com.xxl.job.core.thread.TriggerCallbackThread#callbackLog]-[197]-[Thread-80] <br>----------- xxl-job job callback fail, callbackResult:ReturnT [code=500, msg=xxl-rpc remoting fail, StatusCode(404) invalid. for url : http://localhost:8080/xxl-job-admin/api/callback, content=null]
2026-07-16 22:42:19 [com.xxl.job.core.thread.TriggerCallbackThread#callbackLog]-[197]-[Thread-80] <br>----------- xxl-job job callback fail, callbackResult:ReturnT [code=500, msg=xxl-rpc remoting fail, StatusCode(404) invalid. for url : http://localhost:8080/xxl-job-admin/api/callback, content=null]
2026-07-16 22:42:49 [com.xxl.job.core.thread.TriggerCallbackThread#callbackLog]-[197]-[Thread-80] <br>----------- xxl-job job callback fail, callbackResult:ReturnT [code=500, msg=xxl-rpc remoting fail, StatusCode(404) invalid. for url : http://localhost:8080/xxl-job-admin/api/callback, content=null]
2026-07-16 22:43:19 [com.xxl.job.core.thread.TriggerCallbackThread#callbackLog]-[197]-[Thread-80] <br>----------- xxl-job job callback fail, callbackResult:ReturnT [code=500, msg=xxl-rpc remoting fail, StatusCode(404) invalid. for url : http://localhost:8080/xxl-job-admin/api/callback, content=null]
2026-07-16 22:43:50 [com.xxl.job.core.thread.TriggerCallbackThread#callbackLog]-[197]-[Thread-80] <br>----------- xxl-job job callback fail, callbackResult:ReturnT [code=500, msg=xxl-rpc remoting fail, StatusCode(404) invalid. for url : http://localhost:8080/xxl-job-admin/api/callback, content=null]
2026-07-16 22:44:20 [com.xxl.job.core.thread.TriggerCallbackThread#callbackLog]-[197]-[Thread-80] <br>----------- xxl-job job callback fail, callbackResult:ReturnT [code=500, msg=xxl-rpc remoting fail, StatusCode(404) invalid. for url : http://localhost:8080/xxl-job-admin/api/callback, content=null]
2026-07-16 22:44:50 [com.xxl.job.core.thread.TriggerCallbackThread#callbackLog]-[197]-[Thread-80] <br>----------- xxl-job job callback fail, callbackResult:ReturnT [code=500, msg=xxl-rpc remoting fail, StatusCode(404) invalid. for url : http://localhost:8080/xxl-job-admin/api/callback, content=null]
2026-07-16 22:45:20 [com.xxl.job.core.thread.TriggerCallbackThread#callbackLog]-[197]-[Thread-80] <br>----------- xxl-job job callback fail, callbackResult:ReturnT [code=500, msg=xxl-rpc remoting fail, StatusCode(404) invalid. for url : http://localhost:8080/xxl-job-admin/api/callback, content=null]
2026-07-16 22:45:50 [com.xxl.job.core.thread.TriggerCallbackThread#callbackLog]-[197]-[Thread-80] <br>----------- xxl-job job callback fail, callbackResult:ReturnT [code=500, msg=xxl-rpc remoting fail, StatusCode(404) invalid. for url : http://localhost:8080/xxl-job-admin/api/callback, content=null]
2026-07-16 22:46:20 [com.xxl.job.core.thread.TriggerCallbackThread#callbackLog]-[197]-[Thread-80] <br>----------- xxl-job job callback fail, callbackResult:ReturnT [code=500, msg=xxl-rpc remoting fail, StatusCode(404) invalid. for url : http://localhost:8080/xxl-job-admin/api/callback, content=null]
2026-07-16 22:46:50 [com.xxl.job.core.thread.TriggerCallbackThread#callbackLog]-[197]-[Thread-80] <br>----------- xxl-job job callback fail, callbackResult:ReturnT [code=500, msg=xxl-rpc remoting fail, StatusCode(404) invalid. for url : http://localhost:8080/xxl-job-admin/api/callback, content=null]
2026-07-16 22:47:20 [com.xxl.job.core.thread.TriggerCallbackThread#callbackLog]-[197]-[Thread-80] <br>----------- xxl-job job callback fail, callbackResult:ReturnT [code=500, msg=xxl-rpc remoting fail, StatusCode(404) invalid. for url : http://localhost:8080/xxl-job-admin/api/callback, content=null]
2026-07-16 22:47:50 [com.xxl.job.core.thread.TriggerCallbackThread#callbackLog]-[197]-[Thread-80] <br>----------- xxl-job job callback fail, callbackResult:ReturnT [code=500, msg=xxl-rpc remoting fail, StatusCode(404) invalid. for url : http://localhost:8080/xxl-job-admin/api/callback, content=null]
2026-07-16 22:48:20 [com.xxl.job.core.thread.TriggerCallbackThread#callbackLog]-[197]-[Thread-80] <br>----------- xxl-job job callback fail, callbackResult:ReturnT [code=500, msg=xxl-rpc remoting fail, StatusCode(404) invalid. for url : http://localhost:8080/xxl-job-admin/api/callback, content=null]
2026-07-16 22:48:51 [com.xxl.job.core.thread.TriggerCallbackThread#callbackLog]-[197]-[Thread-80] <br>----------- xxl-job job callback fail, callbackResult:ReturnT [code=500, msg=xxl-rpc remoting fail, StatusCode(404) invalid. for url : http://localhost:8080/xxl-job-admin/api/callback, content=null]
2026-07-16 22:49:21 [com.xxl.job.core.thread.TriggerCallbackThread#callbackLog]-[197]-[Thread-80] <br>----------- xxl-job job callback fail, callbackResult:ReturnT [code=500, msg=xxl-rpc remoting fail, StatusCode(404) invalid. for url : http://localhost:8080/xxl-job-admin/api/callback, content=null]
2026-07-16 22:49:51 [com.xxl.job.core.thread.TriggerCallbackThread#callbackLog]-[197]-[Thread-80] <br>----------- xxl-job job callback fail, callbackResult:ReturnT [code=500, msg=xxl-rpc remoting fail, StatusCode(404) invalid. for url : http://localhost:8080/xxl-job-admin/api/callback, content=null]
2026-07-16 22:50:21 [com.xxl.job.core.thread.TriggerCallbackThread#callbackLog]-[197]-[Thread-80] <br>----------- xxl-job job callback fail, callbackResult:ReturnT [code=500, msg=xxl-rpc remoting fail, StatusCode(404) invalid. for url : http://localhost:8080/xxl-job-admin/api/callback, content=null]
2026-07-16 22:50:51 [com.xxl.job.core.thread.TriggerCallbackThread#callbackLog]-[197]-[Thread-80] <br>----------- xxl-job job callback fail, callbackResult:ReturnT [code=500, msg=xxl-rpc remoting fail, StatusCode(404) invalid. for url : http://localhost:8080/xxl-job-admin/api/callback, content=null]
2026-07-16 22:51:21 [com.xxl.job.core.thread.TriggerCallbackThread#callbackLog]-[197]-[Thread-80] <br>----------- xxl-job job callback fail, callbackResult:ReturnT [code=500, msg=xxl-rpc remoting fail, StatusCode(404) invalid. for url : http://localhost:8080/xxl-job-admin/api/callback, content=null]
2026-07-16 22:51:51 [com.xxl.job.core.thread.TriggerCallbackThread#callbackLog]-[197]-[Thread-80] <br>----------- xxl-job job callback fail, callbackResult:ReturnT [code=500, msg=xxl-rpc remoting fail, StatusCode(404) invalid. for url : http://localhost:8080/xxl-job-admin/api/callback, content=null]
2026-07-16 22:52:21 [com.xxl.job.core.thread.TriggerCallbackThread#callbackLog]-[197]-[Thread-80] <br>----------- xxl-job job callback fail, callbackResult:ReturnT [code=500, msg=xxl-rpc remoting fail, StatusCode(404) invalid. for url : http://localhost:8080/xxl-job-admin/api/callback, content=null]
2026-07-16 22:52:51 [com.xxl.job.core.thread.TriggerCallbackThread#callbackLog]-[197]-[Thread-80] <br>----------- xxl-job job callback fail, callbackResult:ReturnT [code=500, msg=xxl-rpc remoting fail, StatusCode(404) invalid. for url : http://localhost:8080/xxl-job-admin/api/callback, content=null]
2026-07-16 22:53:21 [com.xxl.job.core.thread.TriggerCallbackThread#callbackLog]-[197]-[Thread-80] <br>----------- xxl-job job callback fail, callbackResult:ReturnT [code=500, msg=xxl-rpc remoting fail, StatusCode(404) invalid. for url : http://localhost:8080/xxl-job-admin/api/callback, content=null]
2026-07-16 22:53:51 [com.xxl.job.core.thread.TriggerCallbackThread#callbackLog]-[197]-[Thread-80] <br>----------- xxl-job job callback fail, callbackResult:ReturnT [code=500, msg=xxl-rpc remoting fail, StatusCode(404) invalid. for url : http://localhost:8080/xxl-job-admin/api/callback, content=null]
2026-07-16 22:54:21 [com.xxl.job.core.thread.TriggerCallbackThread#callbackLog]-[197]-[Thread-80] <br>----------- xxl-job job callback fail, callbackResult:ReturnT [code=500, msg=xxl-rpc remoting fail, StatusCode(404) invalid. for url : http://localhost:8080/xxl-job-admin/api/callback, content=null]
2026-07-16 22:54:52 [com.xxl.job.core.thread.TriggerCallbackThread#callbackLog]-[197]-[Thread-80] <br>----------- xxl-job job callback fail, callbackResult:ReturnT [code=500, msg=xxl-rpc remoting fail, StatusCode(404) invalid. for url : http://localhost:8080/xxl-job-admin/api/callback, content=null]
2026-07-16 22:55:22 [com.xxl.job.core.thread.TriggerCallbackThread#callbackLog]-[197]-[Thread-80] <br>----------- xxl-job job callback fail, callbackResult:ReturnT [code=500, msg=xxl-rpc remoting fail, StatusCode(404) invalid. for url : http://localhost:8080/xxl-job-admin/api/callback, content=null]
2026-07-16 22:55:52 [com.xxl.job.core.thread.TriggerCallbackThread#callbackLog]-[197]-[Thread-80] <br>----------- xxl-job job callback fail, callbackResult:ReturnT [code=500, msg=xxl-rpc remoting fail, StatusCode(404) invalid. for url : http://localhost:8080/xxl-job-admin/api/callback, content=null]
2026-07-16 22:56:22 [com.xxl.job.core.thread.TriggerCallbackThread#callbackLog]-[197]-[Thread-80] <br>----------- xxl-job job callback fail, callbackResult:ReturnT [code=500, msg=xxl-rpc remoting fail, StatusCode(404) invalid. for url : http://localhost:8080/xxl-job-admin/api/callback, content=null]
2026-07-16 22:56:52 [com.xxl.job.core.thread.TriggerCallbackThread#callbackLog]-[197]-[Thread-80] <br>----------- xxl-job job callback fail, callbackResult:ReturnT [code=500, msg=xxl-rpc remoting fail, StatusCode(404) invalid. for url : http://localhost:8080/xxl-job-admin/api/callback, content=null]
2026-07-16 22:57:22 [com.xxl.job.core.thread.TriggerCallbackThread#callbackLog]-[197]-[Thread-80] <br>----------- xxl-job job callback fail, callbackResult:ReturnT [code=500, msg=xxl-rpc remoting fail, StatusCode(404) invalid. for url : http://localhost:8080/xxl-job-admin/api/callback, content=null]
2026-07-16 22:57:52 [com.xxl.job.core.thread.TriggerCallbackThread#callbackLog]-[197]-[Thread-80] <br>----------- xxl-job job callback fail, callbackResult:ReturnT [code=500, msg=xxl-rpc remoting fail, StatusCode(404) invalid. for url : http://localhost:8080/xxl-job-admin/api/callback, content=null]
2026-07-16 22:58:22 [com.xxl.job.core.thread.TriggerCallbackThread#callbackLog]-[197]-[Thread-80] <br>----------- xxl-job job callback fail, callbackResult:ReturnT [code=500, msg=xxl-rpc remoting fail, StatusCode(404) invalid. for url : http://localhost:8080/xxl-job-admin/api/callback, content=null]
2026-07-16 22:58:52 [com.xxl.job.core.thread.TriggerCallbackThread#callbackLog]-[197]-[Thread-80] <br>----------- xxl-job job callback fail, callbackResult:ReturnT [code=500, msg=xxl-rpc remoting fail, StatusCode(404) invalid. for url : http://localhost:8080/xxl-job-admin/api/callback, content=null]
2026-07-16 22:59:22 [com.xxl.job.core.thread.TriggerCallbackThread#callbackLog]-[197]-[Thread-80] <br>----------- xxl-job job callback fail, callbackResult:ReturnT [code=500, msg=xxl-rpc remoting fail, StatusCode(404) invalid. for url : http://localhost:8080/xxl-job-admin/api/callback, content=null]
2026-07-16 22:59:52 [com.xxl.job.core.thread.TriggerCallbackThread#callbackLog]-[197]-[Thread-80] <br>----------- xxl-job job callback fail, callbackResult:ReturnT [code=500, msg=xxl-rpc remoting fail, StatusCode(404) invalid. for url : http://localhost:8080/xxl-job-admin/api/callback, content=null]
2026-07-16 23:00:22 [com.xxl.job.core.thread.TriggerCallbackThread#callbackLog]-[197]-[Thread-80] <br>----------- xxl-job job callback fail, callbackResult:ReturnT [code=500, msg=xxl-rpc remoting fail, StatusCode(404) invalid. for url : http://localhost:8080/xxl-job-admin/api/callback, content=null]
2026-07-16 23:00:52 [com.xxl.job.core.thread.TriggerCallbackThread#callbackLog]-[197]-[Thread-80] <br>----------- xxl-job job callback fail, callbackResult:ReturnT [code=500, msg=xxl-rpc remoting fail, StatusCode(404) invalid. for url : http://localhost:8080/xxl-job-admin/api/callback, content=null]
2026-07-16 23:01:22 [com.xxl.job.core.thread.TriggerCallbackThread#callbackLog]-[197]-[Thread-80] <br>----------- xxl-job job callback fail, callbackResult:ReturnT [code=500, msg=xxl-rpc remoting fail, StatusCode(404) invalid. for url : http://localhost:8080/xxl-job-admin/api/callback, content=null]
2026-07-16 23:01:52 [com.xxl.job.core.thread.TriggerCallbackThread#callbackLog]-[197]-[Thread-80] <br>----------- xxl-job job callback fail, callbackResult:ReturnT [code=500, msg=xxl-rpc remoting fail, StatusCode(404) invalid. for url : http://localhost:8080/xxl-job-admin/api/callback, content=null]
2026-07-16 23:02:22 [com.xxl.job.core.thread.TriggerCallbackThread#callbackLog]-[197]-[Thread-80] <br>----------- xxl-job job callback fail, callbackResult:ReturnT [code=500, msg=xxl-rpc remoting fail, StatusCode(404) invalid. for url : http://localhost:8080/xxl-job-admin/api/callback, content=null]
2026-07-16 23:02:52 [com.xxl.job.core.thread.TriggerCallbackThread#callbackLog]-[197]-[Thread-80] <br>----------- xxl-job job callback fail, callbackResult:ReturnT [code=500, msg=xxl-rpc remoting fail, StatusCode(404) invalid. for url : http://localhost:8080/xxl-job-admin/api/callback, content=null]
2026-07-16 23:03:22 [com.xxl.job.core.thread.TriggerCallbackThread#callbackLog]-[197]-[Thread-80] <br>----------- xxl-job job callback fail, callbackResult:ReturnT [code=500, msg=xxl-rpc remoting fail, StatusCode(404) invalid. for url : http://localhost:8080/xxl-job-admin/api/callback, content=null]
2026-07-16 23:03:52 [com.xxl.job.core.thread.TriggerCallbackThread#callbackLog]-[197]-[Thread-80] <br>----------- xxl-job job callback fail, callbackResult:ReturnT [code=500, msg=xxl-rpc remoting fail, StatusCode(404) invalid. for url : http://localhost:8080/xxl-job-admin/api/callback, content=null]
2026-07-16 23:04:22 [com.xxl.job.core.thread.TriggerCallbackThread#callbackLog]-[197]-[Thread-80] <br>----------- xxl-job job callback fail, callbackResult:ReturnT [code=500, msg=xxl-rpc remoting fail, StatusCode(404) invalid. for url : http://localhost:8080/xxl-job-admin/api/callback, content=null]
2026-07-16 23:04:53 [com.xxl.job.core.thread.TriggerCallbackThread#callbackLog]-[197]-[Thread-80] <br>----------- xxl-job job callback fail, callbackResult:ReturnT [code=500, msg=xxl-rpc remoting fail, StatusCode(404) invalid. for url : http://localhost:8080/xxl-job-admin/api/callback, content=null]
2026-07-16 23:05:23 [com.xxl.job.core.thread.TriggerCallbackThread#callbackLog]-[197]-[Thread-80] <br>----------- xxl-job job callback fail, callbackResult:ReturnT [code=500, msg=xxl-rpc remoting fail, StatusCode(404) invalid. for url : http://localhost:8080/xxl-job-admin/api/callback, content=null]
2026-07-16 23:05:53 [com.xxl.job.core.thread.TriggerCallbackThread#callbackLog]-[197]-[Thread-80] <br>----------- xxl-job job callback fail, callbackResult:ReturnT [code=500, msg=xxl-rpc remoting fail, StatusCode(404) invalid. for url : http://localhost:8080/xxl-job-admin/api/callback, content=null]
2026-07-16 23:06:23 [com.xxl.job.core.thread.TriggerCallbackThread#callbackLog]-[197]-[Thread-80] <br>----------- xxl-job job callback fail, callbackResult:ReturnT [code=500, msg=xxl-rpc remoting fail, StatusCode(404) invalid. for url : http://localhost:8080/xxl-job-admin/api/callback, content=null]
2026-07-16 23:06:53 [com.xxl.job.core.thread.TriggerCallbackThread#callbackLog]-[197]-[Thread-80] <br>----------- xxl-job job callback fail, callbackResult:ReturnT [code=500, msg=xxl-rpc remoting fail, StatusCode(404) invalid. for url : http://localhost:8080/xxl-job-admin/api/callback, content=null]
2026-07-16 23:07:23 [com.xxl.job.core.thread.TriggerCallbackThread#callbackLog]-[197]-[Thread-80] <br>----------- xxl-job job callback fail, callbackResult:ReturnT [code=500, msg=xxl-rpc remoting fail, StatusCode(404) invalid. for url : http://localhost:8080/xxl-job-admin/api/callback, content=null]
2026-07-16 23:07:53 [com.xxl.job.core.thread.TriggerCallbackThread#callbackLog]-[197]-[Thread-80] <br>----------- xxl-job job callback fail, callbackResult:ReturnT [code=500, msg=xxl-rpc remoting fail, StatusCode(404) invalid. for url : http://localhost:8080/xxl-job-admin/api/callback, content=null]
2026-07-16 23:08:23 [com.xxl.job.core.thread.TriggerCallbackThread#callbackLog]-[197]-[Thread-80] <br>----------- xxl-job job callback fail, callbackResult:ReturnT [code=500, msg=xxl-rpc remoting fail, StatusCode(404) invalid. for url : http://localhost:8080/xxl-job-admin/api/callback, content=null]
2026-07-16 23:08:53 [com.xxl.job.core.thread.TriggerCallbackThread#callbackLog]-[197]-[Thread-80] <br>----------- xxl-job job callback fail, callbackResult:ReturnT [code=500, msg=xxl-rpc remoting fail, StatusCode(404) invalid. for url : http://localhost:8080/xxl-job-admin/api/callback, content=null]
2026-07-16 23:09:23 [com.xxl.job.core.thread.TriggerCallbackThread#callbackLog]-[197]-[Thread-80] <br>----------- xxl-job job callback fail, callbackResult:ReturnT [code=500, msg=xxl-rpc remoting fail, StatusCode(404) invalid. for url : http://localhost:8080/xxl-job-admin/api/callback, content=null]
2026-07-16 23:09:53 [com.xxl.job.core.thread.TriggerCallbackThread#callbackLog]-[197]-[Thread-80] <br>----------- xxl-job job callback fail, callbackResult:ReturnT [code=500, msg=xxl-rpc remoting fail, StatusCode(404) invalid. for url : http://localhost:8080/xxl-job-admin/api/callback, content=null]
2026-07-16 23:10:23 [com.xxl.job.core.thread.TriggerCallbackThread#callbackLog]-[197]-[Thread-80] <br>----------- xxl-job job callback fail, callbackResult:ReturnT [code=500, msg=xxl-rpc remoting fail, StatusCode(404) invalid. for url : http://localhost:8080/xxl-job-admin/api/callback, content=null]
2026-07-16 23:10:53 [com.xxl.job.core.thread.TriggerCallbackThread#callbackLog]-[197]-[Thread-80] <br>----------- xxl-job job callback fail, callbackResult:ReturnT [code=500, msg=xxl-rpc remoting fail, StatusCode(404) invalid. for url : http://localhost:8080/xxl-job-admin/api/callback, content=null]
2026-07-16 23:11:23 [com.xxl.job.core.thread.TriggerCallbackThread#callbackLog]-[197]-[Thread-80] <br>----------- xxl-job job callback fail, callbackResult:ReturnT [code=500, msg=xxl-rpc remoting fail, StatusCode(404) invalid. for url : http://localhost:8080/xxl-job-admin/api/callback, content=null]
2026-07-16 23:11:53 [com.xxl.job.core.thread.TriggerCallbackThread#callbackLog]-[197]-[Thread-80] <br>----------- xxl-job job callback fail, callbackResult:ReturnT [code=500, msg=xxl-rpc remoting fail, StatusCode(404) invalid. for url : http://localhost:8080/xxl-job-admin/api/callback, content=null]
2026-07-16 23:12:28 [com.xxl.job.core.thread.TriggerCallbackThread#callbackLog]-[197]-[Thread-80] <br>----------- xxl-job job callback fail, callbackResult:ReturnT [code=500, msg=xxl-rpc remoting fail, StatusCode(404) invalid. for url : http://localhost:8080/xxl-job-admin/api/callback, content=null]
2026-07-16 23:12:59 [com.xxl.job.core.thread.TriggerCallbackThread#callbackLog]-[197]-[Thread-80] <br>----------- xxl-job job callback fail, callbackResult:ReturnT [code=500, msg=xxl-rpc remoting fail, StatusCode(404) invalid. for url : http://localhost:8080/xxl-job-admin/api/callback, content=null]
2026-07-16 23:13:29 [com.xxl.job.core.thread.TriggerCallbackThread#callbackLog]-[197]-[Thread-80] <br>----------- xxl-job job callback fail, callbackResult:ReturnT [code=500, msg=xxl-rpc remoting fail, StatusCode(404) invalid. for url : http://localhost:8080/xxl-job-admin/api/callback, content=null]
2026-07-16 23:13:59 [com.xxl.job.core.thread.TriggerCallbackThread#callbackLog]-[197]-[Thread-80] <br>----------- xxl-job job callback fail, callbackResult:ReturnT [code=500, msg=xxl-rpc remoting fail, StatusCode(404) invalid. for url : http://localhost:8080/xxl-job-admin/api/callback, content=null]
2026-07-16 23:14:29 [com.xxl.job.core.thread.TriggerCallbackThread#callbackLog]-[197]-[Thread-80] <br>----------- xxl-job job callback fail, callbackResult:ReturnT [code=500, msg=xxl-rpc remoting fail, StatusCode(404) invalid. for url : http://localhost:8080/xxl-job-admin/api/callback, content=null]
2026-07-16 23:14:59 [com.xxl.job.core.thread.TriggerCallbackThread#callbackLog]-[197]-[Thread-80] <br>----------- xxl-job job callback fail, callbackResult:ReturnT [code=500, msg=xxl-rpc remoting fail, StatusCode(404) invalid. for url : http://localhost:8080/xxl-job-admin/api/callback, content=null]
2026-07-16 23:15:29 [com.xxl.job.core.thread.TriggerCallbackThread#callbackLog]-[197]-[Thread-80] <br>----------- xxl-job job callback fail, callbackResult:ReturnT [code=500, msg=xxl-rpc remoting fail, StatusCode(404) invalid. for url : http://localhost:8080/xxl-job-admin/api/callback, content=null]
2026-07-16 23:15:59 [com.xxl.job.core.thread.TriggerCallbackThread#callbackLog]-[197]-[Thread-80] <br>----------- xxl-job job callback fail, callbackResult:ReturnT [code=500, msg=xxl-rpc remoting fail, StatusCode(404) invalid. for url : http://localhost:8080/xxl-job-admin/api/callback, content=null]
2026-07-16 23:16:29 [com.xxl.job.core.thread.TriggerCallbackThread#callbackLog]-[197]-[Thread-80] <br>----------- xxl-job job callback fail, callbackResult:ReturnT [code=500, msg=xxl-rpc remoting fail, StatusCode(404) invalid. for url : http://localhost:8080/xxl-job-admin/api/callback, content=null]
2026-07-16 23:16:59 [com.xxl.job.core.thread.TriggerCallbackThread#callbackLog]-[197]-[Thread-80] <br>----------- xxl-job job callback fail, callbackResult:ReturnT [code=500, msg=xxl-rpc remoting fail, StatusCode(404) invalid. for url : http://localhost:8080/xxl-job-admin/api/callback, content=null]
2026-07-16 23:17:29 [com.xxl.job.core.thread.TriggerCallbackThread#callbackLog]-[197]-[Thread-80] <br>----------- xxl-job job callback fail, callbackResult:ReturnT [code=500, msg=xxl-rpc remoting fail, StatusCode(404) invalid. for url : http://localhost:8080/xxl-job-admin/api/callback, content=null]
2026-07-16 23:17:59 [com.xxl.job.core.thread.TriggerCallbackThread#callbackLog]-[197]-[Thread-80] <br>----------- xxl-job job callback fail, callbackResult:ReturnT [code=500, msg=xxl-rpc remoting fail, StatusCode(404) invalid. for url : http://localhost:8080/xxl-job-admin/api/callback, content=null]
2026-07-16 23:18:29 [com.xxl.job.core.thread.TriggerCallbackThread#callbackLog]-[197]-[Thread-80] <br>----------- xxl-job job callback fail, callbackResult:ReturnT [code=500, msg=xxl-rpc remoting fail, StatusCode(404) invalid. for url : http://localhost:8080/xxl-job-admin/api/callback, content=null]
2026-07-16 23:18:59 [com.xxl.job.core.thread.TriggerCallbackThread#callbackLog]-[197]-[Thread-80] <br>----------- xxl-job job callback fail, callbackResult:ReturnT [code=500, msg=xxl-rpc remoting fail, StatusCode(404) invalid. for url : http://localhost:8080/xxl-job-admin/api/callback, content=null]
2026-07-16 23:19:33 [com.xxl.job.core.thread.TriggerCallbackThread#callbackLog]-[197]-[Thread-80] <br>----------- xxl-job job callback fail, callbackResult:ReturnT [code=500, msg=xxl-rpc remoting fail, StatusCode(404) invalid. for url : http://localhost:8080/xxl-job-admin/api/callback, content=null]
2026-07-16 23:20:03 [com.xxl.job.core.thread.TriggerCallbackThread#callbackLog]-[197]-[Thread-80] <br>----------- xxl-job job callback fail, callbackResult:ReturnT [code=500, msg=xxl-rpc remoting fail, StatusCode(404) invalid. for url : http://localhost:8080/xxl-job-admin/api/callback, content=null]
2026-07-16 23:20:33 [com.xxl.job.core.thread.TriggerCallbackThread#callbackLog]-[197]-[Thread-80] <br>----------- xxl-job job callback fail, callbackResult:ReturnT [code=500, msg=xxl-rpc remoting fail, StatusCode(404) invalid. for url : http://localhost:8080/xxl-job-admin/api/callback, content=null]
2026-07-16 23:21:03 [com.xxl.job.core.thread.TriggerCallbackThread#callbackLog]-[197]-[Thread-80] <br>----------- xxl-job job callback fail, callbackResult:ReturnT [code=500, msg=xxl-rpc remoting fail, StatusCode(404) invalid. for url : http://localhost:8080/xxl-job-admin/api/callback, content=null]
2026-07-16 23:21:33 [com.xxl.job.core.thread.TriggerCallbackThread#callbackLog]-[197]-[Thread-80] <br>----------- xxl-job job callback fail, callbackResult:ReturnT [code=500, msg=xxl-rpc remoting fail, StatusCode(404) invalid. for url : http://localhost:8080/xxl-job-admin/api/callback, content=null]
2026-07-16 23:22:03 [com.xxl.job.core.thread.TriggerCallbackThread#callbackLog]-[197]-[Thread-80] <br>----------- xxl-job job callback fail, callbackResult:ReturnT [code=500, msg=xxl-rpc remoting fail, StatusCode(404) invalid. for url : http://localhost:8080/xxl-job-admin/api/callback, content=null]
2026-07-16 23:22:33 [com.xxl.job.core.thread.TriggerCallbackThread#callbackLog]-[197]-[Thread-80] <br>----------- xxl-job job callback fail, callbackResult:ReturnT [code=500, msg=xxl-rpc remoting fail, StatusCode(404) invalid. for url : http://localhost:8080/xxl-job-admin/api/callback, content=null]
2026-07-16 23:23:10 [com.xxl.job.core.thread.TriggerCallbackThread#callbackLog]-[197]-[Thread-80] <br>----------- xxl-job job callback fail, callbackResult:ReturnT [code=500, msg=xxl-rpc remoting fail, StatusCode(404) invalid. for url : http://localhost:8080/xxl-job-admin/api/callback, content=null]
2026-07-16 23:23:40 [com.xxl.job.core.thread.TriggerCallbackThread#callbackLog]-[197]-[Thread-80] <br>----------- xxl-job job callback fail, callbackResult:ReturnT [code=500, msg=xxl-rpc remoting fail, StatusCode(404) invalid. for url : http://localhost:8080/xxl-job-admin/api/callback, content=null]
2026-07-16 23:24:10 [com.xxl.job.core.thread.TriggerCallbackThread#callbackLog]-[197]-[Thread-80] <br>----------- xxl-job job callback fail, callbackResult:ReturnT [code=500, msg=xxl-rpc remoting fail, StatusCode(404) invalid. for url : http://localhost:8080/xxl-job-admin/api/callback, content=null]
2026-07-16 23:24:40 [com.xxl.job.core.thread.TriggerCallbackThread#callbackLog]-[197]-[Thread-80] <br>----------- xxl-job job callback fail, callbackResult:ReturnT [code=500, msg=xxl-rpc remoting fail, StatusCode(404) invalid. for url : http://localhost:8080/xxl-job-admin/api/callback, content=null]
2026-07-16 23:25:10 [com.xxl.job.core.thread.TriggerCallbackThread#callbackLog]-[197]-[Thread-80] <br>----------- xxl-job job callback fail, callbackResult:ReturnT [code=500, msg=xxl-rpc remoting fail, StatusCode(404) invalid. for url : http://localhost:8080/xxl-job-admin/api/callback, content=null]
2026-07-16 23:25:40 [com.xxl.job.core.thread.TriggerCallbackThread#callbackLog]-[197]-[Thread-80] <br>----------- xxl-job job callback fail, callbackResult:ReturnT [code=500, msg=xxl-rpc remoting fail, StatusCode(404) invalid. for url : http://localhost:8080/xxl-job-admin/api/callback, content=null]
2026-07-16 23:26:10 [com.xxl.job.core.thread.TriggerCallbackThread#callbackLog]-[197]-[Thread-80] <br>----------- xxl-job job callback fail, callbackResult:ReturnT [code=500, msg=xxl-rpc remoting fail, StatusCode(404) invalid. for url : http://localhost:8080/xxl-job-admin/api/callback, content=null]
2026-07-16 23:26:40 [com.xxl.job.core.thread.TriggerCallbackThread#callbackLog]-[197]-[Thread-80] <br>----------- xxl-job job callback fail, callbackResult:ReturnT [code=500, msg=xxl-rpc remoting fail, StatusCode(404) invalid. for url : http://localhost:8080/xxl-job-admin/api/callback, content=null]
2026-07-16 23:27:10 [com.xxl.job.core.thread.TriggerCallbackThread#callbackLog]-[197]-[Thread-80] <br>----------- xxl-job job callback fail, callbackResult:ReturnT [code=500, msg=xxl-rpc remoting fail, StatusCode(404) invalid. for url : http://localhost:8080/xxl-job-admin/api/callback, content=null]
2026-07-16 23:27:40 [com.xxl.job.core.thread.TriggerCallbackThread#callbackLog]-[197]-[Thread-80] <br>----------- xxl-job job callback fail, callbackResult:ReturnT [code=500, msg=xxl-rpc remoting fail, StatusCode(404) invalid. for url : http://localhost:8080/xxl-job-admin/api/callback, content=null]
2026-07-16 23:28:10 [com.xxl.job.core.thread.TriggerCallbackThread#callbackLog]-[197]-[Thread-80] <br>----------- xxl-job job callback fail, callbackResult:ReturnT [code=500, msg=xxl-rpc remoting fail, StatusCode(404) invalid. for url : http://localhost:8080/xxl-job-admin/api/callback, content=null]
2026-07-16 23:28:40 [com.xxl.job.core.thread.TriggerCallbackThread#callbackLog]-[197]-[Thread-80] <br>----------- xxl-job job callback fail, callbackResult:ReturnT [code=500, msg=xxl-rpc remoting fail, StatusCode(404) invalid. for url : http://localhost:8080/xxl-job-admin/api/callback, content=null]
2026-07-16 23:29:10 [com.xxl.job.core.thread.TriggerCallbackThread#callbackLog]-[197]-[Thread-80] <br>----------- xxl-job job callback fail, callbackResult:ReturnT [code=500, msg=xxl-rpc remoting fail, StatusCode(404) invalid. for url : http://localhost:8080/xxl-job-admin/api/callback, content=null]
2026-07-16 23:29:40 [com.xxl.job.core.thread.TriggerCallbackThread#callbackLog]-[197]-[Thread-80] <br>----------- xxl-job job callback fail, callbackResult:ReturnT [code=500, msg=xxl-rpc remoting fail, StatusCode(404) invalid. for url : http://localhost:8080/xxl-job-admin/api/callback, content=null]
2026-07-16 23:30:10 [com.xxl.job.core.thread.TriggerCallbackThread#callbackLog]-[197]-[Thread-80] <br>----------- xxl-job job callback fail, callbackResult:ReturnT [code=500, msg=xxl-rpc remoting fail, StatusCode(404) invalid. for url : http://localhost:8080/xxl-job-admin/api/callback, content=null]
2026-07-16 23:30:40 [com.xxl.job.core.thread.TriggerCallbackThread#callbackLog]-[197]-[Thread-80] <br>----------- xxl-job job callback fail, callbackResult:ReturnT [code=500, msg=xxl-rpc remoting fail, StatusCode(404) invalid. for url : http://localhost:8080/xxl-job-admin/api/callback, content=null]
2026-07-16 23:31:10 [com.xxl.job.core.thread.TriggerCallbackThread#callbackLog]-[197]-[Thread-80] <br>----------- xxl-job job callback fail, callbackResult:ReturnT [code=500, msg=xxl-rpc remoting fail, StatusCode(404) invalid. for url : http://localhost:8080/xxl-job-admin/api/callback, content=null]
2026-07-16 23:31:40 [com.xxl.job.core.thread.TriggerCallbackThread#callbackLog]-[197]-[Thread-80] <br>----------- xxl-job job callback fail, callbackResult:ReturnT [code=500, msg=xxl-rpc remoting fail, StatusCode(404) invalid. for url : http://localhost:8080/xxl-job-admin/api/callback, content=null]
2026-07-16 23:36:04 [com.xxl.job.core.thread.TriggerCallbackThread#callbackLog]-[197]-[Thread-82] <br>----------- xxl-job job callback fail, callbackResult:ReturnT [code=500, msg=xxl-rpc remoting fail, StatusCode(404) invalid. for url : http://localhost:8080/xxl-job-admin/api/callback, content=null]
2026-07-16 23:36:34 [com.xxl.job.core.thread.TriggerCallbackThread#callbackLog]-[197]-[Thread-82] <br>----------- xxl-job job callback fail, callbackResult:ReturnT [code=500, msg=xxl-rpc remoting fail, StatusCode(404) invalid. for url : http://localhost:8080/xxl-job-admin/api/callback, content=null]
2026-07-16 23:37:09 [com.xxl.job.core.thread.TriggerCallbackThread#callbackLog]-[197]-[Thread-82] <br>----------- xxl-job job callback fail, callbackResult:ReturnT [code=500, msg=xxl-rpc remoting fail, StatusCode(404) invalid. for url : http://localhost:8080/xxl-job-admin/api/callback, content=null]
2026-07-16 23:37:42 [com.xxl.job.core.thread.TriggerCallbackThread#callbackLog]-[197]-[Thread-82] <br>----------- xxl-job job callback fail, callbackResult:ReturnT [code=500, msg=xxl-rpc remoting fail, StatusCode(404) invalid. for url : http://localhost:8080/xxl-job-admin/api/callback, content=null]
2026-07-16 23:38:12 [com.xxl.job.core.thread.TriggerCallbackThread#callbackLog]-[197]-[Thread-82] <br>----------- xxl-job job callback fail, callbackResult:ReturnT [code=500, msg=xxl-rpc remoting fail, StatusCode(404) invalid. for url : http://localhost:8080/xxl-job-admin/api/callback, content=null]
2026-07-16 23:39:07 [com.xxl.job.core.thread.TriggerCallbackThread#callbackLog]-[197]-[Thread-82] <br>----------- xxl-job job callback fail, callbackResult:ReturnT [code=500, msg=xxl-rpc remoting fail, StatusCode(404) invalid. for url : http://localhost:8080/xxl-job-admin/api/callback, content=null]
2026-07-16 23:39:40 [com.xxl.job.core.thread.TriggerCallbackThread#callbackLog]-[197]-[Thread-82] <br>----------- xxl-job job callback fail, callbackResult:ReturnT [code=500, msg=xxl-rpc remoting fail, StatusCode(404) invalid. for url : http://localhost:8080/xxl-job-admin/api/callback, content=null]
2026-07-16 23:40:10 [com.xxl.job.core.thread.TriggerCallbackThread#callbackLog]-[197]-[Thread-82] <br>----------- xxl-job job callback fail, callbackResult:ReturnT [code=500, msg=xxl-rpc remoting fail, StatusCode(404) invalid. for url : http://localhost:8080/xxl-job-admin/api/callback, content=null]
2026-07-16 23:40:40 [com.xxl.job.core.thread.TriggerCallbackThread#callbackLog]-[197]-[Thread-82] <br>----------- xxl-job job callback fail, callbackResult:ReturnT [code=500, msg=xxl-rpc remoting fail, StatusCode(404) invalid. for url : http://localhost:8080/xxl-job-admin/api/callback, content=null]
2026-07-16 23:41:10 [com.xxl.job.core.thread.TriggerCallbackThread#callbackLog]-[197]-[Thread-82] <br>----------- xxl-job job callback fail, callbackResult:ReturnT [code=500, msg=xxl-rpc remoting fail, StatusCode(404) invalid. for url : http://localhost:8080/xxl-job-admin/api/callback, content=null]
2026-07-16 23:41:40 [com.xxl.job.core.thread.TriggerCallbackThread#callbackLog]-[197]-[Thread-82] <br>----------- xxl-job job callback fail, callbackResult:ReturnT [code=500, msg=xxl-rpc remoting fail, StatusCode(404) invalid. for url : http://localhost:8080/xxl-job-admin/api/callback, content=null]
2026-07-16 23:42:11 [com.xxl.job.core.thread.TriggerCallbackThread#callbackLog]-[197]-[Thread-82] <br>----------- xxl-job job callback fail, callbackResult:ReturnT [code=500, msg=xxl-rpc remoting fail, StatusCode(404) invalid. for url : http://localhost:8080/xxl-job-admin/api/callback, content=null]
2026-07-16 23:42:41 [com.xxl.job.core.thread.TriggerCallbackThread#callbackLog]-[197]-[Thread-82] <br>----------- xxl-job job callback fail, callbackResult:ReturnT [code=500, msg=xxl-rpc remoting fail, StatusCode(404) invalid. for url : http://localhost:8080/xxl-job-admin/api/callback, content=null]
2026-07-16 23:43:11 [com.xxl.job.core.thread.TriggerCallbackThread#callbackLog]-[197]-[Thread-82] <br>----------- xxl-job job callback fail, callbackResult:ReturnT [code=500, msg=xxl-rpc remoting fail, StatusCode(404) invalid. for url : http://localhost:8080/xxl-job-admin/api/callback, content=null]
2026-07-16 23:43:41 [com.xxl.job.core.thread.TriggerCallbackThread#callbackLog]-[197]-[Thread-82] <br>----------- xxl-job job callback fail, callbackResult:ReturnT [code=500, msg=xxl-rpc remoting fail, StatusCode(404) invalid. for url : http://localhost:8080/xxl-job-admin/api/callback, content=null]
2026-07-16 23:44:11 [com.xxl.job.core.thread.TriggerCallbackThread#callbackLog]-[197]-[Thread-82] <br>----------- xxl-job job callback fail, callbackResult:ReturnT [code=500, msg=xxl-rpc remoting fail, StatusCode(404) invalid. for url : http://localhost:8080/xxl-job-admin/api/callback, content=null]
2026-07-16 23:44:41 [com.xxl.job.core.thread.TriggerCallbackThread#callbackLog]-[197]-[Thread-82] <br>----------- xxl-job job callback fail, callbackResult:ReturnT [code=500, msg=xxl-rpc remoting fail, StatusCode(404) invalid. for url : http://localhost:8080/xxl-job-admin/api/callback, content=null]
2026-07-16 23:45:11 [com.xxl.job.core.thread.TriggerCallbackThread#callbackLog]-[197]-[Thread-82] <br>----------- xxl-job job callback fail, callbackResult:ReturnT [code=500, msg=xxl-rpc remoting fail, StatusCode(404) invalid. for url : http://localhost:8080/xxl-job-admin/api/callback, content=null]
2026-07-16 23:45:41 [com.xxl.job.core.thread.TriggerCallbackThread#callbackLog]-[197]-[Thread-82] <br>----------- xxl-job job callback fail, callbackResult:ReturnT [code=500, msg=xxl-rpc remoting fail, StatusCode(404) invalid. for url : http://localhost:8080/xxl-job-admin/api/callback, content=null]
2026-07-16 23:46:11 [com.xxl.job.core.thread.TriggerCallbackThread#callbackLog]-[197]-[Thread-82] <br>----------- xxl-job job callback fail, callbackResult:ReturnT [code=500, msg=xxl-rpc remoting fail, StatusCode(404) invalid. for url : http://localhost:8080/xxl-job-admin/api/callback, content=null]
2026-07-16 23:46:41 [com.xxl.job.core.thread.TriggerCallbackThread#callbackLog]-[197]-[Thread-82] <br>----------- xxl-job job callback fail, callbackResult:ReturnT [code=500, msg=xxl-rpc remoting fail, StatusCode(404) invalid. for url : http://localhost:8080/xxl-job-admin/api/callback, content=null]
2026-07-16 23:47:11 [com.xxl.job.core.thread.TriggerCallbackThread#callbackLog]-[197]-[Thread-82] <br>----------- xxl-job job callback fail, callbackResult:ReturnT [code=500, msg=xxl-rpc remoting fail, StatusCode(404) invalid. for url : http://localhost:8080/xxl-job-admin/api/callback, content=null]
2026-07-16 23:47:41 [com.xxl.job.core.thread.TriggerCallbackThread#callbackLog]-[197]-[Thread-82] <br>----------- xxl-job job callback fail, callbackResult:ReturnT [code=500, msg=xxl-rpc remoting fail, StatusCode(404) invalid. for url : http://localhost:8080/xxl-job-admin/api/callback, content=null]
2026-07-16 23:48:11 [com.xxl.job.core.thread.TriggerCallbackThread#callbackLog]-[197]-[Thread-82] <br>----------- xxl-job job callback fail, callbackResult:ReturnT [code=500, msg=xxl-rpc remoting fail, StatusCode(404) invalid. for url : http://localhost:8080/xxl-job-admin/api/callback, content=null]
2026-07-16 23:48:41 [com.xxl.job.core.thread.TriggerCallbackThread#callbackLog]-[197]-[Thread-82] <br>----------- xxl-job job callback fail, callbackResult:ReturnT [code=500, msg=xxl-rpc remoting fail, StatusCode(404) invalid. for url : http://localhost:8080/xxl-job-admin/api/callback, content=null]
2026-07-16 23:49:11 [com.xxl.job.core.thread.TriggerCallbackThread#callbackLog]-[197]-[Thread-82] <br>----------- xxl-job job callback fail, callbackResult:ReturnT [code=500, msg=xxl-rpc remoting fail, StatusCode(404) invalid. for url : http://localhost:8080/xxl-job-admin/api/callback, content=null]
2026-07-16 23:49:41 [com.xxl.job.core.thread.TriggerCallbackThread#callbackLog]-[197]-[Thread-82] <br>----------- xxl-job job callback fail, callbackResult:ReturnT [code=500, msg=xxl-rpc remoting fail, StatusCode(404) invalid. for url : http://localhost:8080/xxl-job-admin/api/callback, content=null]
2026-07-16 23:50:11 [com.xxl.job.core.thread.TriggerCallbackThread#callbackLog]-[197]-[Thread-82] <br>----------- xxl-job job callback fail, callbackResult:ReturnT [code=500, msg=xxl-rpc remoting fail, StatusCode(404) invalid. for url : http://localhost:8080/xxl-job-admin/api/callback, content=null]
2026-07-16 23:50:41 [com.xxl.job.core.thread.TriggerCallbackThread#callbackLog]-[197]-[Thread-82] <br>----------- xxl-job job callback fail, callbackResult:ReturnT [code=500, msg=xxl-rpc remoting fail, StatusCode(404) invalid. for url : http://localhost:8080/xxl-job-admin/api/callback, content=null]
2026-07-16 23:51:11 [com.xxl.job.core.thread.TriggerCallbackThread#callbackLog]-[197]-[Thread-82] <br>----------- xxl-job job callback fail, callbackResult:ReturnT [code=500, msg=xxl-rpc remoting fail, StatusCode(404) invalid. for url : http://localhost:8080/xxl-job-admin/api/callback, content=null]
2026-07-16 23:51:41 [com.xxl.job.core.thread.TriggerCallbackThread#callbackLog]-[197]-[Thread-82] <br>----------- xxl-job job callback fail, callbackResult:ReturnT [code=500, msg=xxl-rpc remoting fail, StatusCode(404) invalid. for url : http://localhost:8080/xxl-job-admin/api/callback, content=null]
2026-07-16 23:52:11 [com.xxl.job.core.thread.TriggerCallbackThread#callbackLog]-[197]-[Thread-82] <br>----------- xxl-job job callback fail, callbackResult:ReturnT [code=500, msg=xxl-rpc remoting fail, StatusCode(404) invalid. for url : http://localhost:8080/xxl-job-admin/api/callback, content=null]
2026-07-16 23:52:41 [com.xxl.job.core.thread.TriggerCallbackThread#callbackLog]-[197]-[Thread-82] <br>----------- xxl-job job callback fail, callbackResult:ReturnT [code=500, msg=xxl-rpc remoting fail, StatusCode(404) invalid. for url : http://localhost:8080/xxl-job-admin/api/callback, content=null]
2026-07-16 23:53:11 [com.xxl.job.core.thread.TriggerCallbackThread#callbackLog]-[197]-[Thread-82] <br>----------- xxl-job job callback fail, callbackResult:ReturnT [code=500, msg=xxl-rpc remoting fail, StatusCode(404) invalid. for url : http://localhost:8080/xxl-job-admin/api/callback, content=null]
2026-07-16 23:53:41 [com.xxl.job.core.thread.TriggerCallbackThread#callbackLog]-[197]-[Thread-82] <br>----------- xxl-job job callback fail, callbackResult:ReturnT [code=500, msg=xxl-rpc remoting fail, StatusCode(404) invalid. for url : http://localhost:8080/xxl-job-admin/api/callback, content=null]
2026-07-16 23:54:11 [com.xxl.job.core.thread.TriggerCallbackThread#callbackLog]-[197]-[Thread-82] <br>----------- xxl-job job callback fail, callbackResult:ReturnT [code=500, msg=xxl-rpc remoting fail, StatusCode(404) invalid. for url : http://localhost:8080/xxl-job-admin/api/callback, content=null]
2026-07-16 23:54:42 [com.xxl.job.core.thread.TriggerCallbackThread#callbackLog]-[197]-[Thread-82] <br>----------- xxl-job job callback fail, callbackResult:ReturnT [code=500, msg=xxl-rpc remoting fail, StatusCode(404) invalid. for url : http://localhost:8080/xxl-job-admin/api/callback, content=null]
2026-07-16 23:55:12 [com.xxl.job.core.thread.TriggerCallbackThread#callbackLog]-[197]-[Thread-82] <br>----------- xxl-job job callback fail, callbackResult:ReturnT [code=500, msg=xxl-rpc remoting fail, StatusCode(404) invalid. for url : http://localhost:8080/xxl-job-admin/api/callback, content=null]
2026-07-16 23:55:42 [com.xxl.job.core.thread.TriggerCallbackThread#callbackLog]-[197]-[Thread-82] <br>----------- xxl-job job callback fail, callbackResult:ReturnT [code=500, msg=xxl-rpc remoting fail, StatusCode(404) invalid. for url : http://localhost:8080/xxl-job-admin/api/callback, content=null]
2026-07-16 23:56:12 [com.xxl.job.core.thread.TriggerCallbackThread#callbackLog]-[197]-[Thread-82] <br>----------- xxl-job job callback fail, callbackResult:ReturnT [code=500, msg=xxl-rpc remoting fail, StatusCode(404) invalid. for url : http://localhost:8080/xxl-job-admin/api/callback, content=null]
2026-07-16 23:56:42 [com.xxl.job.core.thread.TriggerCallbackThread#callbackLog]-[197]-[Thread-82] <br>----------- xxl-job job callback fail, callbackResult:ReturnT [code=500, msg=xxl-rpc remoting fail, StatusCode(404) invalid. for url : http://localhost:8080/xxl-job-admin/api/callback, content=null]
2026-07-16 23:57:18 [com.xxl.job.core.thread.TriggerCallbackThread#callbackLog]-[197]-[Thread-77] <br>----------- xxl-job job callback fail, callbackResult:ReturnT [code=500, msg=xxl-rpc remoting fail, StatusCode(404) invalid. for url : http://localhost:8080/xxl-job-admin/api/callback, content=null]
2026-07-17 11:06:09 [com.xxl.job.core.thread.TriggerCallbackThread#callbackLog]-[197]-[Thread-81] <br>----------- xxl-job job callback fail, callbackResult:ReturnT [code=500, msg=xxl-rpc remoting error(Connection refused: connect), for url : http://localhost:8080/xxl-job-admin/api/callback, content=null]
2026-07-17 11:06:55 [com.xxl.job.core.thread.TriggerCallbackThread#callbackLog]-[197]-[Thread-81] <br>----------- xxl-job job callback fail, callbackResult:ReturnT [code=500, msg=xxl-rpc remoting error(Connection refused: connect), for url : http://localhost:8080/xxl-job-admin/api/callback, content=null]
2026-07-17 11:10:27 [com.xxl.job.core.thread.TriggerCallbackThread#callbackLog]-[197]-[Thread-81] <br>----------- xxl-job job callback fail, callbackResult:ReturnT [code=500, msg=xxl-rpc remoting error(Connection refused: connect), for url : http://localhost:8080/xxl-job-admin/api/callback, content=null]
2026-07-17 11:11:18 [com.xxl.job.core.thread.TriggerCallbackThread#callbackLog]-[197]-[Thread-81] <br>----------- xxl-job job callback fail, callbackResult:ReturnT [code=500, msg=xxl-rpc remoting error(Connection refused: connect), for url : http://localhost:8080/xxl-job-admin/api/callback, content=null]
2026-07-17 11:12:06 [com.xxl.job.core.thread.TriggerCallbackThread#callbackLog]-[197]-[Thread-81] <br>----------- xxl-job job callback fail, callbackResult:ReturnT [code=500, msg=xxl-rpc remoting error(Connection refused: connect), for url : http://localhost:8080/xxl-job-admin/api/callback, content=null]
2026-07-17 11:12:55 [com.xxl.job.core.thread.TriggerCallbackThread#callbackLog]-[197]-[Thread-81] <br>----------- xxl-job job callback fail, callbackResult:ReturnT [code=500, msg=xxl-rpc remoting error(Connection refused: connect), for url : http://localhost:8080/xxl-job-admin/api/callback, content=null]
2026-07-17 11:13:43 [com.xxl.job.core.thread.TriggerCallbackThread#callbackLog]-[197]-[Thread-81] <br>----------- xxl-job job callback fail, callbackResult:ReturnT [code=500, msg=xxl-rpc remoting error(Connection refused: connect), for url : http://localhost:8080/xxl-job-admin/api/callback, content=null]
2026-07-17 11:14:32 [com.xxl.job.core.thread.TriggerCallbackThread#callbackLog]-[197]-[Thread-81] <br>----------- xxl-job job callback fail, callbackResult:ReturnT [code=500, msg=xxl-rpc remoting error(Connection refused: connect), for url : http://localhost:8080/xxl-job-admin/api/callback, content=null]
2026-07-17 11:15:20 [com.xxl.job.core.thread.TriggerCallbackThread#callbackLog]-[197]-[Thread-81] <br>----------- xxl-job job callback fail, callbackResult:ReturnT [code=500, msg=xxl-rpc remoting error(Connection refused: connect), for url : http://localhost:8080/xxl-job-admin/api/callback, content=null]
2026-07-17 11:16:08 [com.xxl.job.core.thread.TriggerCallbackThread#callbackLog]-[197]-[Thread-81] <br>----------- xxl-job job callback fail, callbackResult:ReturnT [code=500, msg=xxl-rpc remoting error(Connection refused: connect), for url : http://localhost:8080/xxl-job-admin/api/callback, content=null]
2026-07-17 11:16:57 [com.xxl.job.core.thread.TriggerCallbackThread#callbackLog]-[197]-[Thread-81] <br>----------- xxl-job job callback fail, callbackResult:ReturnT [code=500, msg=xxl-rpc remoting error(Connection refused: connect), for url : http://localhost:8080/xxl-job-admin/api/callback, content=null]
2026-07-17 11:17:45 [com.xxl.job.core.thread.TriggerCallbackThread#callbackLog]-[197]-[Thread-81] <br>----------- xxl-job job callback fail, callbackResult:ReturnT [code=500, msg=xxl-rpc remoting error(Connection refused: connect), for url : http://localhost:8080/xxl-job-admin/api/callback, content=null]
2026-07-17 11:18:33 [com.xxl.job.core.thread.TriggerCallbackThread#callbackLog]-[197]-[Thread-81] <br>----------- xxl-job job callback fail, callbackResult:ReturnT [code=500, msg=xxl-rpc remoting error(Connection refused: connect), for url : http://localhost:8080/xxl-job-admin/api/callback, content=null]
2026-07-17 11:19:22 [com.xxl.job.core.thread.TriggerCallbackThread#callbackLog]-[197]-[Thread-81] <br>----------- xxl-job job callback fail, callbackResult:ReturnT [code=500, msg=xxl-rpc remoting error(Connection refused: connect), for url : http://localhost:8080/xxl-job-admin/api/callback, content=null]
2026-07-17 11:20:10 [com.xxl.job.core.thread.TriggerCallbackThread#callbackLog]-[197]-[Thread-81] <br>----------- xxl-job job callback fail, callbackResult:ReturnT [code=500, msg=xxl-rpc remoting error(Connection refused: connect), for url : http://localhost:8080/xxl-job-admin/api/callback, content=null]
2026-07-17 11:20:59 [com.xxl.job.core.thread.TriggerCallbackThread#callbackLog]-[197]-[Thread-81] <br>----------- xxl-job job callback fail, callbackResult:ReturnT [code=500, msg=xxl-rpc remoting error(Connection refused: connect), for url : http://localhost:8080/xxl-job-admin/api/callback, content=null]
2026-07-17 11:21:47 [com.xxl.job.core.thread.TriggerCallbackThread#callbackLog]-[197]-[Thread-81] <br>----------- xxl-job job callback fail, callbackResult:ReturnT [code=500, msg=xxl-rpc remoting error(Connection refused: connect), for url : http://localhost:8080/xxl-job-admin/api/callback, content=null]
2026-07-17 11:22:35 [com.xxl.job.core.thread.TriggerCallbackThread#callbackLog]-[197]-[Thread-81] <br>----------- xxl-job job callback fail, callbackResult:ReturnT [code=500, msg=xxl-rpc remoting error(Connection refused: connect), for url : http://localhost:8080/xxl-job-admin/api/callback, content=null]
2026-07-17 11:23:24 [com.xxl.job.core.thread.TriggerCallbackThread#callbackLog]-[197]-[Thread-81] <br>----------- xxl-job job callback fail, callbackResult:ReturnT [code=500, msg=xxl-rpc remoting error(Connection refused: connect), for url : http://localhost:8080/xxl-job-admin/api/callback, content=null]
2026-07-17 11:24:12 [com.xxl.job.core.thread.TriggerCallbackThread#callbackLog]-[197]-[Thread-81] <br>----------- xxl-job job callback fail, callbackResult:ReturnT [code=500, msg=xxl-rpc remoting error(Connection refused: connect), for url : http://localhost:8080/xxl-job-admin/api/callback, content=null]
2026-07-17 11:25:01 [com.xxl.job.core.thread.TriggerCallbackThread#callbackLog]-[197]-[Thread-81] <br>----------- xxl-job job callback fail, callbackResult:ReturnT [code=500, msg=xxl-rpc remoting error(Connection refused: connect), for url : http://localhost:8080/xxl-job-admin/api/callback, content=null]
2026-07-17 11:25:49 [com.xxl.job.core.thread.TriggerCallbackThread#callbackLog]-[197]-[Thread-81] <br>----------- xxl-job job callback fail, callbackResult:ReturnT [code=500, msg=xxl-rpc remoting error(Connection refused: connect), for url : http://localhost:8080/xxl-job-admin/api/callback, content=null]
2026-07-17 11:26:38 [com.xxl.job.core.thread.TriggerCallbackThread#callbackLog]-[197]-[Thread-81] <br>----------- xxl-job job callback fail, callbackResult:ReturnT [code=500, msg=xxl-rpc remoting error(Connection refused: connect), for url : http://localhost:8080/xxl-job-admin/api/callback, content=null]
2026-07-17 11:27:26 [com.xxl.job.core.thread.TriggerCallbackThread#callbackLog]-[197]-[Thread-81] <br>----------- xxl-job job callback fail, callbackResult:ReturnT [code=500, msg=xxl-rpc remoting error(Connection refused: connect), for url : http://localhost:8080/xxl-job-admin/api/callback, content=null]
2026-07-17 11:28:14 [com.xxl.job.core.thread.TriggerCallbackThread#callbackLog]-[197]-[Thread-81] <br>----------- xxl-job job callback fail, callbackResult:ReturnT [code=500, msg=xxl-rpc remoting error(Connection refused: connect), for url : http://localhost:8080/xxl-job-admin/api/callback, content=null]
2026-07-17 11:29:03 [com.xxl.job.core.thread.TriggerCallbackThread#callbackLog]-[197]-[Thread-81] <br>----------- xxl-job job callback fail, callbackResult:ReturnT [code=500, msg=xxl-rpc remoting error(Connection refused: connect), for url : http://localhost:8080/xxl-job-admin/api/callback, content=null]
2026-07-17 11:29:51 [com.xxl.job.core.thread.TriggerCallbackThread#callbackLog]-[197]-[Thread-81] <br>----------- xxl-job job callback fail, callbackResult:ReturnT [code=500, msg=xxl-rpc remoting error(Connection refused: connect), for url : http://localhost:8080/xxl-job-admin/api/callback, content=null]
2026-07-17 11:30:40 [com.xxl.job.core.thread.TriggerCallbackThread#callbackLog]-[197]-[Thread-81] <br>----------- xxl-job job callback fail, callbackResult:ReturnT [code=500, msg=xxl-rpc remoting error(Connection refused: connect), for url : http://localhost:8080/xxl-job-admin/api/callback, content=null]
2026-07-17 11:31:28 [com.xxl.job.core.thread.TriggerCallbackThread#callbackLog]-[197]-[Thread-81] <br>----------- xxl-job job callback fail, callbackResult:ReturnT [code=500, msg=xxl-rpc remoting error(Connection refused: connect), for url : http://localhost:8080/xxl-job-admin/api/callback, content=null]
2026-07-17 11:32:16 [com.xxl.job.core.thread.TriggerCallbackThread#callbackLog]-[197]-[Thread-81] <br>----------- xxl-job job callback fail, callbackResult:ReturnT [code=500, msg=xxl-rpc remoting error(Connection refused: connect), for url : http://localhost:8080/xxl-job-admin/api/callback, content=null]
2026-07-17 11:33:05 [com.xxl.job.core.thread.TriggerCallbackThread#callbackLog]-[197]-[Thread-81] <br>----------- xxl-job job callback fail, callbackResult:ReturnT [code=500, msg=xxl-rpc remoting error(Connection refused: connect), for url : http://localhost:8080/xxl-job-admin/api/callback, content=null]
2026-07-17 11:33:53 [com.xxl.job.core.thread.TriggerCallbackThread#callbackLog]-[197]-[Thread-81] <br>----------- xxl-job job callback fail, callbackResult:ReturnT [code=500, msg=xxl-rpc remoting error(Connection refused: connect), for url : http://localhost:8080/xxl-job-admin/api/callback, content=null]
2026-07-17 11:34:41 [com.xxl.job.core.thread.TriggerCallbackThread#callbackLog]-[197]-[Thread-81] <br>----------- xxl-job job callback fail, callbackResult:ReturnT [code=500, msg=xxl-rpc remoting error(Connection refused: connect), for url : http://localhost:8080/xxl-job-admin/api/callback, content=null]
2026-07-17 11:35:30 [com.xxl.job.core.thread.TriggerCallbackThread#callbackLog]-[197]-[Thread-81] <br>----------- xxl-job job callback fail, callbackResult:ReturnT [code=500, msg=xxl-rpc remoting error(Connection refused: connect), for url : http://localhost:8080/xxl-job-admin/api/callback, content=null]
2026-07-17 11:36:18 [com.xxl.job.core.thread.TriggerCallbackThread#callbackLog]-[197]-[Thread-81] <br>----------- xxl-job job callback fail, callbackResult:ReturnT [code=500, msg=xxl-rpc remoting error(Connection refused: connect), for url : http://localhost:8080/xxl-job-admin/api/callback, content=null]
2026-07-17 11:37:06 [com.xxl.job.core.thread.TriggerCallbackThread#callbackLog]-[197]-[Thread-81] <br>----------- xxl-job job callback fail, callbackResult:ReturnT [code=500, msg=xxl-rpc remoting error(Connection refused: connect), for url : http://localhost:8080/xxl-job-admin/api/callback, content=null]
2026-07-17 13:31:06 [com.xxl.job.core.thread.TriggerCallbackThread#callbackLog]-[197]-[Thread-81] <br>----------- xxl-job job callback fail, callbackResult:ReturnT [code=500, msg=xxl-rpc remoting error(Connection refused: connect), for url : http://localhost:8080/xxl-job-admin/api/callback, content=null]
2026-07-17 13:31:54 [com.xxl.job.core.thread.TriggerCallbackThread#callbackLog]-[197]-[Thread-81] <br>----------- xxl-job job callback fail, callbackResult:ReturnT [code=500, msg=xxl-rpc remoting error(Connection refused: connect), for url : http://localhost:8080/xxl-job-admin/api/callback, content=null]
2026-07-17 13:32:42 [com.xxl.job.core.thread.TriggerCallbackThread#callbackLog]-[197]-[Thread-81] <br>----------- xxl-job job callback fail, callbackResult:ReturnT [code=500, msg=xxl-rpc remoting error(Connection refused: connect), for url : http://localhost:8080/xxl-job-admin/api/callback, content=null]
2026-07-17 13:33:30 [com.xxl.job.core.thread.TriggerCallbackThread#callbackLog]-[197]-[Thread-81] <br>----------- xxl-job job callback fail, callbackResult:ReturnT [code=500, msg=xxl-rpc remoting error(Connection refused: connect), for url : http://localhost:8080/xxl-job-admin/api/callback, content=null]
2026-07-17 13:34:19 [com.xxl.job.core.thread.TriggerCallbackThread#callbackLog]-[197]-[Thread-81] <br>----------- xxl-job job callback fail, callbackResult:ReturnT [code=500, msg=xxl-rpc remoting error(Connection refused: connect), for url : http://localhost:8080/xxl-job-admin/api/callback, content=null]
2026-07-17 13:35:07 [com.xxl.job.core.thread.TriggerCallbackThread#callbackLog]-[197]-[Thread-81] <br>----------- xxl-job job callback fail, callbackResult:ReturnT [code=500, msg=xxl-rpc remoting error(Connection refused: connect), for url : http://localhost:8080/xxl-job-admin/api/callback, content=null]
2026-07-17 13:35:55 [com.xxl.job.core.thread.TriggerCallbackThread#callbackLog]-[197]-[Thread-81] <br>----------- xxl-job job callback fail, callbackResult:ReturnT [code=500, msg=xxl-rpc remoting error(Connection refused: connect), for url : http://localhost:8080/xxl-job-admin/api/callback, content=null]
2026-07-17 13:36:44 [com.xxl.job.core.thread.TriggerCallbackThread#callbackLog]-[197]-[Thread-81] <br>----------- xxl-job job callback fail, callbackResult:ReturnT [code=500, msg=xxl-rpc remoting error(Connection refused: connect), for url : http://localhost:8080/xxl-job-admin/api/callback, content=null]
2026-07-17 13:37:32 [com.xxl.job.core.thread.TriggerCallbackThread#callbackLog]-[197]-[Thread-81] <br>----------- xxl-job job callback fail, callbackResult:ReturnT [code=500, msg=xxl-rpc remoting error(Connection refused: connect), for url : http://localhost:8080/xxl-job-admin/api/callback, content=null]
2026-07-17 13:38:21 [com.xxl.job.core.thread.TriggerCallbackThread#callbackLog]-[197]-[Thread-81] <br>----------- xxl-job job callback fail, callbackResult:ReturnT [code=500, msg=xxl-rpc remoting error(Connection refused: connect), for url : http://localhost:8080/xxl-job-admin/api/callback, content=null]
2026-07-17 13:39:09 [com.xxl.job.core.thread.TriggerCallbackThread#callbackLog]-[197]-[Thread-81] <br>----------- xxl-job job callback fail, callbackResult:ReturnT [code=500, msg=xxl-rpc remoting error(Connection refused: connect), for url : http://localhost:8080/xxl-job-admin/api/callback, content=null]
2026-07-17 13:39:57 [com.xxl.job.core.thread.TriggerCallbackThread#callbackLog]-[197]-[Thread-81] <br>----------- xxl-job job callback fail, callbackResult:ReturnT [code=500, msg=xxl-rpc remoting error(Connection refused: connect), for url : http://localhost:8080/xxl-job-admin/api/callback, content=null]
2026-07-17 13:40:46 [com.xxl.job.core.thread.TriggerCallbackThread#callbackLog]-[197]-[Thread-81] <br>----------- xxl-job job callback fail, callbackResult:ReturnT [code=500, msg=xxl-rpc remoting error(Connection refused: connect), for url : http://localhost:8080/xxl-job-admin/api/callback, content=null]
2026-07-17 13:41:34 [com.xxl.job.core.thread.TriggerCallbackThread#callbackLog]-[197]-[Thread-81] <br>----------- xxl-job job callback fail, callbackResult:ReturnT [code=500, msg=xxl-rpc remoting error(Connection refused: connect), for url : http://localhost:8080/xxl-job-admin/api/callback, content=null]
2026-07-17 13:42:22 [com.xxl.job.core.thread.TriggerCallbackThread#callbackLog]-[197]-[Thread-81] <br>----------- xxl-job job callback fail, callbackResult:ReturnT [code=500, msg=xxl-rpc remoting error(Connection refused: connect), for url : http://localhost:8080/xxl-job-admin/api/callback, content=null]
2026-07-17 13:43:47 [com.xxl.job.core.thread.TriggerCallbackThread#callbackLog]-[197]-[Thread-98] <br>----------- xxl-job job callback fail, callbackResult:ReturnT [code=500, msg=xxl-rpc remoting fail, StatusCode(404) invalid. for url : http://localhost:8080/xxl-job-admin/api/callback, content=null]
2026-07-17 13:44:17 [com.xxl.job.core.thread.TriggerCallbackThread#callbackLog]-[197]-[Thread-98] <br>----------- xxl-job job callback fail, callbackResult:ReturnT [code=500, msg=xxl-rpc remoting fail, StatusCode(404) invalid. for url : http://localhost:8080/xxl-job-admin/api/callback, content=null]
2026-07-17 13:44:47 [com.xxl.job.core.thread.TriggerCallbackThread#callbackLog]-[197]-[Thread-98] <br>----------- xxl-job job callback fail, callbackResult:ReturnT [code=500, msg=xxl-rpc remoting fail, StatusCode(404) invalid. for url : http://localhost:8080/xxl-job-admin/api/callback, content=null]
2026-07-17 13:45:17 [com.xxl.job.core.thread.TriggerCallbackThread#callbackLog]-[197]-[Thread-98] <br>----------- xxl-job job callback fail, callbackResult:ReturnT [code=500, msg=xxl-rpc remoting fail, StatusCode(404) invalid. for url : http://localhost:8080/xxl-job-admin/api/callback, content=null]
2026-07-17 13:45:47 [com.xxl.job.core.thread.TriggerCallbackThread#callbackLog]-[197]-[Thread-98] <br>----------- xxl-job job callback fail, callbackResult:ReturnT [code=500, msg=xxl-rpc remoting fail, StatusCode(404) invalid. for url : http://localhost:8080/xxl-job-admin/api/callback, content=null]
2026-07-17 13:46:17 [com.xxl.job.core.thread.TriggerCallbackThread#callbackLog]-[197]-[Thread-98] <br>----------- xxl-job job callback fail, callbackResult:ReturnT [code=500, msg=xxl-rpc remoting fail, StatusCode(404) invalid. for url : http://localhost:8080/xxl-job-admin/api/callback, content=null]
2026-07-17 13:46:47 [com.xxl.job.core.thread.TriggerCallbackThread#callbackLog]-[197]-[Thread-98] <br>----------- xxl-job job callback fail, callbackResult:ReturnT [code=500, msg=xxl-rpc remoting fail, StatusCode(404) invalid. for url : http://localhost:8080/xxl-job-admin/api/callback, content=null]
2026-07-17 13:47:18 [com.xxl.job.core.thread.TriggerCallbackThread#callbackLog]-[197]-[Thread-98] <br>----------- xxl-job job callback fail, callbackResult:ReturnT [code=500, msg=xxl-rpc remoting fail, StatusCode(404) invalid. for url : http://localhost:8080/xxl-job-admin/api/callback, content=null]
2026-07-17 13:47:48 [com.xxl.job.core.thread.TriggerCallbackThread#callbackLog]-[197]-[Thread-98] <br>----------- xxl-job job callback fail, callbackResult:ReturnT [code=500, msg=xxl-rpc remoting fail, StatusCode(404) invalid. for url : http://localhost:8080/xxl-job-admin/api/callback, content=null]
2026-07-17 13:48:18 [com.xxl.job.core.thread.TriggerCallbackThread#callbackLog]-[197]-[Thread-98] <br>----------- xxl-job job callback fail, callbackResult:ReturnT [code=500, msg=xxl-rpc remoting fail, StatusCode(404) invalid. for url : http://localhost:8080/xxl-job-admin/api/callback, content=null]
2026-07-17 13:48:48 [com.xxl.job.core.thread.TriggerCallbackThread#callbackLog]-[197]-[Thread-98] <br>----------- xxl-job job callback fail, callbackResult:ReturnT [code=500, msg=xxl-rpc remoting fail, StatusCode(404) invalid. for url : http://localhost:8080/xxl-job-admin/api/callback, content=null]
2026-07-17 13:49:18 [com.xxl.job.core.thread.TriggerCallbackThread#callbackLog]-[197]-[Thread-98] <br>----------- xxl-job job callback fail, callbackResult:ReturnT [code=500, msg=xxl-rpc remoting fail, StatusCode(404) invalid. for url : http://localhost:8080/xxl-job-admin/api/callback, content=null]
2026-07-17 13:49:48 [com.xxl.job.core.thread.TriggerCallbackThread#callbackLog]-[197]-[Thread-98] <br>----------- xxl-job job callback fail, callbackResult:ReturnT [code=500, msg=xxl-rpc remoting fail, StatusCode(404) invalid. for url : http://localhost:8080/xxl-job-admin/api/callback, content=null]
2026-07-17 13:50:19 [com.xxl.job.core.thread.TriggerCallbackThread#callbackLog]-[197]-[Thread-98] <br>----------- xxl-job job callback fail, callbackResult:ReturnT [code=500, msg=xxl-rpc remoting fail, StatusCode(404) invalid. for url : http://localhost:8080/xxl-job-admin/api/callback, content=null]
2026-07-17 13:50:49 [com.xxl.job.core.thread.TriggerCallbackThread#callbackLog]-[197]-[Thread-98] <br>----------- xxl-job job callback fail, callbackResult:ReturnT [code=500, msg=xxl-rpc remoting fail, StatusCode(404) invalid. for url : http://localhost:8080/xxl-job-admin/api/callback, content=null]
2026-07-17 13:51:19 [com.xxl.job.core.thread.TriggerCallbackThread#callbackLog]-[197]-[Thread-98] <br>----------- xxl-job job callback fail, callbackResult:ReturnT [code=500, msg=xxl-rpc remoting fail, StatusCode(404) invalid. for url : http://localhost:8080/xxl-job-admin/api/callback, content=null]
2026-07-17 13:51:49 [com.xxl.job.core.thread.TriggerCallbackThread#callbackLog]-[197]-[Thread-98] <br>----------- xxl-job job callback fail, callbackResult:ReturnT [code=500, msg=xxl-rpc remoting fail, StatusCode(404) invalid. for url : http://localhost:8080/xxl-job-admin/api/callback, content=null]
2026-07-17 13:52:19 [com.xxl.job.core.thread.TriggerCallbackThread#callbackLog]-[197]-[Thread-98] <br>----------- xxl-job job callback fail, callbackResult:ReturnT [code=500, msg=xxl-rpc remoting fail, StatusCode(404) invalid. for url : http://localhost:8080/xxl-job-admin/api/callback, content=null]
2026-07-17 13:52:49 [com.xxl.job.core.thread.TriggerCallbackThread#callbackLog]-[197]-[Thread-98] <br>----------- xxl-job job callback fail, callbackResult:ReturnT [code=500, msg=xxl-rpc remoting fail, StatusCode(404) invalid. for url : http://localhost:8080/xxl-job-admin/api/callback, content=null]
2026-07-17 13:53:19 [com.xxl.job.core.thread.TriggerCallbackThread#callbackLog]-[197]-[Thread-98] <br>----------- xxl-job job callback fail, callbackResult:ReturnT [code=500, msg=xxl-rpc remoting fail, StatusCode(404) invalid. for url : http://localhost:8080/xxl-job-admin/api/callback, content=null]
2026-07-17 13:53:49 [com.xxl.job.core.thread.TriggerCallbackThread#callbackLog]-[197]-[Thread-98] <br>----------- xxl-job job callback fail, callbackResult:ReturnT [code=500, msg=xxl-rpc remoting fail, StatusCode(404) invalid. for url : http://localhost:8080/xxl-job-admin/api/callback, content=null]
2026-07-17 13:54:19 [com.xxl.job.core.thread.TriggerCallbackThread#callbackLog]-[197]-[Thread-98] <br>----------- xxl-job job callback fail, callbackResult:ReturnT [code=500, msg=xxl-rpc remoting fail, StatusCode(404) invalid. for url : http://localhost:8080/xxl-job-admin/api/callback, content=null]
2026-07-17 13:54:49 [com.xxl.job.core.thread.TriggerCallbackThread#callbackLog]-[197]-[Thread-98] <br>----------- xxl-job job callback fail, callbackResult:ReturnT [code=500, msg=xxl-rpc remoting fail, StatusCode(404) invalid. for url : http://localhost:8080/xxl-job-admin/api/callback, content=null]
2026-07-17 13:55:19 [com.xxl.job.core.thread.TriggerCallbackThread#callbackLog]-[197]-[Thread-98] <br>----------- xxl-job job callback fail, callbackResult:ReturnT [code=500, msg=xxl-rpc remoting fail, StatusCode(404) invalid. for url : http://localhost:8080/xxl-job-admin/api/callback, content=null]
2026-07-17 13:55:49 [com.xxl.job.core.thread.TriggerCallbackThread#callbackLog]-[197]-[Thread-98] <br>----------- xxl-job job callback fail, callbackResult:ReturnT [code=500, msg=xxl-rpc remoting fail, StatusCode(404) invalid. for url : http://localhost:8080/xxl-job-admin/api/callback, content=null]
2026-07-17 13:56:19 [com.xxl.job.core.thread.TriggerCallbackThread#callbackLog]-[197]-[Thread-98] <br>----------- xxl-job job callback fail, callbackResult:ReturnT [code=500, msg=xxl-rpc remoting fail, StatusCode(404) invalid. for url : http://localhost:8080/xxl-job-admin/api/callback, content=null]
2026-07-17 13:56:49 [com.xxl.job.core.thread.TriggerCallbackThread#callbackLog]-[197]-[Thread-98] <br>----------- xxl-job job callback fail, callbackResult:ReturnT [code=500, msg=xxl-rpc remoting fail, StatusCode(404) invalid. for url : http://localhost:8080/xxl-job-admin/api/callback, content=null]
2026-07-17 13:57:19 [com.xxl.job.core.thread.TriggerCallbackThread#callbackLog]-[197]-[Thread-98] <br>----------- xxl-job job callback fail, callbackResult:ReturnT [code=500, msg=xxl-rpc remoting fail, StatusCode(404) invalid. for url : http://localhost:8080/xxl-job-admin/api/callback, content=null]
2026-07-17 13:57:49 [com.xxl.job.core.thread.TriggerCallbackThread#callbackLog]-[197]-[Thread-98] <br>----------- xxl-job job callback fail, callbackResult:ReturnT [code=500, msg=xxl-rpc remoting fail, StatusCode(404) invalid. for url : http://localhost:8080/xxl-job-admin/api/callback, content=null]
2026-07-17 13:58:19 [com.xxl.job.core.thread.TriggerCallbackThread#callbackLog]-[197]-[Thread-98] <br>----------- xxl-job job callback fail, callbackResult:ReturnT [code=500, msg=xxl-rpc remoting fail, StatusCode(404) invalid. for url : http://localhost:8080/xxl-job-admin/api/callback, content=null]
2026-07-17 13:58:49 [com.xxl.job.core.thread.TriggerCallbackThread#callbackLog]-[197]-[Thread-98] <br>----------- xxl-job job callback fail, callbackResult:ReturnT [code=500, msg=xxl-rpc remoting fail, StatusCode(404) invalid. for url : http://localhost:8080/xxl-job-admin/api/callback, content=null]
2026-07-17 13:59:20 [com.xxl.job.core.thread.TriggerCallbackThread#callbackLog]-[197]-[Thread-98] <br>----------- xxl-job job callback fail, callbackResult:ReturnT [code=500, msg=xxl-rpc remoting fail, StatusCode(404) invalid. for url : http://localhost:8080/xxl-job-admin/api/callback, content=null]
2026-07-17 13:59:50 [com.xxl.job.core.thread.TriggerCallbackThread#callbackLog]-[197]-[Thread-98] <br>----------- xxl-job job callback fail, callbackResult:ReturnT [code=500, msg=xxl-rpc remoting fail, StatusCode(404) invalid. for url : http://localhost:8080/xxl-job-admin/api/callback, content=null]
2026-07-17 14:00:20 [com.xxl.job.core.thread.TriggerCallbackThread#callbackLog]-[197]-[Thread-98] <br>----------- xxl-job job callback fail, callbackResult:ReturnT [code=500, msg=xxl-rpc remoting fail, StatusCode(404) invalid. for url : http://localhost:8080/xxl-job-admin/api/callback, content=null]
2026-07-17 14:00:50 [com.xxl.job.core.thread.TriggerCallbackThread#callbackLog]-[197]-[Thread-98] <br>----------- xxl-job job callback fail, callbackResult:ReturnT [code=500, msg=xxl-rpc remoting fail, StatusCode(404) invalid. for url : http://localhost:8080/xxl-job-admin/api/callback, content=null]
2026-07-17 14:01:20 [com.xxl.job.core.thread.TriggerCallbackThread#callbackLog]-[197]-[Thread-98] <br>----------- xxl-job job callback fail, callbackResult:ReturnT [code=500, msg=xxl-rpc remoting fail, StatusCode(404) invalid. for url : http://localhost:8080/xxl-job-admin/api/callback, content=null]
2026-07-17 14:01:50 [com.xxl.job.core.thread.TriggerCallbackThread#callbackLog]-[197]-[Thread-98] <br>----------- xxl-job job callback fail, callbackResult:ReturnT [code=500, msg=xxl-rpc remoting fail, StatusCode(404) invalid. for url : http://localhost:8080/xxl-job-admin/api/callback, content=null]
2026-07-17 14:02:20 [com.xxl.job.core.thread.TriggerCallbackThread#callbackLog]-[197]-[Thread-98] <br>----------- xxl-job job callback fail, callbackResult:ReturnT [code=500, msg=xxl-rpc remoting fail, StatusCode(404) invalid. for url : http://localhost:8080/xxl-job-admin/api/callback, content=null]
2026-07-17 14:02:50 [com.xxl.job.core.thread.TriggerCallbackThread#callbackLog]-[197]-[Thread-98] <br>----------- xxl-job job callback fail, callbackResult:ReturnT [code=500, msg=xxl-rpc remoting fail, StatusCode(404) invalid. for url : http://localhost:8080/xxl-job-admin/api/callback, content=null]
2026-07-17 14:03:20 [com.xxl.job.core.thread.TriggerCallbackThread#callbackLog]-[197]-[Thread-98] <br>----------- xxl-job job callback fail, callbackResult:ReturnT [code=500, msg=xxl-rpc remoting fail, StatusCode(404) invalid. for url : http://localhost:8080/xxl-job-admin/api/callback, content=null]
2026-07-17 14:03:50 [com.xxl.job.core.thread.TriggerCallbackThread#callbackLog]-[197]-[Thread-98] <br>----------- xxl-job job callback fail, callbackResult:ReturnT [code=500, msg=xxl-rpc remoting fail, StatusCode(404) invalid. for url : http://localhost:8080/xxl-job-admin/api/callback, content=null]
2026-07-17 14:04:20 [com.xxl.job.core.thread.TriggerCallbackThread#callbackLog]-[197]-[Thread-98] <br>----------- xxl-job job callback fail, callbackResult:ReturnT [code=500, msg=xxl-rpc remoting fail, StatusCode(404) invalid. for url : http://localhost:8080/xxl-job-admin/api/callback, content=null]
2026-07-17 14:04:50 [com.xxl.job.core.thread.TriggerCallbackThread#callbackLog]-[197]-[Thread-98] <br>----------- xxl-job job callback fail, callbackResult:ReturnT [code=500, msg=xxl-rpc remoting fail, StatusCode(404) invalid. for url : http://localhost:8080/xxl-job-admin/api/callback, content=null]
2026-07-17 14:05:20 [com.xxl.job.core.thread.TriggerCallbackThread#callbackLog]-[197]-[Thread-98] <br>----------- xxl-job job callback fail, callbackResult:ReturnT [code=500, msg=xxl-rpc remoting fail, StatusCode(404) invalid. for url : http://localhost:8080/xxl-job-admin/api/callback, content=null]
2026-07-17 14:05:50 [com.xxl.job.core.thread.TriggerCallbackThread#callbackLog]-[197]-[Thread-98] <br>----------- xxl-job job callback fail, callbackResult:ReturnT [code=500, msg=xxl-rpc remoting fail, StatusCode(404) invalid. for url : http://localhost:8080/xxl-job-admin/api/callback, content=null]
2026-07-17 14:06:20 [com.xxl.job.core.thread.TriggerCallbackThread#callbackLog]-[197]-[Thread-98] <br>----------- xxl-job job callback fail, callbackResult:ReturnT [code=500, msg=xxl-rpc remoting fail, StatusCode(404) invalid. for url : http://localhost:8080/xxl-job-admin/api/callback, content=null]
2026-07-17 14:06:50 [com.xxl.job.core.thread.TriggerCallbackThread#callbackLog]-[197]-[Thread-98] <br>----------- xxl-job job callback fail, callbackResult:ReturnT [code=500, msg=xxl-rpc remoting fail, StatusCode(404) invalid. for url : http://localhost:8080/xxl-job-admin/api/callback, content=null]
2026-07-17 14:07:20 [com.xxl.job.core.thread.TriggerCallbackThread#callbackLog]-[197]-[Thread-98] <br>----------- xxl-job job callback fail, callbackResult:ReturnT [code=500, msg=xxl-rpc remoting fail, StatusCode(404) invalid. for url : http://localhost:8080/xxl-job-admin/api/callback, content=null]
2026-07-17 14:07:50 [com.xxl.job.core.thread.TriggerCallbackThread#callbackLog]-[197]-[Thread-98] <br>----------- xxl-job job callback fail, callbackResult:ReturnT [code=500, msg=xxl-rpc remoting fail, StatusCode(404) invalid. for url : http://localhost:8080/xxl-job-admin/api/callback, content=null]
2026-07-17 14:08:20 [com.xxl.job.core.thread.TriggerCallbackThread#callbackLog]-[197]-[Thread-98] <br>----------- xxl-job job callback fail, callbackResult:ReturnT [code=500, msg=xxl-rpc remoting fail, StatusCode(404) invalid. for url : http://localhost:8080/xxl-job-admin/api/callback, content=null]
2026-07-17 14:08:51 [com.xxl.job.core.thread.TriggerCallbackThread#callbackLog]-[197]-[Thread-98] <br>----------- xxl-job job callback fail, callbackResult:ReturnT [code=500, msg=xxl-rpc remoting fail, StatusCode(404) invalid. for url : http://localhost:8080/xxl-job-admin/api/callback, content=null]
2026-07-17 14:09:21 [com.xxl.job.core.thread.TriggerCallbackThread#callbackLog]-[197]-[Thread-98] <br>----------- xxl-job job callback fail, callbackResult:ReturnT [code=500, msg=xxl-rpc remoting fail, StatusCode(404) invalid. for url : http://localhost:8080/xxl-job-admin/api/callback, content=null]
2026-07-17 14:09:51 [com.xxl.job.core.thread.TriggerCallbackThread#callbackLog]-[197]-[Thread-98] <br>----------- xxl-job job callback fail, callbackResult:ReturnT [code=500, msg=xxl-rpc remoting fail, StatusCode(404) invalid. for url : http://localhost:8080/xxl-job-admin/api/callback, content=null]
2026-07-17 14:10:21 [com.xxl.job.core.thread.TriggerCallbackThread#callbackLog]-[197]-[Thread-98] <br>----------- xxl-job job callback fail, callbackResult:ReturnT [code=500, msg=xxl-rpc remoting fail, StatusCode(404) invalid. for url : http://localhost:8080/xxl-job-admin/api/callback, content=null]
2026-07-17 14:10:51 [com.xxl.job.core.thread.TriggerCallbackThread#callbackLog]-[197]-[Thread-98] <br>----------- xxl-job job callback fail, callbackResult:ReturnT [code=500, msg=xxl-rpc remoting fail, StatusCode(404) invalid. for url : http://localhost:8080/xxl-job-admin/api/callback, content=null]
2026-07-17 14:11:21 [com.xxl.job.core.thread.TriggerCallbackThread#callbackLog]-[197]-[Thread-98] <br>----------- xxl-job job callback fail, callbackResult:ReturnT [code=500, msg=xxl-rpc remoting fail, StatusCode(404) invalid. for url : http://localhost:8080/xxl-job-admin/api/callback, content=null]
2026-07-17 14:11:51 [com.xxl.job.core.thread.TriggerCallbackThread#callbackLog]-[197]-[Thread-98] <br>----------- xxl-job job callback fail, callbackResult:ReturnT [code=500, msg=xxl-rpc remoting fail, StatusCode(404) invalid. for url : http://localhost:8080/xxl-job-admin/api/callback, content=null]
2026-07-17 14:12:21 [com.xxl.job.core.thread.TriggerCallbackThread#callbackLog]-[197]-[Thread-98] <br>----------- xxl-job job callback fail, callbackResult:ReturnT [code=500, msg=xxl-rpc remoting fail, StatusCode(404) invalid. for url : http://localhost:8080/xxl-job-admin/api/callback, content=null]
2026-07-17 14:12:51 [com.xxl.job.core.thread.TriggerCallbackThread#callbackLog]-[197]-[Thread-98] <br>----------- xxl-job job callback fail, callbackResult:ReturnT [code=500, msg=xxl-rpc remoting fail, StatusCode(404) invalid. for url : http://localhost:8080/xxl-job-admin/api/callback, content=null]
2026-07-17 14:13:21 [com.xxl.job.core.thread.TriggerCallbackThread#callbackLog]-[197]-[Thread-98] <br>----------- xxl-job job callback fail, callbackResult:ReturnT [code=500, msg=xxl-rpc remoting fail, StatusCode(404) invalid. for url : http://localhost:8080/xxl-job-admin/api/callback, content=null]
2026-07-17 14:13:51 [com.xxl.job.core.thread.TriggerCallbackThread#callbackLog]-[197]-[Thread-98] <br>----------- xxl-job job callback fail, callbackResult:ReturnT [code=500, msg=xxl-rpc remoting fail, StatusCode(404) invalid. for url : http://localhost:8080/xxl-job-admin/api/callback, content=null]
2026-07-17 14:14:21 [com.xxl.job.core.thread.TriggerCallbackThread#callbackLog]-[197]-[Thread-98] <br>----------- xxl-job job callback fail, callbackResult:ReturnT [code=500, msg=xxl-rpc remoting fail, StatusCode(404) invalid. for url : http://localhost:8080/xxl-job-admin/api/callback, content=null]
2026-07-17 14:14:51 [com.xxl.job.core.thread.TriggerCallbackThread#callbackLog]-[197]-[Thread-98] <br>----------- xxl-job job callback fail, callbackResult:ReturnT [code=500, msg=xxl-rpc remoting fail, StatusCode(404) invalid. for url : http://localhost:8080/xxl-job-admin/api/callback, content=null]
2026-07-17 14:15:21 [com.xxl.job.core.thread.TriggerCallbackThread#callbackLog]-[197]-[Thread-98] <br>----------- xxl-job job callback fail, callbackResult:ReturnT [code=500, msg=xxl-rpc remoting fail, StatusCode(404) invalid. for url : http://localhost:8080/xxl-job-admin/api/callback, content=null]
2026-07-17 14:15:51 [com.xxl.job.core.thread.TriggerCallbackThread#callbackLog]-[197]-[Thread-98] <br>----------- xxl-job job callback fail, callbackResult:ReturnT [code=500, msg=xxl-rpc remoting fail, StatusCode(404) invalid. for url : http://localhost:8080/xxl-job-admin/api/callback, content=null]
2026-07-17 14:16:21 [com.xxl.job.core.thread.TriggerCallbackThread#callbackLog]-[197]-[Thread-98] <br>----------- xxl-job job callback fail, callbackResult:ReturnT [code=500, msg=xxl-rpc remoting fail, StatusCode(404) invalid. for url : http://localhost:8080/xxl-job-admin/api/callback, content=null]
2026-07-17 14:16:51 [com.xxl.job.core.thread.TriggerCallbackThread#callbackLog]-[197]-[Thread-98] <br>----------- xxl-job job callback fail, callbackResult:ReturnT [code=500, msg=xxl-rpc remoting fail, StatusCode(404) invalid. for url : http://localhost:8080/xxl-job-admin/api/callback, content=null]
2026-07-17 14:17:21 [com.xxl.job.core.thread.TriggerCallbackThread#callbackLog]-[197]-[Thread-98] <br>----------- xxl-job job callback fail, callbackResult:ReturnT [code=500, msg=xxl-rpc remoting fail, StatusCode(404) invalid. for url : http://localhost:8080/xxl-job-admin/api/callback, content=null]
2026-07-17 14:17:52 [com.xxl.job.core.thread.TriggerCallbackThread#callbackLog]-[197]-[Thread-98] <br>----------- xxl-job job callback fail, callbackResult:ReturnT [code=500, msg=xxl-rpc remoting fail, StatusCode(404) invalid. for url : http://localhost:8080/xxl-job-admin/api/callback, content=null]
2026-07-17 14:18:22 [com.xxl.job.core.thread.TriggerCallbackThread#callbackLog]-[197]-[Thread-98] <br>----------- xxl-job job callback fail, callbackResult:ReturnT [code=500, msg=xxl-rpc remoting fail, StatusCode(404) invalid. for url : http://localhost:8080/xxl-job-admin/api/callback, content=null]
2026-07-17 14:18:52 [com.xxl.job.core.thread.TriggerCallbackThread#callbackLog]-[197]-[Thread-98] <br>----------- xxl-job job callback fail, callbackResult:ReturnT [code=500, msg=xxl-rpc remoting fail, StatusCode(404) invalid. for url : http://localhost:8080/xxl-job-admin/api/callback, content=null]
2026-07-17 14:19:22 [com.xxl.job.core.thread.TriggerCallbackThread#callbackLog]-[197]-[Thread-98] <br>----------- xxl-job job callback fail, callbackResult:ReturnT [code=500, msg=xxl-rpc remoting fail, StatusCode(404) invalid. for url : http://localhost:8080/xxl-job-admin/api/callback, content=null]
2026-07-17 14:19:52 [com.xxl.job.core.thread.TriggerCallbackThread#callbackLog]-[197]-[Thread-98] <br>----------- xxl-job job callback fail, callbackResult:ReturnT [code=500, msg=xxl-rpc remoting fail, StatusCode(404) invalid. for url : http://localhost:8080/xxl-job-admin/api/callback, content=null]
2026-07-17 14:20:22 [com.xxl.job.core.thread.TriggerCallbackThread#callbackLog]-[197]-[Thread-98] <br>----------- xxl-job job callback fail, callbackResult:ReturnT [code=500, msg=xxl-rpc remoting fail, StatusCode(404) invalid. for url : http://localhost:8080/xxl-job-admin/api/callback, content=null]
2026-07-17 14:20:52 [com.xxl.job.core.thread.TriggerCallbackThread#callbackLog]-[197]-[Thread-98] <br>----------- xxl-job job callback fail, callbackResult:ReturnT [code=500, msg=xxl-rpc remoting fail, StatusCode(404) invalid. for url : http://localhost:8080/xxl-job-admin/api/callback, content=null]
2026-07-17 14:21:22 [com.xxl.job.core.thread.TriggerCallbackThread#callbackLog]-[197]-[Thread-98] <br>----------- xxl-job job callback fail, callbackResult:ReturnT [code=500, msg=xxl-rpc remoting fail, StatusCode(404) invalid. for url : http://localhost:8080/xxl-job-admin/api/callback, content=null]
2026-07-17 14:21:52 [com.xxl.job.core.thread.TriggerCallbackThread#callbackLog]-[197]-[Thread-98] <br>----------- xxl-job job callback fail, callbackResult:ReturnT [code=500, msg=xxl-rpc remoting fail, StatusCode(404) invalid. for url : http://localhost:8080/xxl-job-admin/api/callback, content=null]
2026-07-17 14:22:22 [com.xxl.job.core.thread.TriggerCallbackThread#callbackLog]-[197]-[Thread-98] <br>----------- xxl-job job callback fail, callbackResult:ReturnT [code=500, msg=xxl-rpc remoting fail, StatusCode(404) invalid. for url : http://localhost:8080/xxl-job-admin/api/callback, content=null]
2026-07-17 14:22:52 [com.xxl.job.core.thread.TriggerCallbackThread#callbackLog]-[197]-[Thread-98] <br>----------- xxl-job job callback fail, callbackResult:ReturnT [code=500, msg=xxl-rpc remoting fail, StatusCode(404) invalid. for url : http://localhost:8080/xxl-job-admin/api/callback, content=null]
2026-07-17 14:23:22 [com.xxl.job.core.thread.TriggerCallbackThread#callbackLog]-[197]-[Thread-98] <br>----------- xxl-job job callback fail, callbackResult:ReturnT [code=500, msg=xxl-rpc remoting fail, StatusCode(404) invalid. for url : http://localhost:8080/xxl-job-admin/api/callback, content=null]
2026-07-17 14:23:52 [com.xxl.job.core.thread.TriggerCallbackThread#callbackLog]-[197]-[Thread-98] <br>----------- xxl-job job callback fail, callbackResult:ReturnT [code=500, msg=xxl-rpc remoting fail, StatusCode(404) invalid. for url : http://localhost:8080/xxl-job-admin/api/callback, content=null]
2026-07-17 14:24:22 [com.xxl.job.core.thread.TriggerCallbackThread#callbackLog]-[197]-[Thread-98] <br>----------- xxl-job job callback fail, callbackResult:ReturnT [code=500, msg=xxl-rpc remoting fail, StatusCode(404) invalid. for url : http://localhost:8080/xxl-job-admin/api/callback, content=null]
2026-07-17 14:24:52 [com.xxl.job.core.thread.TriggerCallbackThread#callbackLog]-[197]-[Thread-98] <br>----------- xxl-job job callback fail, callbackResult:ReturnT [code=500, msg=xxl-rpc remoting fail, StatusCode(404) invalid. for url : http://localhost:8080/xxl-job-admin/api/callback, content=null]
2026-07-17 14:25:22 [com.xxl.job.core.thread.TriggerCallbackThread#callbackLog]-[197]-[Thread-98] <br>----------- xxl-job job callback fail, callbackResult:ReturnT [code=500, msg=xxl-rpc remoting fail, StatusCode(404) invalid. for url : http://localhost:8080/xxl-job-admin/api/callback, content=null]
2026-07-17 14:25:53 [com.xxl.job.core.thread.TriggerCallbackThread#callbackLog]-[197]-[Thread-98] <br>----------- xxl-job job callback fail, callbackResult:ReturnT [code=500, msg=xxl-rpc remoting fail, StatusCode(404) invalid. for url : http://localhost:8080/xxl-job-admin/api/callback, content=null]
2026-07-17 14:26:23 [com.xxl.job.core.thread.TriggerCallbackThread#callbackLog]-[197]-[Thread-98] <br>----------- xxl-job job callback fail, callbackResult:ReturnT [code=500, msg=xxl-rpc remoting fail, StatusCode(404) invalid. for url : http://localhost:8080/xxl-job-admin/api/callback, content=null]
2026-07-17 14:26:53 [com.xxl.job.core.thread.TriggerCallbackThread#callbackLog]-[197]-[Thread-98] <br>----------- xxl-job job callback fail, callbackResult:ReturnT [code=500, msg=xxl-rpc remoting fail, StatusCode(404) invalid. for url : http://localhost:8080/xxl-job-admin/api/callback, content=null]
2026-07-17 14:27:23 [com.xxl.job.core.thread.TriggerCallbackThread#callbackLog]-[197]-[Thread-98] <br>----------- xxl-job job callback fail, callbackResult:ReturnT [code=500, msg=xxl-rpc remoting fail, StatusCode(404) invalid. for url : http://localhost:8080/xxl-job-admin/api/callback, content=null]
2026-07-17 14:27:53 [com.xxl.job.core.thread.TriggerCallbackThread#callbackLog]-[197]-[Thread-98] <br>----------- xxl-job job callback fail, callbackResult:ReturnT [code=500, msg=xxl-rpc remoting fail, StatusCode(404) invalid. for url : http://localhost:8080/xxl-job-admin/api/callback, content=null]
2026-07-17 14:28:23 [com.xxl.job.core.thread.TriggerCallbackThread#callbackLog]-[197]-[Thread-98] <br>----------- xxl-job job callback fail, callbackResult:ReturnT [code=500, msg=xxl-rpc remoting fail, StatusCode(404) invalid. for url : http://localhost:8080/xxl-job-admin/api/callback, content=null]
2026-07-17 14:28:53 [com.xxl.job.core.thread.TriggerCallbackThread#callbackLog]-[197]-[Thread-98] <br>----------- xxl-job job callback fail, callbackResult:ReturnT [code=500, msg=xxl-rpc remoting fail, StatusCode(404) invalid. for url : http://localhost:8080/xxl-job-admin/api/callback, content=null]
2026-07-17 14:29:23 [com.xxl.job.core.thread.TriggerCallbackThread#callbackLog]-[197]-[Thread-98] <br>----------- xxl-job job callback fail, callbackResult:ReturnT [code=500, msg=xxl-rpc remoting fail, StatusCode(404) invalid. for url : http://localhost:8080/xxl-job-admin/api/callback, content=null]
2026-07-17 14:29:53 [com.xxl.job.core.thread.TriggerCallbackThread#callbackLog]-[197]-[Thread-98] <br>----------- xxl-job job callback fail, callbackResult:ReturnT [code=500, msg=xxl-rpc remoting fail, StatusCode(404) invalid. for url : http://localhost:8080/xxl-job-admin/api/callback, content=null]
2026-07-17 14:30:23 [com.xxl.job.core.thread.TriggerCallbackThread#callbackLog]-[197]-[Thread-98] <br>----------- xxl-job job callback fail, callbackResult:ReturnT [code=500, msg=xxl-rpc remoting fail, StatusCode(404) invalid. for url : http://localhost:8080/xxl-job-admin/api/callback, content=null]
2026-07-17 14:30:53 [com.xxl.job.core.thread.TriggerCallbackThread#callbackLog]-[197]-[Thread-98] <br>----------- xxl-job job callback fail, callbackResult:ReturnT [code=500, msg=xxl-rpc remoting fail, StatusCode(404) invalid. for url : http://localhost:8080/xxl-job-admin/api/callback, content=null]
2026-07-17 14:31:23 [com.xxl.job.core.thread.TriggerCallbackThread#callbackLog]-[197]-[Thread-98] <br>----------- xxl-job job callback fail, callbackResult:ReturnT [code=500, msg=xxl-rpc remoting fail, StatusCode(404) invalid. for url : http://localhost:8080/xxl-job-admin/api/callback, content=null]
2026-07-17 14:31:53 [com.xxl.job.core.thread.TriggerCallbackThread#callbackLog]-[197]-[Thread-98] <br>----------- xxl-job job callback fail, callbackResult:ReturnT [code=500, msg=xxl-rpc remoting fail, StatusCode(404) invalid. for url : http://localhost:8080/xxl-job-admin/api/callback, content=null]
2026-07-17 14:32:23 [com.xxl.job.core.thread.TriggerCallbackThread#callbackLog]-[197]-[Thread-98] <br>----------- xxl-job job callback fail, callbackResult:ReturnT [code=500, msg=xxl-rpc remoting fail, StatusCode(404) invalid. for url : http://localhost:8080/xxl-job-admin/api/callback, content=null]
2026-07-17 14:32:54 [com.xxl.job.core.thread.TriggerCallbackThread#callbackLog]-[197]-[Thread-98] <br>----------- xxl-job job callback fail, callbackResult:ReturnT [code=500, msg=xxl-rpc remoting fail, StatusCode(404) invalid. for url : http://localhost:8080/xxl-job-admin/api/callback, content=null]
2026-07-17 14:33:24 [com.xxl.job.core.thread.TriggerCallbackThread#callbackLog]-[197]-[Thread-98] <br>----------- xxl-job job callback fail, callbackResult:ReturnT [code=500, msg=xxl-rpc remoting fail, StatusCode(404) invalid. for url : http://localhost:8080/xxl-job-admin/api/callback, content=null]
2026-07-17 14:33:55 [com.xxl.job.core.thread.TriggerCallbackThread#callbackLog]-[197]-[Thread-98] <br>----------- xxl-job job callback fail, callbackResult:ReturnT [code=500, msg=xxl-rpc remoting fail, StatusCode(404) invalid. for url : http://localhost:8080/xxl-job-admin/api/callback, content=null]
2026-07-17 14:34:25 [com.xxl.job.core.thread.TriggerCallbackThread#callbackLog]-[197]-[Thread-98] <br>----------- xxl-job job callback fail, callbackResult:ReturnT [code=500, msg=xxl-rpc remoting fail, StatusCode(404) invalid. for url : http://localhost:8080/xxl-job-admin/api/callback, content=null]
